"title.variant","title.standard","strata","strata.label","notes"
"","NO TITLE","","",""
"AAA DIRECTOR","DIRECTOR","","",""
"AAC ATHLETE REPRESENTATIVE","BOARD MEMBER","","",""
"AAFP DELEGATE","BOARD MEMBER","","",""
"AAJ DELEGATE","BOARD MEMBER","","",""
"AAJ GOVERNOR","BOARD MEMBER","","",""
"AAJ PRESIDENT","BOARD MEMBER","","",""
"AAMD LEADERSHIP","BOARD MEMBER","","",""
"AAPAE REPRESENTATIVE","BOARD MEMBER","","",""
"AASSP DIRECTOR","BOARD MEMBER","","",""
"ABOTA REGIONAL AND APPOINTEE","BOARD MEMBER","","",""
"ABOTA REGIONAL APPOINTEE","BOARD MEMBER","","",""
"ACA CHAIR","BOARD MEMBER","committee","chair",""
"ACADEMICS","BOARD MEMBER","","",""
"ACADEMICS ADVISOR","BOARD MEMBER","","",""
"ACADEMICS AND BOARD MEMBER","BOARD MEMBER","","",""
"ACADEMICS BOARD MEMBER","BOARD MEMBER","","",""
"ACADEMICS CHAIR","BOARD MEMBER","committee","chair",""
"ACADEMICS DEAN","DEAN","","","2"
"ACADEMICS DIRECTOR","DIRECTOR","","",""
"ACADEMICS REPRESENTATIVE","BOARD MEMBER","","",""
"ACADEMICS TRUSTEE","BOARD MEMBER","","",""
"ACCELERATOR","BOARD MEMBER","","",""
"ACCELERATOR CHAIR","BOARD MEMBER","committee","chair",""
"ACCOMPANIST","MUSICIAN","","",""
"ACCOUNT EXECUTIVE","MARKETING","","",""
"ACCOUNT MANAGER","MANAGER","","",""
"ACCOUNTANT","ACCOUNTANT","","","*if no officer flag"
"ACCOUNTANT AND SENIOR","ACCOUNTANT","","",""
"ACCOUNTING","ACCOUNTANT","","",""
"ACCOUNTING AND FINANCE DIRECTOR","DIRECTOR","","",""
"ACCOUNTING DIRECTOR","ACCOUNTING DIRECTOR","","",""
"ACCOUNTING LEAD SENIOR","ACCOUNTANT","","",""
"ACCOUNTING M","FINANCE MANAGER","","",""
"ACCOUNTING MANAGER","FINANCE MANAGER","","",""
"ACCOUNTING SUPERVISOR","FINANCE MANAGER","","",""
"ACCREDITATION DIRECTOR","DIRECTOR","","",""
"ACCT MANAGER","MANAGER","","",""
"ACCT MANAGER EXECUTIVE","MANAGER","","",""
"ACCT REPRESENTATIVE","BOARD MEMBER","","",""
"ACCTG MANAGER","MANAGER","","",""
"ACE COORDINATOR","BOARD MEMBER","","",""
"ACG REGIONAL","BOARD MEMBER","","",""
"ACLO AND ASSISTANT S","ATTORNEY","","",""
"ACON","BOARD MEMBER","","",""
"ACPTA REPRESENTATIVE","BOARD MEMBER","","",""
"ACR COUNCILOR","BOARD MEMBER","","",""
"ACS DIRECTOR","DIRECTOR","","",""
"ACTIVE","BOARD MEMBER","","",""
"ACTIVE BOV MEMBER","BOARD MEMBER","","",""
"ACTIVE CHAIR","BOARD MEMBER","committee","chair",""
"ACTIVE DIRECTOR","DIRECTOR","","",""
"ACTIVE MEMBER","BOARD MEMBER","","",""
"ACTIVE PRESIDENT","BOARD MEMBER","","",""
"ACTIVE TRUSTEE","BOARD MEMBER","","",""
"ACTIVITIES","BOARD MEMBER","","",""
"ACTIVITIES CHAIR","BOARD MEMBER","committee","chair","2"
"ACTIVITIES COORDINATOR","BOARD MEMBER","","",""
"ACTIVITIES DIRECTOR","DIRECTOR","","",""
"ACTIVITY DIRECTOR","DIRECTOR","","",""
"ACTOR","ACTOR","","",""
"ACTUARY","ACTUARY","","",""
"AD","BOARD MEMBER","","",""
"AD HOC","BOARD MEMBER","duplex","adhoc","*4 or fewer occurences begin here"
"AD HOC DIRECTOR","DIRECTOR","","",""
"AD HOC MEMBER","BOARD MEMBER","","",""
"AD PERSONAM","BOARD MEMBER","","",""
"ADA DELEGATE","BOARD MEMBER","","",""
"ADDITIONAL DIRECTOR","DIRECTOR","","",""
"ADIVSORY BOARD","BOARD MEMBER","subordinate","advisory","2"
"ADJ","BOARD SECRETARY","","",""
"ADJUANT","BOARD SECRETARY","","",""
"ADJUCTANT","BOARD SECRETARY","","",""
"ADJUDANT","BOARD SECRETARY","","",""
"ADJUDENT","BOARD SECRETARY","","",""
"ADJUNCT","BOARD SECRETARY","","",""
"ADJUNCT TRUSTEE","BOARD MEMBER","","",""
"ADJUNTANT","BOARD SECRETARY","","",""
"ADJUSTANT","BOARD SECRETARY","","",""
"ADJUTANT","BOARD SECRETARY","","",""
"ADJUTANT AND DIRECTOR","BOARD SECRETARY","","",""
"ADJUTANT AND FINANCE","BOARD SECRETARY","","",""
"ADJUTANT AND FINANCE OFFICER","BOARD SECRETARY","","",""
"ADJUTANT AND SECRETARY","BOARD SECRETARY","","",""
"ADJUTANT AND TREASURER","BOARD TREASURER","","",""
"ADJUTANT GENERAL","CHIEF ADMINISTRATIVE OFFICER","","",""
"ADMINISTRATION","ADMINISTRATOR","","",""
"ADMINISTRATION AND DIRECTOR","DIRECTOR","","",""
"ADMINISTRATION AND SECRETARY","BOARD SECRETARY","","",""
"ADMINISTRATION ASSISTANT","ADMINISTRATIVE ASSISTANT","","",""
"ADMINISTRATION CHAIR","BOARD MEMBER","","",""
"ADMINISTRATION CHIEF","CHIEF","","",""
"ADMINISTRATION COMMITTEE","BOARD MEMBER","","",""
"ADMINISTRATION COMMITTEE MEMBER","BOARD MEMBER","committee","member",""
"ADMINISTRATION COORDINATOR","COORDINATOR","","",""
"ADMINISTRATION DIRECTOR","DIRECTOR OF ADMINISTRATION","","","9"
"ADMINISTRATION HOSPICE PHYSICIAN","DOCTOR","","","2"
"ADMINISTRATION MANAGER","MANAGER","","",""
"ADMINISTRATION OFFICER","ADMINISTRATION OFFICER","","",""
"ADMINISTRATION REPRESENTATIVE","BOARD MEMBER","","",""
"ADMINISTRATION SECRETARY","BOARD SECRETARY","","",""
"ADMINISTRATION TREASURER","BOARD TREASURER","","",""
"ADMINISTRATION VICE CHAIR","BOARD VICE PRESIDENT","","",""
"ADMINISTRATION VICE PRESIDENT","BOARD VICE PRESIDENT","","",""
"ADMINISTRATIVE","BOARD MEMBER","","",""
"ADMINISTRATIVE ASSISTANT","ADMINISTRATIVE ASSISTANT","","",""
"ADMINISTRATIVE COMMITTEE","BOARD MEMBER","","",""
"ADMINISTRATIVE COMMITTEE MEMBER","BOARD MEMBER","committee","member",""
"ADMINISTRATIVE COORDINATOR","COORDINATOR","","",""
"ADMINISTRATIVE DIRECTOR","DIRECTOR OF ADMINISTRATION","","","5"
"ADMINISTRATIVE DIRECTOR OF OPERATIONS","DIRECTOR","","",""
"ADMINISTRATIVE MANAGER","MANAGER","","",""
"ADMINISTRATIVE OFFICER","ADMINISTRATION OFFICER","","",""
"ADMINISTRATIVE SECRETARY","BOARD SECRETARY","","",""
"ADMINISTRATIVE SERVICES MANAGER","MANAGER","","",""
"ADMINISTRATIVE STAFF","STAFF","","",""
"ADMINISTRATIVE SUPPORT","BOARD MEMBER","","",""
"ADMINISTRATIVE VICE CHAIR","BOARD VICE PRESIDENT","","",""
"ADMINISTRATIVE VICE PRESIDENT","BOARD VICE PRESIDENT","","",""
"ADMINISTRATOR","ADMINISTRATOR","","",""
"ADMIRAL","BOARD PRESIDENT","","",""
"ADMISSIONS CHAIR","BOARD MEMBER","","",""
"ADMISSIONS DIRECTOR","DIRECTOR","","",""
"ADOPTION COO","BOARD MEMBER","","",""
"ADOPTION COORDINATOR","BOARD MEMBER","","",""
"ADOPTION DIRECTOR","DIRECTOR","","",""
"ADOPTION MANAGER","MANAGER","","",""
"ADOPTIONS DIRECTOR","DIRECTOR","","",""
"ADULT ADVISOR","BOARD MEMBER","","",""
"ADULT REPRESENTATIVE","BOARD MEMBER","","",""
"ADULT TEAMS DOCENT COUNCIL","BOARD MEMBER","","",""
"ADULT TREASURER","BOARD TREASURER","","",""
"ADVANCEMENT BOARD","BOARD MEMBER","","",""
"ADVANCEMENT BOARD MEMBER","BOARD MEMBER","","",""
"ADVANCEMENT BOARDMEMBER","BOARD MEMBER","","",""
"ADVANCEMENT CHAIR","BOARD MEMBER","","",""
"ADVANCEMENT COMMITTEE","BOARD MEMBER","","",""
"ADVANCEMENT COMMITTEE CHAIR","BOARD MEMBER","committee","chair",""
"ADVANCEMENT COUNCIL","BOARD MEMBER","","",""
"ADVANCEMENT DIRECTOR","DIRECTOR OF DEVELOPMENT","","","2"
"ADVANCEMENT OFFICER","DEVELOPMENT OFFICER","","",""
"ADVANCEMENT PRACTICE NURSE","NURSE","","",""
"ADVERTISING","BOARD MEMBER","","",""
"ADVERTISING CHAIR","BOARD MEMBER","committee","chair",""
"ADVERTISING MANAGER","MANAGER","","",""
"ADVISER","BOARD MEMBER","","",""
"ADVISING DIRECTOR","DIRECTOR","","",""
"ADVISOR","BOARD MEMBER","","",""
"ADVISOR AND","ADVISOR","","","2"
"ADVISOR DIRECTOR","DIRECTOR","","",""
"ADVISOR PENN UNIV","ADVISOR","","","2"
"ADVISOR REPRESENTATIVE","BOARD MEMBER","","",""
"ADVISOR TO BOARD","BOARD MEMBER","","",""
"ADVISOR TO PRESIDENT","ADVISOR","","",""
"ADVISORS","BOARD MEMBER","","",""
"ADVISORY","BOARD MEMBER","duplex","advisory",""
"ADVISORY BOARD","BOARD MEMBER","duplex","advisory",""
"ADVISORY BOARD CHAIR","BOARD PRESIDENT","duplex","advisory",""
"ADVISORY BOARD CHAIR AND JWVA","BOARD MEMBER","committee","chair",""
"ADVISORY BOARD MEMBER","BOARD MEMBER","duplex","advisory",""
"ADVISORY BOARD OF DIRECTOR","DIRECTOR","duplex","advisory",""
"ADVISORY CHAIR","BOARD MEMBER","","",""
"ADVISORY COMMITTEE","BOARD MEMBER","","",""
"ADVISORY COMMITTEE MEMBER","BOARD MEMBER","duplex","advisory",""
"ADVISORY COUNCI","BOARD MEMBER","","",""
"ADVISORY COUNCIL","BOARD MEMBER","duplex","advisory",""
"ADVISORY COUNCIL CHAIR","BOARD MEMBER","","",""
"ADVISORY COUNCIL MEMBER","BOARD MEMBER","","",""
"ADVISORY COUNCIL REPRESENTATIVE","BOARD MEMBER","","",""
"ADVISORY DIRECTOR","BOARD MEMBER","","",""
"ADVISORY MEMBER","BOARD MEMBER","duplex","advisory",""
"ADVISORY TRUSTEE","BOARD MEMBER","duplex","advisory",""
"ADVOCA","BOARD MEMBER","","",""
"ADVOCACY","BOARD MEMBER","","",""
"ADVOCACY CHAIR","BOARD MEMBER","committee","chair",""
"ADVOCACY COMMITTEE CHAIR","BOARD MEMBER","committee","chair",""
"ADVOCACY DIRECTOR","DIRECTOR","","",""
"ADVOCACY REPRESENTATIVE","BOARD MEMBER","","",""
"ADVOCATE","BOARD MEMBER","","","8"
"AFFILIATE","BOARD MEMBER","","",""
"AFFILIATE DIRECTOR","BOARD MEMBER","","",""
"AFFILIATE MEMBER","BOARD MEMBER","","",""
"AFFILIATE PRESIDENT","BOARD MEMBER","","",""
"AFFILIATE RE","BOARD MEMBER","","",""
"AFFILIATE REPRESENTATIVE","BOARD MEMBER","","",""
"AFFILIATED REPRESENTATIVE","BOARD MEMBER","","",""
"AFSCME","BOARD MEMBER","","",""
"AFSCME CHAIR RU","BOARD MEMBER","","","5"
"AGC","GENERAL COUNSEL","","",""
"AGC NAT DIRECTOR","DIRECTOR","","",""
"AGE DIRECTOR","DIRECTOR","","",""
"AGE GROUP CHAIR","BOARD MEMBER","","",""
"AGE GROUP VICE CHAIR","BOARD VICE PRESIDENT","","",""
"AGE REPRESENTATIVE","BOARD MEMBER","","",""
"AGENCY DIRECTOR","DIRECTOR","","",""
"AGENCY MANAGER","MANAGER","","",""
"AGENCY REPRESENTATIVE","BOARD MEMBER","","",""
"AGENT","BOARD MEMBER","","",""
"AGENT OF PLN ADMINISTRATOR","BOARD MEMBER","","",""
"AIDE","ASSISTANT","","",""
"AIR FORCE MEMBER","MILITARY","","","2"
"AKC DELEGATE","BOARD MEMBER","","",""
"ALA COUNCILOR","BOARD MEMBER","","",""
"ALBION OF REGIONAL","NO TITLE","","",""
"ALC MEMBER","BOARD MEMBER","","",""
"ALDERMAN","BOARD MEMBER","","",""
"ALL MEMBER EXPERIENCE DIRECTOR","BOARD MEMBER","","",""
"ALLIANCE DIRECTOR","DIRECTOR","","",""
"ALLIED","BOARD MEMBER","","",""
"ALLIED BOARD MEMBER","BOARD MEMBER","","",""
"ALLIED DIRECTOR","DIRECTOR","","",""
"ALLIED INDUSTRY REPRESENTATIVE","INDUSTRY REPRESENTATIVE","","","4"
"ALLIED MEMBER","BOARD MEMBER","","",""
"ALLIED MEMBER DIRECTOR","DIRECTOR","","",""
"ALLIED REPRESENTATIVE","BOARD MEMBER","","",""
"ALLOCATED DIRECTOR","BOARD MEMBER","","",""
"ALLOCATED DIRECTOR DATE","BOARD MEMBER","","",""
"ALLOCATIONS","BOARD MEMBER","","",""
"ALLOCATIONS CHAIR","BOARD MEMBER","","",""
"ALMONER","BOARD MEMBER","","",""
"ALPHA","BOARD MEMBER","","",""
"ALPHA BETA","BOARD MEMBER","","",""
"ALPHA CHI","BOARD MEMBER","","",""
"ALPHA ETA","BOARD MEMBER","","",""
"ALPHA EXPERIENCE COORDINATOR","BOARD MEMBER","","",""
"ALPHA GAMMA","BOARD MEMBER","","",""
"ALPHA IOTA","BOARD MEMBER","","",""
"ALPHA KAPPA","BOARD MEMBER","","",""
"ALPHA MU","BOARD MEMBER","","",""
"ALPHA NU","BOARD MEMBER","","",""
"ALPHA OMEGA","BOARD MEMBER","","",""
"ALPHA OMICRON","BOARD MEMBER","","",""
"ALPHA PHI","BOARD MEMBER","","",""
"ALPHA PI","BOARD MEMBER","","",""
"ALPHA PSI","BOARD MEMBER","","",""
"ALPHA TAU","BOARD MEMBER","","",""
"ALPHA UPSILON","BOARD MEMBER","","",""
"ALT","ALTERNATE","","","2"
"ALT BOARD MEMBER","BOARD MEMBER","duplex","alternate","4"
"ALT CHAIR","BOARD MEMBER","","",""
"ALT COUNCILOR","BOARD MEMBER","","",""
"ALT DELEGAT","BOARD MEMBER","","",""
"ALT DELEGATE","BOARD MEMBER","","",""
"ALT DIRECTOR","BOARD MEMBER","duplex","alternate",""
"ALT LABOR TRUSTEE","BOARD MEMBER","","",""
"ALT MANAGEMENT TRUSTEE","BOARD MEMBER","","",""
"ALT REGIONAL DIRECTOR","BOARD MEMBER","","",""
"ALT TRUSTEE","BOARD MEMBER","","","6"
"ALT UNION TRUSTEE","BOARD MEMBER","","",""
"ALTERNATE","BOARD MEMBER","duplex","alternate",""
"ALTERNATE BOARD MEMBER","BOARD MEMBER","","",""
"ALTERNATE CHAIR","BOARD VICE PRESIDENT","","",""
"ALTERNATE COUNCILOR","BOARD MEMBER","duplex","alternate",""
"ALTERNATE DE","BOARD MEMBER","","",""
"ALTERNATE DELEGATE","BOARD MEMBER","duplex","alternate",""
"ALTERNATE DIRECTOR","BOARD MEMBER","duplex","alternate",""
"ALTERNATE EMPLOYER TRUSTEE","BOARD MEMBER","","",""
"ALTERNATE GOVERNOR","BOARD MEMBER","","",""
"ALTERNATE LABOR TRUSTEE","BOARD MEMBER","","",""
"ALTERNATE MEMBER","BOARD MEMBER","","",""
"ALTERNATE REGIONAL BOARD MEMBER","BOARD MEMBER","","",""
"ALTERNATE REGIONAL DIRECTOR","DIRECTOR","regional","regional",""
"ALTERNATE SECRETARY","BOARD MEMBER","","",""
"ALTERNATE TREASURER","BOARD MEMBER","duplex","alternate",""
"ALTERNATE TRUSTEE","BOARD MEMBER","","","7"
"ALTERNATE UNION TRUSTEE","BOARD MEMBER","","",""
"ALTERNATIVE","BOARD MEMBER","","",""
"ALTERNATIVE BOARD MEMBER","BOARD MEMBER","duplex","advisory",""
"ALTERNATIVE DIRECTOR","DIRECTOR","","",""
"ALUMNA TRUSTEE","BOARD MEMBER","","",""
"ALUMNAE DIRECTOR","DIRECTOR","","",""
"ALUMNI","BOARD MEMBER","","",""
"ALUMNI ADVISOR","BOARD MEMBER","","",""
"ALUMNI ASSOCIATION PRESIDENT","BOARD MEMBER","","",""
"ALUMNI BOARD","BOARD MEMBER","","",""
"ALUMNI CHAIR","BOARD MEMBER","","",""
"ALUMNI COUNCIL MEMBER","BOARD MEMBER","","",""
"ALUMNI DIRECTOR","DIRECTOR","","",""
"ALUMNI LIAISON","BOARD MEMBER","","",""
"ALUMNI PRESIDENT","BOARD MEMBER","","",""
"ALUMNI RELATIONS","BOARD MEMBER","","",""
"ALUMNI RELATIONS CHAIR","BOARD MEMBER","","",""
"ALUMNI REPRESENTATIVE","BOARD MEMBER","","",""
"ALUMNI SECRETARY","BOARD SECRETARY","","",""
"ALUMNI TREASURER","BOARD TREASURER","","",""
"ALUMNI TRUSTEE","BOARD MEMBER","","",""
"AMA ALTERNATE","BOARD MEMBER","","",""
"AMA ALTERNATE DELEGATE","BOARD MEMBER","","",""
"AMA DELEGATE","BOARD MEMBER","","",""
"AMBASSADOR","AMBASSADOR","","",""
"AMBASSADOR CHAIR","BOARD MEMBER","","",""
"AMBULANCE CHIEF","CHIEF","","",""
"AMBULANCE DIRECTOR","DIRECTOR","","",""
"AMERICANISM","BOARD MEMBER","","",""
"ANALYST LBA","ANALYST","","",""
"AND DIRECTOR","DIRECTOR","","",""
"AND O AND TRUSTEE TITLES","NO TITLE","","",""
"AND PRESIDENT","BOARD MEMBER","","",""
"AND TREASURER","BOARD MEMBER","","",""
"ANESTHESIOLOGIST","DOCTOR","","","5"
"ANESTHETIST","NURSE","","",""
"ANNOTATOR","BOARD MEMBER","","",""
"ANONYMOUS DIRECTOR","DIRECTOR","","",""
"AP TREASURER","BOARD TREASURER","","",""
"APA ASSEMBLY REPRESENTATIVE","BOARD MEMBER","","",""
"APA COUNCIL REPRESENTATIVE","BOARD MEMBER","","",""
"APA REPRESENTATIVE","BOARD MEMBER","","",""
"APN","NURSE","","",""
"APPAREL","BOARD MEMBER","","",""
"APPAREL COORDINATOR","BOARD MEMBER","","",""
"APPAREL DIRECTOR","DIRECTOR","","",""
"APPNTD DIRECTOR","DIRECTOR","","",""
"APPOINTED","BOARD MEMBER","","",""
"APPOINTED BOARD MEMBER","BOARD MEMBER","","",""
"APPOINTED DIRECTOR","BOARD MEMBER","","",""
"APPOINTED MEMBER","BOARD MEMBER","","",""
"APPOINTED TRUSTEE","BOARD MEMBER","","",""
"APPOINTEE","BOARD MEMBER","","",""
"APPOINTMENT","BOARD MEMBER","","",""
"APPRENTICE COORDINATOR","TRAINING COORDINATOR","","",""
"APPRENTICE DIRECTOR","DIRECTOR","","",""
"APRN","NURSE","","","4"
"AQUATICS DIRECTOR","DIRECTOR","","",""
"AR DEPUTY OF AGRICULTURE REPRESENTATIVE","BOARD MEMBER","subordinate","deputy",""
"AR LARGE MEMBER","BOARD MEMBER","","",""
"AR TREASURER","BOARD TREASURER","","",""
"ARCHITECT","ARCHITECT","","",""
"ARCHIVES","BOARD MEMBER","","",""
"ARCHIVES CHAIR","BOARD MEMBER","committee","chair",""
"ARCHIVES DIRECTOR","ARCHIVES DIRECTOR","","",""
"ARCHIVIST","ARCHIVIST","","",""
"ARCHON","BOARD PRESIDENT","","",""
"ARENA DIRECTOR","DIRECTOR","","",""
"ARMY MEMBER","MILITARY","","","2"
"ARMY REGIONAL EXECUTIVE COMMITTEE","BOARD MEMBER","regional","regional",""
"ARNP","NURSE","","","4"
"ARRANGEMENTS","BOARD MEMBER","","",""
"ARTIST","ARTIST","","",""
"ARTISTIC ADVISOR","BOARD MEMBER","","",""
"ARTISTIC CHAIR","BOARD MEMBER","","",""
"ARTISTIC CO-DIRECTOR","DIRECTOR","duplex","co",""
"ARTISTIC DIRECTOR","ARTISTIC DIRECTOR","","",""
"ARTISTIC LIAISON","ARTISTIC LIAISON","","",""
"ARTISTIC REPRESENTATIVE","BOARD MEMBER","","",""
"ASA DELEGATE","BOARD MEMBER","","",""
"ASA DIRECTOR","DIRECTOR","","",""
"ASCENDING DIRECTOR","DIRECTOR","","",""
"ASS DIRECTOR","ASSISTANT DIRECTOR","","",""
"ASS SECRETARY","ASSISTANT SECRETARY","","",""
"ASS TREASURER","BOARD TREASURER","","",""
"ASS'TRUSTEE CHIEF","CHIEF","","",""
"ASS'TRUSTEE CORP SECRETARY","ASSISTANT SECRETARY","","",""
"ASS'TRUSTEE SECRETARY","ASSISTANT SECRETARY","","",""
"ASS'TRUSTEE TO PRESIDENT","ASSISTANT","","",""
"ASS'TRUSTEE TREASURER","BOARD TREASURER","","",""
"ASSEMBLY CHAIR","BOARD MEMBER","committee","chair",""
"ASSEMBLY DELEGATE","BOARD MEMBER","","",""
"ASSEMBLY MEMBER","BOARD MEMBER","","",""
"ASSEMBLY REPRESENTATIVE","BOARD MEMBER","","",""
"ASSEMBLY REPRESENTATIVE TO COUNCIL","BOARD MEMBER","","",""
"ASSET MANAGEMENT DIRECTOR","DIRECTOR","","",""
"ASSET MANAGER","MANAGER","","",""
"ASSISTANT","ASSISTANT","","",""
"ASSISTANT ADJUTANT","BOARD SECRETARY","","",""
"ASSISTANT ADMINISTRATION","ADMINISTRATOR","","",""
"ASSISTANT ADMINISTRATOR","ADMINISTRATOR","","",""
"ASSISTANT ARTISTIC DIRECTOR","DIRECTOR","subordinate","assistant",""
"ASSISTANT ATHLETIC DIRECTOR","DIRECTOR","subordinate","assistant",""
"ASSISTANT BAND DIRECTOR","DIRECTOR","subordinate","assistant",""
"ASSISTANT BOARD CHAIR","BOARD VICE PRESIDENT","","",""
"ASSISTANT BOARD OF DIRECTOR","DIRECTOR","subordinate","assistant",""
"ASSISTANT BUILDING REPRESENTATIVE","BOARD MEMBER","subordinate","assistant",""
"ASSISTANT BUSINESS","ASSISTANT BUSINESS AGENT","","",""
"ASSISTANT BUSINESS AGENT","BUSINESS AGENT","subordinate","assistant",""
"ASSISTANT BUSINESS MANAGER","BUSINESS MANAGER","subordinate","assistant","4"
"ASSISTANT BUSINESS MANAGER AND E BOARD","MANAGER","subordinate","assistant",""
"ASSISTANT BUSINESS REPRESENTATIVE","BOARD MEMBER","subordinate","assistant",""
"ASSISTANT CAMP DIRECTOR","DIRECTOR","subordinate","assistant",""
"ASSISTANT CAPTAIN","FIRE OFFICER","","",""
"ASSISTANT CEO","DEPUTY DIRECTOR","subordinate","assistant",""
"ASSISTANT CFO","FINANCE OFFICER","","",""
"ASSISTANT CHAIR","BOARD MEMBER","committee","chair","6"
"ASSISTANT CHAPLAIN","BOARD MEMBER","","",""
"ASSISTANT CHEER DIRECTOR","DIRECTOR","subordinate","assistant",""
"ASSISTANT CHEIF","FIRE OFFICER","","",""
"ASSISTANT CHI","FIRE OFFICER","subordinate","assistant",""
"ASSISTANT CHIEF","FIRE OFFICER","subordinate","assistant","48"
"ASSISTANT CHIEF AND BOARD","CHIEF","subordinate","assistant",""
"ASSISTANT CHIEF AND BOARD MEMBER","CHIEF","subordinate","assistant",""
"ASSISTANT CHIEF AND DIRECTOR","DIRECTOR","subordinate","assistant",""
"ASSISTANT CHIEF AND TREASURER","CHIEF","subordinate","assistant",""
"ASSISTANT CHIEF AND TRUSTEE","CHIEF","subordinate","assistant",""
"ASSISTANT CHIEF ENGINEER","CHIEF","subordinate","assistant",""
"ASSISTANT CHIEF STEWARD","CHIEF","subordinate","assistant",""
"ASSISTANT CLERK","BOARD SECRETARY","subordinate","",""
"ASSISTANT CLERK CRAFT DIRECTOR","DIRECTOR","subordinate","assistant",""
"ASSISTANT CLUB DIRECTOR","DIRECTOR","subordinate","assistant",""
"ASSISTANT COACH","COACH","","",""
"ASSISTANT COMMISS","BOARD MEMBER","","",""
"ASSISTANT CONTROLLER","COMPTROLLER","","",""
"ASSISTANT COORDINATOR","BOARD MEMBER","subordinate","assistant",""
"ASSISTANT CORP SECRETARY","ASSISTANT SECRETARY","","",""
"ASSISTANT CORPORATE SECRETARY","ASSISTANT SECRETARY","","",""
"ASSISTANT CORRESPONDING SECRETARY","ASSISTANT SECRETARY","","",""
"ASSISTANT CRAFT DIRECTOR","DIRECTOR","subordinate","assistant",""
"ASSISTANT CURATOR","CURATOR","subordinate","assistant",""
"ASSISTANT DEAN","DEAN","","",""
"ASSISTANT DENTAL DIRECTOR","DIRECTOR","subordinate","assistant",""
"ASSISTANT DIRECTOR","ASSISTANT DIRECTOR","subordinate","assistant","*if trustee flag"
"ASSISTANT DIRECTOR OF BUSINESS REPRESENTATIVE","DIRECTOR","subordinate","assistant",""
"ASSISTANT DIRECTOR OF CLAIMS","DIRECTOR","subordinate","assistant",""
"ASSISTANT DIRECTOR OF COMPLIANCE AND IT","DIRECTOR","subordinate","assistant",""
"ASSISTANT DIRECTOR OF FINANCE","DIRECTOR","subordinate","assistant",""
"ASSISTANT DIRECTOR OF MARKETING","DIRECTOR","subordinate","assistant",""
"ASSISTANT DIRECTOR OF NURS","DIRECTOR","subordinate","assistant",""
"ASSISTANT DIRECTOR OF NURSING","DIRECTOR","subordinate","assistant",""
"ASSISTANT DIRECTOR OF OPERATIONS","DIRECTOR","subordinate","assistant",""
"ASSISTANT DIRECTOR OF PROGRAMS","DIRECTOR","subordinate","assistant",""
"ASSISTANT DIVISION DIRECTOR","DIRECTOR","subordinate","assistant",""
"ASSISTANT EDITOR","EDITOR","","",""
"ASSISTANT ENGINEER","FIRE OFFICER","","",""
"ASSISTANT EXECUTIVE","ASSISTANT CEO","","",""
"ASSISTANT EXECUTIVE DIRECTOR","ASSISTANT CEO","","",""
"ASSISTANT EXECUTIVE SECRETARY","EXECUTIVE SECRETARY","","",""
"ASSISTANT FEDERAL DEFENDER","ATTORNEY","","",""
"ASSISTANT FINANCE","BOARD TREASURER","","",""
"ASSISTANT FINANCE DIRECTOR","DIRECTOR","subordinate","assistant",""
"ASSISTANT FINANCE OFFICER","BOARD TREASURER","","",""
"ASSISTANT FINANCE SECRETARY","FINANCIAL SECRETARY","","",""
"ASSISTANT FIRE CHAIR","FIRE OFFICER","","",""
"ASSISTANT FIRE CHIEF","FIRE OFFICER","subordinate","assistant",""
"ASSISTANT FOOTBALL COACH","COACH","","",""
"ASSISTANT FUND MANAGER","INVESTMENT OFFICER","","",""
"ASSISTANT GAMB MANAGER","MANAGER","subordinate","assistant",""
"ASSISTANT GAMBLING MANAGER","MANAGER","subordinate","assistant",""
"ASSISTANT GENERAL COUNSEL","GENERAL COUNSEL","subordinate","","4"
"ASSISTANT GENERAL MANAGER","GENERAL MANAGER","subordinate","","4"
"ASSISTANT GENERAL SECRETARY","BOARD SECRETARY","","",""
"ASSISTANT GO","BOARD MEMBER","","",""
"ASSISTANT GOVERNOR","BOARD MEMBER","","",""
"ASSISTANT HEAD","ASSISTANT CEO","","",""
"ASSISTANT HEAD COACH","BOARD MEMBER","subordinate","assistant",""
"ASSISTANT HEAD OF SCHOOL","ASSISTANT CEO","subordinate","","2"
"ASSISTANT HEADMASTER","ASSISTANT PRINCIPAL","","",""
"ASSISTANT LAY DIRECTOR","DIRECTOR","subordinate","assistant",""
"ASSISTANT LEARNING OFFICER","BOARD MEMBER","subordinate","assistant",""
"ASSISTANT LEGIS REPRESENTATIVE","BOARD MEMBER","subordinate","assistant",""
"ASSISTANT LEGISLATIVE REPRESENTATIVE","BOARD MEMBER","subordinate","assistant",""
"ASSISTANT LIBRARIAN","LIBRARIAN","","",""
"ASSISTANT MA","MANAGER","","",""
"ASSISTANT MANAGER","MANAGER","subordinate","assistant",""
"ASSISTANT MANAGING DIRECTOR","DIRECTOR","subordinate","assistant",""
"ASSISTANT MARKETING DIRECTOR","DIRECTOR OF MARKETING","subordinate","assistant","2"
"ASSISTANT MED DIRECTOR","DIRECTOR","","",""
"ASSISTANT MEDICAL DIRECTOR","DIRECTOR","subordinate","assistant",""
"ASSISTANT MEMBER","BOARD MEMBER","","",""
"ASSISTANT MEMBERSHIP OFFICER","BOARD MEMBER","","",""
"ASSISTANT MUSIC DIRECTOR","DIRECTOR","subordinate","assistant",""
"ASSISTANT NURSE MANAGER","MANAGER","subordinate","assistant",""
"ASSISTANT OFFICER","BOARD MEMBER","","",""
"ASSISTANT PARLIAMENTARIAN","POLITICIAN","subordinate","assistant","2"
"ASSISTANT PASTOR","PASTOR","","",""
"ASSISTANT PRESIDENT","BOARD VICE PRESIDENT","","",""
"ASSISTANT PRINCIPAL","ASSISTANT PRINCIPAL","","",""
"ASSISTANT PROFESSOR","PROFESSOR","","",""
"ASSISTANT PROGRAMS DIRECTOR","DIRECTOR","subordinate","assistant",""
"ASSISTANT PROGRAMS MANAGER","MANAGER","subordinate","assistant",""
"ASSISTANT QUARTERMASTER","BOARD TREASURER","","",""
"ASSISTANT RA","BOARD VICE PRESIDENT","","",""
"ASSISTANT RABBAN","BOARD VICE PRESIDENT","subordinate","assistant",""
"ASSISTANT RE","BOARD MEMBER","","",""
"ASSISTANT RECORDING SECRETARY","BOARD SECRETARY","","",""
"ASSISTANT REGIONAL DIRECTOR","DIRECTOR","subordinate","assistant",""
"ASSISTANT REGIONAL EXECUTIVE","BOARD MEMBER","","",""
"ASSISTANT REGIONAL GOVERNOR","BOARD MEMBER","","",""
"ASSISTANT REGIONAL LEADER","BOARD MEMBER","","",""
"ASSISTANT REGISTRAR","REGISTRAR","subordinate","assistant",""
"ASSISTANT REPRESENTATIVE","BOARD MEMBER","subordinate","assistant",""
"ASSISTANT SECRETARY","ASSISTANT SECRETARY","subordinate","assistant",""
"ASSISTANT SECRETARY AND AS","ASSISTANT SECRETARY","","",""
"ASSISTANT SECRETARY AND ASS","ASSISTANT SECRETARY","","",""
"ASSISTANT SECRETARY HONORARY DIRECTOR","DIRECTOR","subordinate","assistant",""
"ASSISTANT SECRETARY NOT A DIRECTOR","DIRECTOR","subordinate","assistant",""
"ASSISTANT SECRETARY OF ENROLLMENT","ASSISTANT SECRETARY","","",""
"ASSISTANT SECRETARY TO BOARD","ASSISTANT SECRETARY","","",""
"ASSISTANT SECRETARY TREASURER","BOARD TREASURER","subordinate","assistant",""
"ASSISTANT SERGEANT","BOARD MEMBER","","",""
"ASSISTANT SERGEANT AT ARMS","BOARD MEMBER","","",""
"ASSISTANT SHIFT REPRESENTATIVE","BOARD MEMBER","subordinate","assistant",""
"ASSISTANT SRP REPRESENTATIVE","BOARD MEMBER","subordinate","assistant",""
"ASSISTANT STEWARD","BOARD MEMBER","","",""
"ASSISTANT TEACHER","TEACHER","","",""
"ASSISTANT TEAM REPRESENTATIVE","PROGRAMS","subordinate","assistant","2"
"ASSISTANT TO BUSINESS MANAGER","MANAGER","subordinate","assistant",""
"ASSISTANT TO DIRECTOR","DIRECTOR","subordinate","assistant",""
"ASSISTANT TO EXECUTIVE DIRECTOR","EXECUTIVE ASSISTANT","","",""
"ASSISTANT TO PRESIDENT","ASSISTANT","","",""
"ASSISTANT TO SECRETARY","BOARD SECRETARY","","",""
"ASSISTANT TO TREASURER","BOARD TREASURER","","",""
"ASSISTANT TRACK OPERATIONS","OPERATIONS","subordinate","assistant",""
"ASSISTANT TRAINING DIRECTOR","DIRECTOR","subordinate","assistant",""
"ASSISTANT TREASURER","BOARD TREASURER","subordinate","assistant",""
"ASSISTANT TREASURER AND S","BOARD TREASURER","","",""
"ASSISTANT TREASURER DIRECTOR","DIRECTOR","subordinate","assistant",""
"ASSISTANT TRUSTEE","BOARD MEMBER","","",""
"ASSISTANT VICE CHAIR","BOARD VICE PRESIDENT","","",""
"ASSISTANT VICE PR","ASSISTANT VICE PRESIDENT","","",""
"ASSISTANT VICE PRESIDENT","ASSISTANT VICE PRESIDENT","subordinate","assistant",""
"ASSISTANT VICE PRESIDENT AND BASEBALL","VICE PRESIDENT","subordinate","assistant","2"
"ASSISTANT VICE PRESIDENT NURSING","ASSISTANT VICE PRESIDENT","","",""
"ASSISTANT VICE PRESIDENT OF ADVANCEMENT","ASSISTANT VICE PRESIDENT","","",""
"ASSISTANT VICE PRESIDENT OF BRANCH OPERATIONS","VICE PRESIDENT","subordinate","assistant","start of newly added"
"ASSISTANT VICE PRESIDENT OF COMMUNICATIONS","VICE PRESIDENT","subordinate","assistant",""
"ASSISTANT VICE PRESIDENT OF DEVELOPMENT","VICE PRESIDENT","subordinate","assistant",""
"ASSISTANT VICE PRESIDENT OF EDUCATION","VICE PRESIDENT","subordinate","assistant",""
"ASSISTANT VICE PRESIDENT OF FINANCE","VICE PRESIDENT","subordinate","assistant",""
"ASSISTANT VICE PRESIDENT OF FUNDRAISING","VICE PRESIDENT","subordinate","assistant",""
"ASSISTANT VICE PRESIDENT OF HUMAN RESOURCES","ASSISTANT VICE PRESIDENT","subordinate","assistant",""
"ASSISTANT VICE PRESIDENT OF INFORMATION TECHNOLOGY","VICE PRESIDENT","subordinate","assistant",""
"ASSISTANT VICE PRESIDENT OF IT","VICE PRESIDENT","subordinate","assistant",""
"ASSISTANT VICE PRESIDENT OF MARKETING","ASSISTANT VICE PRESIDENT","subordinate","assistant",""
"ASSISTANT VICE PRESIDENT OF MEMBERSHIP","VICE PRESIDENT","subordinate","assistant",""
"ASSISTANT VICE PRESIDENT OF OPERATIONS","VICE PRESIDENT","subordinate","assistant",""
"ASSISTANT VICE PRESIDENT OF PHILANTHROPY","VICE PRESIDENT","subordinate","assistant",""
"ASSISTANT VICE PRESIDENT OF PROJECTS MANAGEMENT","VICE PRESIDENT","subordinate","assistant",""
"ASSISTANT VICE PRESIDENT OF TALENT AND LEADERSHIP DEVELOPMENT","VICE PRESIDENT","subordinate","assistant",""
"ASSO BOARD MEMBER","BOARD MEMBER","","",""
"ASSO DIRECTOR","DIRECTOR","","",""
"ASSO PRESIDENT","BOARD MEMBER","","",""
"ASSOCIATE","BOARD MEMBER","","",""
"ASSOCIATE AD","ASSOCIATE DIRECTOR","","",""
"ASSOCIATE ADMINISTRATION","ADMINISTRATOR","","",""
"ASSOCIATE ADMINISTRATOR","ADMINISTRATOR","","",""
"ASSOCIATE ARTISTIC DIRECTOR","ARTISTIC DIRECTOR","subordinate","associate",""
"ASSOCIATE BOARD","BOARD MEMBER","","",""
"ASSOCIATE BOARD CHAIR","BOARD MEMBER","","",""
"ASSOCIATE BOARD MEMBER","BOARD MEMBER","subordinate","associate",""
"ASSOCIATE BOV MEMBER","BOARD MEMBER","","",""
"ASSOCIATE CEO","DEPUTY DIRECTOR","subordinate","associate",""
"ASSOCIATE CHAIR","BOARD VICE PRESIDENT","","",""
"ASSOCIATE CHIEF MEDICAL OFFICER","CHIEF","subordinate","associate",""
"ASSOCIATE CHIEF MEDICAL OFFICER AND BROMENN AND EUREKA","CHIEF","subordinate","associate",""
"ASSOCIATE COMMISSIONER","ASSOCIATE DIRECTOR","","",""
"ASSOCIATE COUNSEL","ATTORNEY","","",""
"ASSOCIATE DEAN","DEAN","subordinate","associate","4"
"ASSOCIATE DEAN OF ACADEMICS AFFAIRS","ASSOCIATE DEAN","","",""
"ASSOCIATE DIRECTOR","DEPUTY DIRECTOR","subordinate","associate","*if paid and working 40 hours"
"ASSOCIATE DIRECTOR OF DEVELOPMENT","DIRECTOR","subordinate","associate",""
"ASSOCIATE DIRECTOR OF FINANCE","DIRECTOR OF FINANCE","subordinate","associate","2"
"ASSOCIATE DIRECTOR OF OPERATIONS","DIRECTOR","subordinate","associate",""
"ASSOCIATE DIRECTOR OF RE","DIRECTOR","subordinate","associate",""
"ASSOCIATE DRIECTOR","DEPUTY DIRECTOR","subordinate","associate","2"
"ASSOCIATE EDITOR","EDITOR","","",""
"ASSOCIATE EXECUTIVE","ASSOCIATE CEO","","",""
"ASSOCIATE EXECUTIVE DIRECTOR","ASSOCIATE CEO","","",""
"ASSOCIATE EXECUTIVE DIRECTOR OF FINANCE","DIRECTOR OF FINANCE","","",""
"ASSOCIATE GENERAL COUNSEL","GENERAL COUNSEL","","",""
"ASSOCIATE GRAND","BOARD VICE PRESIDENT","","",""
"ASSOCIATE GRAND MATRON","BOARD VICE PRESIDENT","","",""
"ASSOCIATE GRAND PATRON","BOARD VICE PRESIDENT","","",""
"ASSOCIATE HEAD","ASSOCIATE CEO","","",""
"ASSOCIATE HEAD OF SCHOOL","ASSOCIATE CEO","","",""
"ASSOCIATE HEADMASTER","ASSOCIATE CEO","","",""
"ASSOCIATE MANAGER","MANAGER","subordinate","associate",""
"ASSOCIATE MATRON","BOARD MEMBER","subordinate","associate",""
"ASSOCIATE MED DIRECTOR","DIRECTOR","subordinate","associate",""
"ASSOCIATE MEDICAL DIRECTOR","MEDICAL DIRECTOR","subordinate","associate",""
"ASSOCIATE MEMBER","BOARD MEMBER","","","4"
"ASSOCIATE MEMBER DIRECTOR","DIRECTOR","subordinate","associate",""
"ASSOCIATE MEMBER REPRESENTATIVE","BOARD MEMBER","subordinate","associate",""
"ASSOCIATE PASTOR","PASTOR","subordinate","associate","2"
"ASSOCIATE PR","PUBLIC RELATIONS ASSOCIATE","subordinate","associate",""
"ASSOCIATE PRESIDENT","BOARD MEMBER","","",""
"ASSOCIATE PRINCIPAL","ASSISTANT PRINCIPAL","","",""
"ASSOCIATE PRODUCER","PRODUCER","","",""
"ASSOCIATE PROFESSOR","PROFESSOR","","",""
"ASSOCIATE PROGRAMS DIRECTOR","DIRECTOR OF PROGRAMS","subordinate","",""
"ASSOCIATE PROVOST","PROVOST","","",""
"ASSOCIATE REPRESENTATIVE","BOARD MEMBER","subordinate","associate",""
"ASSOCIATE SECRETARY","BOARD SECRETARY","","",""
"ASSOCIATE TREASURER","BOARD TREASURER","","",""
"ASSOCIATE TRUSTEE","BOARD MEMBER","","",""
"ASSOCIATE VICE CHAIR","BOARD VICE PRESIDENT","","",""
"ASSOCIATE VICE PRESIDENT","ASSOCIATE VICE PRESIDENT","subordinate","associate","7"
"ASSOCIATE VICE PRESIDENT OF ACADEMICS AFFAIRS","ASSOCIATE VICE PRESIDENT","","",""
"ASSOCIATE VICE PRESIDENT OF ADVANCEMENT","ASSOCIATE VICE PRESIDENT","","",""
"ASSOCIATE VICE PRESIDENT OF DEVELOPMENT","VICE PRESIDENT","subordinate","associate",""
"ASSOCIATE VICE PRESIDENT OF FINANCE","VICE PRESIDENT","subordinate","associate",""
"ASSOCIATE VICE PRESIDENT OF HUMAN RESOURCES","ASSOCIATE VICE PRESIDENT","","",""
"ASSOCIATE VICE PRESIDENT OF MARKETING AND COMMUNICATIONS","VICE PRESIDENT","subordinate","associate",""
"ASSOCIATE VICE PRESIDENT OF OPERATIONS","VICE PRESIDENT","subordinate","associate",""
"ASSOCIATE VICE PRESIDENT OF PROGRAMS","VICE PRESIDENT","subordinate","associate",""
"ASSOCIATION","NO TITLE","","",""
"ASSOCIATION BOARD MEMBER","BOARD MEMBER","","",""
"ASSOCIATION DIRECTOR","DIRECTOR","","",""
"ASSOCIATION EXECUTIVE","EXECUTIVE DIRECTOR","","",""
"ASSOCIATION MANAGER","MANAGER","","",""
"ASSOCIATION MEMBER","BOARD MEMBER","","",""
"ASSOCIATION PRESIDENT","BOARD MEMBER","","",""
"ASSOCIATION REPRESENTATIVE","BOARD MEMBER","","",""
"ASSOCIATION SECRETARY","BOARD SECRETARY","","",""
"ASSOCIATION TRUSTEE","BOARD MEMBER","","",""
"ASSTCHIEF","CHIEF","subordinate","assistant","4"
"ASSTSECRETARY","ASSISTANT SECRETARY","","",""
"ASSTTREASURER","BOARD TREASURER","","",""
"AST FIRE CHIEF","CHIEF","","",""
"AST SECRETARY","ASSISTANT SECRETARY","","",""
"AST TREASURER","BOARD TREASURER","","",""
"AT AND LARGE","BOARD MEMBER","","",""
"AT LARGE","BOARD MEMBER","duplex","at large",""
"ATA VICE PRESIDENT","BOARD VICE PRESIDENT","","",""
"ATH DIRECTOR","DIRECTOR","","",""
"ATHLETE DIRECTOR","BOARD MEMBER","","",""
"ATHLETE MEMBER","BOARD MEMBER","","",""
"ATHLETE REPRESENTATIVE","BOARD MEMBER","","","5"
"ATHLETE REPRESENTATIVE DIRECTOR","DIRECTOR","","",""
"ATHLETIC DIRECTOR","BOARD MEMBER","","","6"
"ATHLETIC REPRESENTATIVE","BOARD MEMBER","","",""
"ATHLETICS","BOARD MEMBER","","",""
"ATHLETICS CHAIR","BOARD MEMBER","","",""
"ATHLETICS DIRECTOR","DIRECTOR","","",""
"ATTACHED","NO TITLE","","","2"
"ATTACHED LIST","NO TITLE","","",""
"ATTACHED STATEMENT","NO TITLE","","",""
"ATTENDING PHYSICIAN","DOCTOR","","","2"
"ATTORNEY","ATTORNEY","","",""
"ATTORNEY TRUSTEE","BOARD MEMBER","","",""
"AUCTION","BOARD MEMBER","","",""
"AUCTION CHAIR","BOARD MEMBER","","",""
"AUCTION CO-CHAIR","BOARD MEMBER","committee","chair",""
"AUDIT","BOARD MEMBER","","",""
"AUDIT CHAIR","BOARD MEMBER","committee","chair",""
"AUDIT COMMITTEE","BOARD MEMBER","","",""
"AUDIT COMMITTEE CHAIR","BOARD MEMBER","committee","chair",""
"AUDIT COMMITTEE MEMBER","BOARD MEMBER","","",""
"AUDITOR","AUDITOR","","",""
"AUTHORITY REPRESENTATIVE","BOARD MEMBER","","",""
"AUTHORIZED AGENT","BOARD MEMBER","","",""
"AUTHORIZED OFFICER","BOARD MEMBER","","",""
"AUTHORIZED REPRESENTATIVE","BOARD MEMBER","","",""
"AUX PRESIDENT","BOARD MEMBER","","",""
"AUXILIARY","BOARD MEMBER","","",""
"AUXILIARY CHAIR","BOARD MEMBER","","",""
"AUXILIARY PR","BOARD MEMBER","","",""
"AUXILIARY PRESIDENT","BOARD PRESIDENT","","",""
"AUXILIARY REPRESENTATIVE","BOARD MEMBER","","",""
"AUXILIARY TREASURER","BOARD TREASURER","","",""
"AVMA DELEGATE","BOARD MEMBER","","",""
"AVP","VICE PRESIDENT","subordinate","assistant",""
"AWARD RECIPIENT","NO TITLE","","",""
"AWARDS","BOARD MEMBER","","",""
"AWARDS AND RECOGNITION CHAIR","BOARD MEMBER","committee","chair",""
"AWARDS CHAIR","BOARD MEMBER","committee","chair","5"
"AWARDS COMMITTEE","BOARD MEMBER","","",""
"AWARDS COMMITTEE CHAIR","BOARD MEMBER","committee","chair",""
"AWARDS COORDINATOR","BOARD MEMBER","","",""
"AWARDS DIRECTOR","DIRECTOR","","",""
"AWWA DIRECTOR","DIRECTOR","","",""
"B MEMBER","BOARD MEMBER","","",""
"B O DIRECTOR","DIRECTOR","","",""
"B OF DIRECTOR","DIRECTOR","","",""
"B SHIFT REPRESENTATIVE","BOARD MEMBER","","",""
"BA","BUSINESS AGENT","","",""
"BALL CHAIR","BOARD MEMBER","","",""
"BAND CO-VICE PRESIDENT","BOARD MEMBER","duplex","co",""
"BAND DIRECTOR","BAND DIRECTOR","","",""
"BAND MANAGER","MANAGER","","",""
"BAND PARENT REPRESENTATIVE","BOARD MEMBER","","",""
"BAND VICE PRESIDENT","BOARD VICE PRESIDENT","","",""
"BANK DIRECTOR","DIRECTOR","","",""
"BANQUET CHAIR","BOARD MEMBER","","",""
"BANTAM DIRECTOR","DIRECTOR","","",""
"BAORD MEMBER","BOARD MEMBER","","","4"
"BAR CHAIR","BOARD MEMBER","","",""
"BAR COMMISSI","BOARD MEMBER","","",""
"BAR COMMISSIONER","BOARD MEMBER","","",""
"BAR MANAGER","MANAGER","","",""
"BAR STEWARD","BARTENDER","","",""
"BAR TENDER","BARTENDER","","",""
"BAR TRUSTEE","BOARD MEMBER","","",""
"BARGAINING","BOARD MEMBER","","",""
"BARGAINING CHAIR","BOARD MEMBER","committee","chair",""
"BARGAINING COMMITTEE","BOARD MEMBER","","",""
"BARGAINING REPRESENTATIVE","BOARD MEMBER","","",""
"BARN MANAGER","MANAGER","","",""
"BARTENDER","BARTENDER","","",""
"BASE PRESIDENT","BOARD MEMBER","","",""
"BASEBALL","BOARD MEMBER","","",""
"BASEBALL COMMISSIONER","BOARD MEMBER","","",""
"BASEBALL COMMITTEE","BOARD MEMBER","","",""
"BASEBALL COORDINATOR","BOARD MEMBER","","",""
"BASEBALL DIRECTOR","BOARD MEMBER","","","6"
"BASEBALL PRESIDENT","BOARD PRESIDENT","","",""
"BASEBALL REPRESENTATIVE","BOARD MEMBER","","",""
"BASEBALL VICE PRESIDENT","BOARD MEMBER","","",""
"BASILEUS","BOARD PRESIDENT","","",""
"BASKETBALL COACH","SPORTS","","","2"
"BASKETBALL COMMISSIONER","BOARD MEMBER","","",""
"BASKETBALL DIRECTOR","BOARD MEMBER","","","8"
"BATON ROUGE AND BOARD MEMBER","BOARD MEMBER","","",""
"BATTALION CHIEF","MILITARY","","","2"
"BATTALION REPRESENTATIVE","BOARD MEMBER","","",""
"BB DIRECTOR","DIRECTOR","","",""
"BC REPRESENTATIVE","BOARD MEMBER","","",""
"BCCM MANAGER","MANAGER","","",""
"BCR REPRESENTATIVE","BOARD MEMBER","","",""
"BDMEMBER","BOARD MEMBER","","",""
"BEAN SOUP MIX PROGRAMS","PROGRAMS","","","2"
"BEAUFORT AND BOARD MEMBER","BOARD MEMBER","","",""
"BEHAVIORAL HEALTH DIRECTOR","DIRECTOR","","",""
"BENEFIT CHAIR","BOARD MEMBER","","",""
"BENEFIT COMMITTEE","BOARD MEMBER","","",""
"BENEFITS COMMITTEE MEMBER","BOARD MEMBER","","",""
"BENEFITS DIRECTOR","DIRECTOR","","",""
"BENNETTSVILLE AND BOARD MEMBER","BOARD MEMBER","","",""
"BERKS DIRECTOR","BOARD MEMBER","","",""
"BETA","BOARD MEMBER","","",""
"BETA CHI","BOARD MEMBER","","",""
"BETA DELTA","BOARD MEMBER","","",""
"BETA EPSILON","BOARD MEMBER","","",""
"BETA ETA","BOARD MEMBER","","",""
"BETA LAMBDA","BOARD MEMBER","","",""
"BETA NU","BOARD MEMBER","","",""
"BETA OMEGA","BOARD MEMBER","","",""
"BETA OMICRON","BOARD MEMBER","","",""
"BETA PHI","BOARD MEMBER","","",""
"BETA PI","BOARD MEMBER","","",""
"BETA PSI","BOARD MEMBER","","",""
"BETA RHO","BOARD MEMBER","","",""
"BETA SIGMA","BOARD MEMBER","","",""
"BETA SPONSOR","BOARD MEMBER","","",""
"BETA TAU","BOARD MEMBER","","",""
"BETA XI","BOARD MEMBER","","",""
"BEVERAGE MANAGER","MANAGER","","",""
"BH EXECUTIVE VICE PRESIDENT","EXECUTIVE VICE PRESIDENT","","",""
"BHT DIRECTOR","DIRECTOR","","",""
"BIARD MEMBER","BOARD MEMBER","","",""
"BINGO CHAIR","BOARD MEMBER","","",""
"BINGO DIRECTOR","DIRECTOR","","",""
"BINGO MANAGER","MANAGER","","",""
"BINGO TREASURER","BOARD TREASURER","","",""
"BIOLOGICAL SCIENCES REPRESENTATIVE","BOARD MEMBER","","",""
"BIRMINGHAM OF REGIONAL","BOARD MEMBER","","",""
"BISHOP","BOARD MEMBER","","",""
"BISHOP AND DIRECTOR","BOARD MEMBER","","",""
"BLD REPRESENTATIVE","BOARD MEMBER","","",""
"BLDG MANAGER","MANAGER","","",""
"BLDG REPRESENTATIVE","BOARD MEMBER","","",""
"BM","BOARD MEMBER","","",""
"BOAD MEMBER","BOARD MEMBER","","",""
"BOARD","BOARD MEMBER","","",""
"BOARD ADVISO","BOARD MEMBER","","",""
"BOARD ADVISOR","BOARD MEMBER","","",""
"BOARD ADVISORY","BOARD MEMBER","","",""
"BOARD AND CHAIR","BOARD MEMBER","committee","chair",""
"BOARD AND DIRECTOR","DIRECTOR","","",""
"BOARD AND MEMBER","BOARD MEMBER","","","8"
"BOARD AND OHIOHLTH","BOARD MEMBER","","",""
"BOARD AND POLICY","BOARD MEMBER","","",""
"BOARD AND PRESIDENT","BOARD PRESIDENT","","","2"
"BOARD AND PUBLIC CLASS","BOARD MEMBER","","",""
"BOARD AND SECRETARY","BOARD SECRETARY","","","2"
"BOARD AND TREASURER","BOARD TREASURER","","",""
"BOARD AND VICE CHAIR","BOARD MEMBER","committee","chair",""
"BOARD AND VICE PRESIDENT","BOARD VICE PRESIDENT","","",""
"BOARD APPOIN","BOARD MEMBER","","","5"
"BOARD ASSISTANT","BOARD MEMBER","","",""
"BOARD ASSISTANT SECRETARY","BOARD SECRETARY","","",""
"BOARD ASSISTANT TREASURER","BOARD TREASURER","","",""
"BOARD ATTORN","BOARD MEMBER","","",""
"BOARD ATTORNEY","BOARD MEMBER","","","4"
"BOARD CFO","BOARD TREASURER","","",""
"BOARD CHAIR","BOARD PRESIDENT","superior","chair","*all board positions should have trustee or officer checked"
"BOARD CHAIR DIRECTOR","DIRECTOR","committee","chair",""
"BOARD CHAIR OF EXECUTIVE COMMITTEE","BOARD MEMBER","committee","chair",""
"BOARD CHAIR PRESIDENT","BOARD PRESIDENT","committee","chair",""
"BOARD CHARIMAN","BOARD PRESIDENT","","",""
"BOARD CHPT AND REPRESENTATIVE","BOARD MEMBER","","",""
"BOARD CHPT REPRESENTATIVE","BOARD MEMBER","","",""
"BOARD CLERK","BOARD SECRETARY","","",""
"BOARD CO-CHAIR","BOARD PRESIDENT","","","11"
"BOARD CO-PRESIDENT","BOARD PRESIDENT","duplex","co",""
"BOARD CO-SECRETARY","BOARD MEMBER","duplex","co",""
"BOARD CO-TREASURER","BOARD MEMBER","duplex","co",""
"BOARD CO-VICE CHAIR","BOARD MEMBER","duplex","co",""
"BOARD CO-VICE PRESIDENT","BOARD MEMBER","duplex","co",""
"BOARD COCHAIR","BOARD MEMBER","","",""
"BOARD COMMISSIONER","BOARD MEMBER","","",""
"BOARD COMMITTEE","BOARD MEMBER","","",""
"BOARD COMMITTEE CHAIR","BOARD MEMBER","committee","chair",""
"BOARD CONSULTANT","BOARD MEMBER","","",""
"BOARD COUNSEL","BOARD MEMBER","","",""
"BOARD DEVELOPMENT","BOARD MEMBER","","",""
"BOARD DEVELOPMENT CHAIR","BOARD MEMBER","committee","chair",""
"BOARD DIRECTOR","BOARD MEMBER","","","*although in certain instances it could be board pres"
"BOARD DR","BOARD MEMBER","","",""
"BOARD EXECUTIVE COMMITTEE","BOARD MEMBER","","",""
"BOARD EXECUTIVE COMMITTEE MEMBER","BOARD MEMBER","","",""
"BOARD EXOFFICIO TRUSTEE","BOARD MEMBER","","",""
"BOARD EXPIRING","BOARD MEMBER","","","12"
"BOARD FELLOW","BOARD MEMBER","","",""
"BOARD FINANCE","BOARD MEMBER","","",""
"BOARD FINANCE CHAIR","BOARD MEMBER","","",""
"BOARD GOVERNANCE CHAIR","BOARD MEMBER","","",""
"BOARD GOVERNOR","BOARD MEMBER","","","2"
"BOARD INTERN","BOARD MEMBER","","",""
"BOARD LIAISO","BOARD MEMBER","","","2"
"BOARD LIAISON","BOARD MEMBER","","",""
"BOARD LIFE TRUSTEE","BOARD MEMBER","","",""
"BOARD M","BOARD MEMBER","","",""
"BOARD MAMBER","BOARD MEMBER","","",""
"BOARD MANAGER","BOARD MEMBER","","",""
"BOARD MEMBBER","BOARD MEMBER","","",""
"BOARD MEMBER","BOARD MEMBER","","",""
"BOARD MEMBER #","BOARD MEMBER","","",""
"BOARD MEMBER AND","BOARD MEMBER","","","4"
"BOARD MEMBER AND CHIEF SPONSORSHIP OFFICER AND BSMH","CHIEF","","",""
"BOARD MEMBER AND COACH","BOARD MEMBER","","",""
"BOARD MEMBER AND CONSULTANT","BOARD MEMBER","","",""
"BOARD MEMBER AND EXOFFICIO","BOARD MEMBER","exofficio","exofficio",""
"BOARD MEMBER AND FACULTY","BOARD MEMBER","","",""
"BOARD MEMBER AND FFI REGIONAL COUNCIL","BOARD MEMBER","","",""
"BOARD MEMBER AND HEALTH SYSTEMS","BOARD MEMBER","","",""
"BOARD MEMBER AND INC","BOARD MEMBER","","",""
"BOARD MEMBER AND JOINED","BOARD MEMBER","","",""
"BOARD MEMBER AND LBMMC","BOARD MEMBER","","",""
"BOARD MEMBER AND PARENT","BOARD MEMBER","","",""
"BOARD MEMBER AND PART TIME","BOARD MEMBER","","",""
"BOARD MEMBER AND PHYSICIAN","DOCTOR","","",""
"BOARD MEMBER AND PRESIDENT","PRESIDENT","","",""
"BOARD MEMBER AND REGIONAL","BOARD MEMBER","","",""
"BOARD MEMBER AND SENIOR PHYSICIAN","DOCTOR","","",""
"BOARD MEMBER AND TEEN WORLD MINISTRIES","BOARD MEMBER","","",""
"BOARD MEMBER AND VOLUNTEER","BOARD MEMBER","","",""
"BOARD MEMBER AND VOTING","BOARD MEMBER","","",""
"BOARD MEMBER CEO","CEO","","","should be split"
"BOARD MEMBER CHAIR","BOARD MEMBER","committee","chair",""
"BOARD MEMBER DIRECTOR","DIRECTOR","","",""
"BOARD MEMBER DURING","BOARD MEMBER","","",""
"BOARD MEMBER EHC","BOARD MEMBER","","",""
"BOARD MEMBER EXOFFICIO","BOARD MEMBER","","",""
"BOARD MEMBER FR","BOARD MEMBER","","",""
"BOARD MEMBER FY","BOARD MEMBER","","",""
"BOARD MEMBER HEALTH SYSTEMS","BOARD MEMBER","","",""
"BOARD MEMBER HK","BOARD MEMBER","","",""
"BOARD MEMBER IN","BOARD MEMBER","","",""
"BOARD MEMBER JCC","BOARD MEMBER","","",""
"BOARD MEMBER JOINED","BOARD MEMBER","","",""
"BOARD MEMBER LOW INCOME SECTO","BOARD MEMBER","","",""
"BOARD MEMBER MMC","BOARD MEMBER","","",""
"BOARD MEMBER MMCF","BOARD MEMBER","","",""
"BOARD MEMBER OF COUNTY COMMITTEE","BOARD MEMBER","","",""
"BOARD MEMBER OF EXECUTIVE COMMITTEE","BOARD MEMBER","","",""
"BOARD MEMBER OF EXPERIENCE","BOARD MEMBER","","",""
"BOARD MEMBER OF FINANCE","BOARD MEMBER","","",""
"BOARD MEMBER OF FINANCE COMMITTEE","BOARD MEMBER","","",""
"BOARD MEMBER OF MEMBERSHIP","BOARD MEMBER","","",""
"BOARD MEMBER OF ONTARIO COMMITTEE","BOARD MEMBER","","","21"
"BOARD MEMBER OF PUBLIC SECTOR","BOARD MEMBER","","",""
"BOARD MEMBER OF RADIO","BOARD MEMBER","","",""
"BOARD MEMBER OF REGIONAL COMMITTEE","BOARD MEMBER","","","9"
"BOARD MEMBER OF TV","BOARD MEMBER","","",""
"BOARD MEMBER OF WAYNE COMMITTEE","BOARD MEMBER","","","10"
"BOARD MEMBER OFFICIO","BOARD MEMBER","","","6"
"BOARD MEMBER P","BOARD MEMBER","","",""
"BOARD MEMBER PARTIAL","BOARD MEMBER","","",""
"BOARD MEMBER PRESIDENT","BOARD PRESIDENT","","",""
"BOARD MEMBER PRIVATE SECTOR","BOARD MEMBER","","",""
"BOARD MEMBER REGIONAL","BOARD MEMBER","","",""
"BOARD MEMBER REGIONAL COUNCIL","BOARD MEMBER","","",""
"BOARD MEMBER RESOURCES","BOARD MEMBER","","",""
"BOARD MEMBER ROTATED OFFICER","BOARD MEMBER","","",""
"BOARD MEMBER SCF","BOARD MEMBER","","",""
"BOARD MEMBER SCH","BOARD MEMBER","","",""
"BOARD MEMBER SCH O","BOARD MEMBER","","",""
"BOARD MEMBER SCMS","BOARD MEMBER","","",""
"BOARD MEMBER SECRETARY","BOARD SECRETARY","","",""
"BOARD MEMBER SJHA","BOARD MEMBER","","",""
"BOARD MEMBER TEC","BOARD MEMBER","","",""
"BOARD MEMBER TERMED","BOARD MEMBER","","","2"
"BOARD MEMBER TILL","BOARD MEMBER","","",""
"BOARD MEMBER TMH","BOARD MEMBER","","",""
"BOARD MEMBER TMHF","BOARD MEMBER","","",""
"BOARD MEMBER TREASURER","BOARD TREASURER","","","5"
"BOARD MEMBER TRUSTEE","BOARD MEMBER","","",""
"BOARD MEMBER US","BOARD MEMBER","","",""
"BOARD MEMBER VICE CHAIR","BOARD VICE PRESIDENT","","",""
"BOARD MEMBER VICE PRESIDENT","BOARD VICE PRESIDENT","","",""
"BOARD MEMBER VOTING","BOARD MEMBER","","",""
"BOARD MEMBER WWC","BOARD MEMBER","","",""
"BOARD MEMBERDIRECTOR","BOARD MEMBER","","",""
"BOARD MEMBERLEFT","BOARD MEMBER","","",""
"BOARD MEMBERPRESIDENT","BOARD MEMBER","","",""
"BOARD MEMBERR","BOARD MEMBER","","",""
"BOARD MEMBERS","BOARD MEMBER","","",""
"BOARD MEMBERSECRETARY","BOARD SECRETARY","","",""
"BOARD MEMBERTREASURER","BOARD TREASURER","","",""
"BOARD MEMBERVICE PRESIDENT","BOARD MEMBER","","",""
"BOARD MEMBERVOLUNTEER","BOARD MEMBER","","",""
"BOARD MEMBET","BOARD MEMBER","","",""
"BOARD MEMBR","BOARD MEMBER","","",""
"BOARD MEMEBE","BOARD MEMBER","","",""
"BOARD MEMEBR","BOARD MEMBER","","",""
"BOARD MEMEMBER","BOARD MEMBER","","","4"
"BOARD MEMMBER","BOARD MEMBER","","",""
"BOARD MENBER","BOARD MEMBER","","",""
"BOARD MMBER","BOARD MEMBER","","",""
"BOARD MMEBER","BOARD MEMBER","","",""
"BOARD OBSERVER","BOARD MEMBER","","",""
"BOARD OF ADVISOR","BOARD MEMBER","","",""
"BOARD OF ADVISORS","BOARD MEMBER","","",""
"BOARD OF ADVISORS MEMBER","BOARD MEMBER","","",""
"BOARD OF AUDITORS","BOARD MEMBER","","",""
"BOARD OF CON","BOARD MEMBER","","",""
"BOARD OF CONTROL","BOARD MEMBER","","",""
"BOARD OF COUNCILORS","BOARD MEMBER","","",""
"BOARD OF DELEGATES","BOARD MEMBER","","",""
"BOARD OF DIRECTOR","BOARD MEMBER","","",""
"BOARD OF DIRECTOR AND WAKEMED FDN","BOARD MEMBER","","",""
"BOARD OF DIRECTOR CHAIR","BOARD PRESIDENT","","",""
"BOARD OF DIRECTOR DIRECTOR","DIRECTOR","","",""
"BOARD OF DIRECTOR MEMBER","BOARD MEMBER","","",""
"BOARD OF DIRECTOR PRESIDENT","BOARD PRESIDENT","","",""
"BOARD OF DIRECTOR SECRETARY","BOARD SECRETARY","","",""
"BOARD OF DIRECTOR TREASURER","BOARD TREASURER","","",""
"BOARD OF DIRECTOR TRUSTEE","BOARD MEMBER","","",""
"BOARD OF DIRECTOR VICE CHAIR","BOARD VICE PRESIDENT","","",""
"BOARD OF DIRECTOR VICE PRESIDENT","BOARD VICE PRESIDENT","","",""
"BOARD OF DIRECTORS","BOARD MEMBER","","",""
"BOARD OF DIRECTORS MEMBER","BOARD MEMBER","","",""
"BOARD OF EXECUTIVE DIRECTOR","BOARD MEMBER","","",""
"BOARD OF GOV","BOARD MEMBER","","",""
"BOARD OF GOVERNOR","BOARD MEMBER","","",""
"BOARD OF GOVERNOR AND EXECUTIVE COMMITTEE","BOARD MEMBER","","",""
"BOARD OF GOVERNOR MEMBER","BOARD MEMBER","","",""
"BOARD OF GOVERNOR OF REGIONAL","BOARD MEMBER","","",""
"BOARD OF GOVERNOR REPRESENTATIVE","BOARD MEMBER","","",""
"BOARD OF GOVERNORS","BOARD MEMBER","","","9"
"BOARD OF GOVERNORS MEMBER","BOARD MEMBER","","",""
"BOARD OF MANAGEMENT","BOARD MEMBER","","",""
"BOARD OF MANAGER","BOARD MEMBER","","",""
"BOARD OF MANAGERS","BOARD MEMBER","","",""
"BOARD OF MANAGERS MEMBER","BOARD MEMBER","","",""
"BOARD OF MEMBER","BOARD MEMBER","","",""
"BOARD OF MEMBERS","BOARD MEMBER","","",""
"BOARD OF OVERSEER","BOARD MEMBER","","",""
"BOARD OF OVERSEERS","BOARD MEMBER","","",""
"BOARD OF REGENTS","BOARD MEMBER","","",""
"BOARD OF REPRESENTATIVE","BOARD MEMBER","","",""
"BOARD OF STE","BOARD MEMBER","","",""
"BOARD OF TRUSTEE","BOARD MEMBER","","","7"
"BOARD OF TRUSTEE MEMBER","BOARD MEMBER","","",""
"BOARD OF TRUSTEES","BOARD MEMBER","","",""
"BOARD OF TRUSTEES AND CHAIR","BOARD PRESIDENT","","",""
"BOARD OF TRUSTEES AND MEMBER","BOARD MEMBER","","",""
"BOARD OF TRUSTEES AND SECRETARY","BOARD SECRETARY","","",""
"BOARD OF TRUSTEES AND TREASURER","BOARD TREASURER","","",""
"BOARD OF TRUSTEES CHAIR","BOARD PRESIDENT","","",""
"BOARD OF TRUSTEES MEMBER","BOARD MEMBER","","",""
"BOARD OF TRUSTEES P AND TRUSTEE","BOARD MEMBER","","",""
"BOARD OFFICER","BOARD MEMBER","","",""
"BOARD OHF","BOARD MEMBER","","",""
"BOARD P","BOARD MEMBER","","",""
"BOARD PERSON","BOARD MEMBER","","",""
"BOARD POSITION","BOARD MEMBER","","",""
"BOARD PRESIDENT","BOARD PRESIDENT","","",""
"BOARD REGIONAL","BOARD MEMBER","","",""
"BOARD REPRESENTATIVE","BOARD MEMBER","","",""
"BOARD SEAT","BOARD MEMBER","","",""
"BOARD SECRETARY","BOARD SECRETARY","","",""
"BOARD SECRETARY TREASURER","BOARD SECRETARY","","","F-016: former board standard"
"BOARD TREASURER","BOARD TREASURER","","",""
"BOARD TRUSTEE","BOARD MEMBER","","",""
"BOARD TRUSTEES","BOARD MEMBER","","",""
"BOARD V CHAIR","BOARD VICE PRESIDENT","","",""
"BOARD VICE CHAIR","BOARD VICE PRESIDENT","","",""
"BOARD VICE P","BOARD VICE PRESIDENT","","",""
"BOARD VICE PRESIDENT","BOARD VICE PRESIDENT","subordinate","",""
"BOARD VICE PRESIDENT TREASURER","BOARD VICE PRESIDENT","","","F-016: former board standard"
"BOARD VICECHAIR","BOARD VICE PRESIDENT","","",""
"BOARD VOLUNTEER","BOARD MEMBER","","",""
"BOARD VOTING","BOARD MEMBER","","",""
"BOARDMEMBER","BOARD MEMBER","","","22"
"BOARDOFDIRECTOR","BOARD MEMBER","","","5"
"BOC REPRESENTATIVE","BOARD MEMBER","","",""
"BOE REPRESENTATIVE","BOARD MEMBER","","",""
"BOG","BOARD MEMBER","","",""
"BOOK KEEPER","BOARD MEMBER","","",""
"BOOK MANAGER","MANAGER","","",""
"BOOK STORE MANAGER","MANAGER","","",""
"BOOKEEPER","BOOKKEEPER","","",""
"BOOKKEEPER","BOOKKEEPER","","","finance?"
"BOOKKEEPING","BOOKKEEPER","","",""
"BOOKSTORE MANAGER","MANAGER","","",""
"BORAD MEMBER","BOARD MEMBER","","",""
"BORAD OF DIRECTOR","DIRECTOR","","",""
"BORD MEMBER","BOARD MEMBER","","",""
"BOT","BOARD MEMBER","","",""
"BOT MEMBER","BOARD MEMBER","","",""
"BOX OFFICE MANAGER","MANAGER","","",""
"BOYS COMMISSIONER","BOARD MEMBER","","",""
"BOYS COORDINATOR","BOARD MEMBER","","",""
"BOYS DIRECTOR","DIRECTOR","","",""
"BOYS PROGRAMS DIRECTOR","DIRECTOR","","",""
"BOYS TRAVEL DIRECTOR","DIRECTOR","","",""
"BOYS VICE PRESIDENT","BOARD VICE PRESIDENT","","",""
"BPS PRESIDENT","BOARD PRESIDENT","","",""
"BRANCH AGENT","BUSINESS AGENT","","",""
"BRANCH BOARD","BOARD MEMBER","","",""
"BRANCH BOARD CHAIR","BOARD MEMBER","","",""
"BRANCH BOARD REPRESENTATIVE","BOARD MEMBER","","",""
"BRANCH CHAIR","BOARD MEMBER","","",""
"BRANCH COUNCILOR","BOARD MEMBER","","",""
"BRANCH DIRECTOR","DIRECTOR","","",""
"BRANCH EXECUTIVE DIRECTOR","EXECUTIVE DIRECTOR","","",""
"BRANCH MANAGER","MANAGER","","",""
"BRANCH MEMBERSHIP CHAIR","BOARD MEMBER","","",""
"BRANCH PRESIDENT","BOARD MEMBER","","",""
"BRANCH REPRESENTATIVE","BOARD MEMBER","","",""
"BRANCH SECRETARY","BOARD SECRETARY","","",""
"BRANCH SHAKESPEARE COORDINATOR","BOARD MEMBER","","",""
"BRANCH SPEAKER CONTACT","BOARD MEMBER","","",""
"BRANCH TREASURER","BOARD TREASURER","","",""
"BRANCH VICE PRESIDENT","BOARD VICE PRESIDENT","","",""
"BREWSTER BOARD","BOARD MEMBER","","",""
"BROAD MEMBER","BOARD MEMBER","","",""
"BROTHERHOOD","BOARD MEMBER","","",""
"BROTHERHOOD CHAIR","BOARD MEMBER","","",""
"BSA TRUSTEE","BOARD MEMBER","","",""
"BSMH CHIEF HUMAN RESOURCES OFFICER","CHIEF","","",""
"BSMH CHIEF SPONSORSHIP OFFICER","CHIEF","","",""
"BT REPRESENTATIVE","BOARD MEMBER","","",""
"BUCKS DIRECTOR","BOARD MEMBER","","",""
"BUDGET AND ANALYTICS DIRECTOR","DIRECTOR","","",""
"BUDGET AND FINANCE","BOARD MEMBER","","",""
"BUDGET CHAIR","BOARD MEMBER","","",""
"BUDGET DIRECTOR","DIRECTOR","","",""
"BUILDER","BOARD MEMBER","","",""
"BUILDER BOARD MEMBER","BOARD MEMBER","","",""
"BUILDER DIRECTOR","BOARD MEMBER","","",""
"BUILDER MEMBER","BOARD MEMBER","","",""
"BUILDER VICE PRESIDENT","BOARD VICE PRESIDENT","","",""
"BUILDERS DIRECTOR","DIRECTOR","","",""
"BUILDING","BOARD MEMBER","","",""
"BUILDING AND G","BOARD MEMBER","","",""
"BUILDING AND GROUNDS","BOARD MEMBER","","",""
"BUILDING AND GROUNDS CHAIR","BOARD MEMBER","","",""
"BUILDING AND RECORDING COMMITTEE","BOARD MEMBER","","",""
"BUILDING CHAIR","BOARD MEMBER","","",""
"BUILDING COMMITTEE","BOARD MEMBER","","",""
"BUILDING COMMITTEE CHAIR","BOARD MEMBER","committee","chair",""
"BUILDING DIRECTOR","DIRECTOR","","",""
"BUILDING FUND COMMITTEE","BOARD MEMBER","","",""
"BUILDING MANAGER","MANAGER","","",""
"BUILDING OWNER REPRESENTATIVE","BOARD MEMBER","","",""
"BUILDING REPRESENTATIVE","BOARD MEMBER","","","11"
"BUILDING REPRESENTATIVE CLERICAL","BOARD MEMBER","","",""
"BUILDING TRUSTEE","BOARD MEMBER","","",""
"BUILDING VICE PRESIDENT","BOARD VICE PRESIDENT","","",""
"BUILDINGS","BOARD MEMBER","","",""
"BUILDINGS AND GROUNDS","BOARD MEMBER","","",""
"BULL RIDING DIRECTOR","DIRECTOR","","",""
"BULLETIN EDITOR","BOARD MEMBER","","",""
"BUNC CHAIR","BOARD MEMBER","","",""
"BURSAR","BOARD MEMBER","","",""
"BUSINESS ADMINISTRATION","BUSINESS MANAGER","","",""
"BUSINESS ADMINISTRATOR","BUSINESS MANAGER","","",""
"BUSINESS ADVISOR","BUSINESS ADVISOR","","",""
"BUSINESS AGE","BUSINESS AGENT","","",""
"BUSINESS AGENT","BUSINESS AGENT","","",""
"BUSINESS AND FINANCE","FINANCIAL SECRETARY","","",""
"BUSINESS APPLICATION MANAGER","INFORMATION TECHNOLOGY MANAGER","","",""
"BUSINESS CONSULTANT","BOARD MEMBER","","",""
"BUSINESS DEVELOPMENT","DIRECTOR OF BUSINESS DEVELOPMENT","","",""
"BUSINESS DEVELOPMENT DIRECTOR","DIRECTOR","","",""
"BUSINESS DEVELOPMENT MANAGER","MANAGER","","",""
"BUSINESS DEVELOPMENT OFFICER","DIRECTOR OF BUSINESS DEVELOPMENT","","",""
"BUSINESS DEVELOPMENT REPRESENTATIVE","BOARD MEMBER","","",""
"BUSINESS DIRECTOR","DIRECTOR OF BUSINESS","","",""
"BUSINESS MANAGEMENT","BUSINESS MANAGER","","",""
"BUSINESS MANAGER","BUSINESS MANAGER","","",""
"BUSINESS MANAGER AND FINANCE SECRETARY","MANAGER","","",""
"BUSINESS MANAGER AND FST","MANAGER","","",""
"BUSINESS MANAGER FINANCE SECRETARY","MANAGER","","",""
"BUSINESS MANAGER OF","MANAGER","","",""
"BUSINESS MANAGER OF FINANCE","MANAGER","","",""
"BUSINESS MANAGER P","MANAGER","","",""
"BUSINESS OFFICE MANAGER","MANAGER","","",""
"BUSINESS OFFICER","FINANCE OFFICER","","",""
"BUSINESS OPERATIONS","OPERATIONS","","",""
"BUSINESS OPERATIONS DIRECTOR","DIRECTOR","","",""
"BUSINESS OPERATIONS MANAGER","OPERATIONS","","",""
"BUSINESS RELATIONS","BOARD MEMBER","","",""
"BUSINESS REPRESENTATIVE","BUSINESS REPRESENTATIVE","","",""
"BUSINESS REPRESENTATIVE P","BOARD MEMBER","","",""
"BUSINESS SERVICES MANAGER","MANAGER","","",""
"BUYER","BOARD MEMBER","","",""
"BY LAWS","BOARD MEMBER","","",""
"BY LAWS CHAIR","BOARD MEMBER","","",""
"BYLAWS","BOARD MEMBER","","",""
"BYLAWS CHAIR","BOARD MEMBER","","",""
"BYLAWS COMMITTEE","BOARD MEMBER","","",""
"BYLAWS COMMITTEE CHAIR","BOARD MEMBER","committee","chair",""
"CA DIRECTOR","DIRECTOR","","",""
"CA NAR DIRECTOR","DIRECTOR","","",""
"CABINET MEMBER","BOARD MEMBER","","",""
"CABINET SECRETARY","BOARD SECRETARY","","",""
"CAC CHAIR","BOARD MEMBER","","",""
"CAFE MANAGER","MANAGER","","",""
"CALL STEWARD","BOARD MEMBER","","",""
"CAMP DIRECTOR","DIRECTOR","","","6"
"CAMP MANAGER","MANAGER","","",""
"CAMPAIGN CHAIR","BOARD MEMBER","committee","chair",""
"CAMPAIGN DIRECTOR","DIRECTOR","","",""
"CAMPAIGNS DIRECTOR","DIRECTOR","","",""
"CAMPUS DIRECTOR","DIRECTOR","","",""
"CAMPUS MINISTER","CHAPLAIN","","",""
"CAMPUS PRESIDENT","PRESIDENT","","",""
"CAMPUS REPRESENTATIVE","BOARD MEMBER","","",""
"CAMPUS VICE PRESIDENT","BOARD VICE PRESIDENT","","",""
"CANDIDATE REPRESENTATIVE","BOARD MEMBER","","",""
"CANTEEN MANAGER","MANAGER","","",""
"CANVASSMAN","BOARD MEMBER","","",""
"CAO","CHIEF ADMINISTRATIVE OFFICER","","",""
"CAPITAL CAMPAIGN CHAIR","BOARD MEMBER","","",""
"CAPITAL PROJECTS CHAIR","BOARD MEMBER","committee","chair",""
"CAPT","FIRE OFFICER","","",""
"CAPTAIN","FIRE OFFICER","","",""
"CAPTAIN AND DIRECTOR","DIRECTOR","","",""
"CAPTAIN GENERAL","BOARD VICE PRESIDENT","","",""
"CAPTAIN OF GUARD","BOARD MEMBER","","",""
"CAPTAINS REPRESENTATIVE","BOARD MEMBER","","",""
"CAPTIAN","FIRE OFFICER","","",""
"CAR DIRECTOR","DIRECTOR","","",""
"CARDIOLOGIST","DOCTOR","","",""
"CARDIOTHORACIC SURGEON","SURGEON","","",""
"CARDIOVASCULAR SURGEON","SURGEON","","",""
"CARE COORDINATOR","COORDINATOR","","",""
"CARE DIV OPERATIONS EXECUTIVE","OPERATIONS","","",""
"CAREGIVER","STAFF","","",""
"CARETAKER","CARETAKER","","",""
"CARRIER POLICY COMMITTEE CHAIR","BOARD MEMBER","committee","chair",""
"CASE MANAGER","MANAGER","","",""
"CASE WORKER","SOCIAL WORKER","","",""
"CAT COORDINATOR","BOARD MEMBER","","",""
"CATERING DIRECTOR","DIRECTOR","","",""
"CATHEDRAL REPRESENTATIVE","BOARD MEMBER","","",""
"CATHEDRAL VILLAGE BOARD MEMBER","BOARD MEMBER","","",""
"CAUCUS COUNCILOR","BOARD MEMBER","","","4"
"CB DIRECTOR","DIRECTOR","","",""
"CBO","CHIEF OFFICER","","",""
"CCF","BOARD MEMBER","","",""
"CCF REPRESENTATIVE","BOARD MEMBER","","",""
"CCO","CHIEF OFFICER","","",""
"CCS WW BOARD","BOARD MEMBER","","",""
"CCS WW VICE PRESIDENT","VICE PRESIDENT","","",""
"CDC BOARD MEMBER","BOARD MEMBER","","",""
"CDO","CHIEF DEVELOPMENT OFFICER","","","***worth a check if either development or data officer is already present?"
"CE CHAIR","BOARD MEMBER","","",""
"CE COMMITTEE CO-CHAIR","BOARD MEMBER","duplex","co",""
"CELEB BOARD","BOARD MEMBER","","",""
"CEMETERY BOARD","BOARD MEMBER","","",""
"CEMETERY MANAGER","MANAGER","","",""
"CENSOR","BOARD MEMBER","","",""
"CENTER DIRECTOR","DIRECTOR","","",""
"CENTER MANAGER","MANAGER","","",""
"CENTER MEDICAL DIRECTOR","DIRECTOR","","",""
"CEO","CEO","","",""
"CEO AND AHC","CEO","","",""
"CEO AND ASCENSION LIVING","CEO","","",""
"CEO AND BOARD","CEO","","",""
"CEO AND CHS","CEO","","",""
"CEO AND CNE","CEO","","",""
"CEO AND HEAD COACH","CEO","","",""
"CEO AND HEAD OF SCHOOL","CEO","","",""
"CEO AND PASTOR","CEO","","",""
"CEO AND PRESIDENT","CEO","","",""
"CEO AND PRINCIPAL","CEO","","",""
"CEO AND REGIONAL","CEO","regional","regional",""
"CEO AND SUPERINTENDENT","CEO","","",""
"CEO ARTISTIC DIRECTOR","DIRECTOR","","",""
"CEO ASPIRUS","CEO","","",""
"CEO BHS","CEO","","",""
"CEO BOARD MEMBER","CEO","","",""
"CEO BOARD PRESIDENT","CEO","","",""
"CEO CFO","CEO","","",""
"CEO CHAIR","CEO","","",""
"CEO CHI HEALTH","CEO","","",""
"CEO CHIEF PHILANTHROPY OFFICER","CHIEF","","",""
"CEO COMMITTEE CHAIR","BOARD MEMBER","committee","chair",""
"CEO DIRECTOR","DIRECTOR","","",""
"CEO EXECUTIVE DIRECTOR","CEO","","",""
"CEO FOUNDER","CEO","","",""
"CEO HMS","CEO","","",""
"CEO HNMC","CEO","","",""
"CEO MHS","CEO","","",""
"CEO OF ADMINISTRATION","CEO","","",""
"CEO OF ADVANCEMENT","CEO","","",""
"CEO OF AFFORDABLE HOUSING","CEO","","",""
"CEO OF BHS","CEO","","",""
"CEO OF CHI ST LUKE'S HEALTH SYSTEMS","CEO","","",""
"CEO OF FCH","CEO","","",""
"CEO OF FOUNDATION","CEO","","",""
"CEO OF MINISTRY MARKETING","CEO","","",""
"CEO OF MJH","CEO","","","Museum of Jewish Heritage"
"CEO OF OPERATIONS","OPERATIONS","","",""
"CEO OF SLS","CEO","","",""
"CEO OF SVCF","CEO","","",""
"CEO PRESIDENT","CEO","","","should be split to president of board and ceo"
"CEO REGIONAL","CEO","","",""
"CEO SCH O","CEO","","",""
"CEO SECRETARY","CEO","","",""
"CEO SJHS","CEO","","",""
"CEO WSH","CEO","","",""
"CEODIRECTOR","CEO","","",""
"CEOEXECUTIVE DIRECTOR","CEO","","",""
"CEOPRESIDENT","CEO","","",""
"CEREMONIAL MASTER","BOARD MEMBER","","",""
"CERTIFICATIO","BOARD MEMBER","","",""
"CERTIFICATION","BOARD MEMBER","","",""
"CERTIFICATION CHAIR","BOARD MEMBER","","",""
"CERTIFICATION DIRECTOR","DIRECTOR","","",""
"CERTIFIED NURSE PRACTITIONER","NURSE","","",""
"CERTIFIED NURSING ASSISTANT","NURSE","subordinate","assistant",""
"CFAO","CHIEF FINANCIAL OFFICER","","",""
"CFO","CHIEF FINANCIAL OFFICER","","","***worth a check for another finance officer or fundraising officer?"
"CFO AND ASCENSION LIVING","CHIEF FINANCIAL OFFICER","","",""
"CFO AND CHI HEALTH","CHIEF FINANCIAL OFFICER","","",""
"CFO AND CIO","CHIEF FINANCIAL OFFICER","","",""
"CFO AND CONTINUING CARE","CHIEF FINANCIAL OFFICER","","",""
"CFO AND TREASURER","CHIEF FINANCIAL OFFICER","","",""
"CFO AT SSM HEALTH","CHIEF FINANCIAL OFFICER","","",""
"CFO AVERA HEALTH","CHIEF FINANCIAL OFFICER","","",""
"CFO BAYCARE HOSP DIV","CHIEF FINANCIAL OFFICER","","",""
"CFO CFO","CHIEF FINANCIAL OFFICER","","",""
"CFO DIRECTOR","DIRECTOR","","",""
"CFO OF BHS","CHIEF FINANCIAL OFFICER","","",""
"CFO OF CHI ST LUKE'S HEALTH SYSTEMS","CHIEF FINANCIAL OFFICER","","",""
"CFO OF COMMONBOND","CHIEF FINANCIAL OFFICER","","",""
"CFO PHC","CHIEF FINANCIAL OFFICER","","",""
"CFO REGIONAL","CHIEF FINANCIAL OFFICER","","",""
"CFO SECRETARY","CHIEF FINANCIAL OFFICER","","",""
"CFO TREASURER","BOARD TREASURER","","",""
"CFO UPC AND ACO","CHIEF FINANCIAL OFFICER","","",""
"CFOO","CHIEF FINANCIAL OFFICER","","",""
"CFOTREASURER","CHIEF FINANCIAL OFFICER","","",""
"CG GENERAL","MILITARY","","","commanding general"
"CGO","CHIEF OFFICER","","",""
"CHAIR","BOARD PRESIDENT","","",""
"CHAIR ADVISO","BOARD MEMBER","","",""
"CHAIR ADVISOR","BOARD MEMBER","","",""
"CHAIR AND","BOARD MEMBER","committee","chair","4"
"CHAIR AND BOARD","BOARD MEMBER","committee","chair",""
"CHAIR AND BOARD OF TRUSTEES","BOARD PRESIDENT","","",""
"CHAIR AND ELEC","BOARD VICE PRESIDENT","","",""
"CHAIR AND P","BOARD PRESIDENT","","",""
"CHAIR AND PHYSICIAN","BOARD PRESIDENT","","",""
"CHAIR AND PRESIDENT","BOARD PRESIDENT","","",""
"CHAIR AND REGIONAL","BOARD MEMBER","","",""
"CHAIR APPOINTED","BOARD MEMBER","","",""
"CHAIR APPOINTED DIRECTOR","DIRECTOR","committee","chair",""
"CHAIR APPOINTEE","BOARD MEMBER","","",""
"CHAIR AUDIT","BOARD MEMBER","","",""
"CHAIR BOARD","BOARD PRESIDENT","","",""
"CHAIR BOARD MEMBER","BOARD PRESIDENT","","",""
"CHAIR BOARD OF DIRECTOR","DIRECTOR","committee","chair",""
"CHAIR BOARD OF DIRECTORS","BOARD PRESIDENT","","",""
"CHAIR BOARD OF TRUSTEES","BOARD PRESIDENT","","",""
"CHAIR CEO","CEO","committee","chair",""
"CHAIR CHAIR","BOARD PRESIDENT","","",""
"CHAIR DIRECTOR","BOARD PRESIDENT","","",""
"CHAIR ELE","BOARD VICE PRESIDENT","","","4"
"CHAIR EXECUTIVE","BOARD PRESIDENT","","",""
"CHAIR EXECUTIVE DIRECTOR","EXECUTIVE DIRECTOR","","",""
"CHAIR FACILITIES","BOARD MEMBER","committee","chair",""
"CHAIR GOVERNANCE","BOARD MEMBER","","",""
"CHAIR MEMBER","BOARD MEMBER","committee","chair","5"
"CHAIR OF 'S ADVANCEMENT COMMITTEE","BOARD MEMBER","","",""
"CHAIR OF ADMINISTRATION COMMITTEE","BOARD MEMBER","","",""
"CHAIR OF AUDIT","BOARD MEMBER","","",""
"CHAIR OF AUDIT AND FINANCE COMMITTEE","BOARD MEMBER","committee","chair",""
"CHAIR OF AUDIT COMMITTEE","BOARD MEMBER","committee","chair",""
"CHAIR OF B","BOARD PRESIDENT","","",""
"CHAIR OF BOARD","BOARD PRESIDENT","","",""
"CHAIR OF BOARD DEVELOPMENT","BOARD MEMBER","","",""
"CHAIR OF BOARD DIRECTOR","DIRECTOR","committee","chair",""
"CHAIR OF BOARD MEMBER","BOARD PRESIDENT","","",""
"CHAIR OF BOARD OF DIRECTOR","BOARD PRESIDENT","committee","chair",""
"CHAIR OF BOARD OF GOVERNOR","BOARD PRESIDENT","","",""
"CHAIR OF BOARD OF GOVERNORS","BOARD MEMBER","committee","chair",""
"CHAIR OF BOARD OF TRUSTEES","BOARD PRESIDENT","","",""
"CHAIR OF BOARD OFFICER","BOARD PRESIDENT","","",""
"CHAIR OF BUDGET AND FINANCE","BOARD MEMBER","committee","chair",""
"CHAIR OF COMMITTEE","BOARD MEMBER","committee","chair",""
"CHAIR OF COMMUNICATIONS","BOARD MEMBER","","",""
"CHAIR OF COMMUNICATIONS COMMITTEE","BOARD MEMBER","committee","chair",""
"CHAIR OF COUNCIL","BOARD PRESIDENT","","",""
"CHAIR OF DEVELOPMENT","BOARD MEMBER","","",""
"CHAIR OF DEVELOPMENT AND COMMUNICATIONS","BOARD MEMBER","committee","chair",""
"CHAIR OF DEVELOPMENT COMMITTEE","BOARD MEMBER","committee","chair",""
"CHAIR OF DIRECTOR","BOARD PRESIDENT","committee","chair",""
"CHAIR OF EDUCATION","BOARD MEMBER","committee","chair",""
"CHAIR OF EDUCATION COMMITTEE","BOARD MEMBER","committee","chair",""
"CHAIR OF EVENTS","BOARD MEMBER","","",""
"CHAIR OF EXECUTIVE COMMITTEE","BOARD PRESIDENT","committee","chair",""
"CHAIR OF FINANCE","BOARD MEMBER","committee","chair",""
"CHAIR OF FINANCE COMMITTEE","BOARD MEMBER","committee","chair",""
"CHAIR OF FOUNDATION","BOARD MEMBER","","",""
"CHAIR OF FUNDRAISING","BOARD MEMBER","","",""
"CHAIR OF FUNDRAISING COMMITTEE","BOARD MEMBER","","",""
"CHAIR OF GOVERNANCE","BOARD MEMBER","","",""
"CHAIR OF GOVERNANCE COMMITTEE","BOARD MEMBER","committee","chair",""
"CHAIR OF GOVERNOR","BOARD MEMBER","","",""
"CHAIR OF HOUSE COMMITTEE","BOARD MEMBER","committee","chair",""
"CHAIR OF HUMAN RESOURCES","BOARD MEMBER","","",""
"CHAIR OF HUMAN RESOURCES COMMITTEE","BOARD MEMBER","","",""
"CHAIR OF INVESTMENT COMMITTEE","BOARD MEMBER","committee","chair",""
"CHAIR OF MARKETING","BOARD MEMBER","committee","chair",""
"CHAIR OF MARKETING COMMITTEE","BOARD MEMBER","committee","chair",""
"CHAIR OF MEMBER","BOARD MEMBER","","",""
"CHAIR OF MEMBERSHIP","BOARD MEMBER","","",""
"CHAIR OF MEMBERSHIP COMMITTEE","BOARD MEMBER","committee","chair",""
"CHAIR OF NOMINATING","BOARD MEMBER","","",""
"CHAIR OF NOMINATING COMMITTEE","BOARD MEMBER","committee","chair",""
"CHAIR OF OPERATIONS","BOARD MEMBER","committee","chair",""
"CHAIR OF OUTREACH COMMITTEE","BOARD MEMBER","committee","chair",""
"CHAIR OF PRESIDENT","BOARD PRESIDENT","","",""
"CHAIR OF PROGRAMS","BOARD MEMBER","","",""
"CHAIR OF PROGRAMS COMMITTEE","BOARD MEMBER","committee","chair",""
"CHAIR OF RADIOLOGY","MEDICAL DIRECTOR","","",""
"CHAIR OF REGIONAL","BOARD MEMBER","","",""
"CHAIR OF REGIONAL COMMITTEE","BOARD MEMBER","regional","regional",""
"CHAIR OF SCHOLARSHIPS COMMITTEE","BOARD MEMBER","committee","chair",""
"CHAIR OF STRATEGY PLANNING","BOARD MEMBER","","",""
"CHAIR OF SUPERVISORY COMMITTEE","BOARD MEMBER","committee","chair",""
"CHAIR OF SURGERY","MEDICAL DIRECTOR","","",""
"CHAIR OF TECHNOLOGY","BOARD MEMBER","","",""
"CHAIR OF TREASURER","BOARD MEMBER","","",""
"CHAIR OF TRUSTEE","BOARD PRESIDENT","","",""
"CHAIR OF TRUSTEES","BOARD PRESIDENT","","",""
"CHAIR P","BOARD PRESIDENT","","",""
"CHAIR PERSON","BOARD PRESIDENT","","",""
"CHAIR PRESIDENT","BOARD PRESIDENT","","",""
"CHAIR PROGRAMS","BOARD MEMBER","","",""
"CHAIR REGIONAL","BOARD MEMBER","","",""
"CHAIR SECRETARY","BOARD SECRETARY","","",""
"CHAIR SHIFT REPRESENTATIVE","BOARD MEMBER","committee","chair",""
"CHAIR SURGERY","MEDICAL DIRECTOR","","",""
"CHAIR TREASURER","BOARD PRESIDENT","committee","chair",""
"CHAIR TRUSTEE","BOARD PRESIDENT","","","4"
"CHAIR TRUSTEES","BOARD PRESIDENT","","",""
"CHAIR'S CLUB DIRECTOR","DIRECTOR","committee","chair",""
"CHAIR'S COUNCIL","BOARD MEMBER","committee","chair",""
"CHAIR: AFC","BOARD MEMBER","","",""
"CHAIR: HSC","BOARD MEMBER","","",""
"CHAMBER CHAIR","BOARD MEMBER","","",""
"CHAMBER DIRECTOR","DIRECTOR","","",""
"CHAMBER PRESIDENT","PRESIDENT","","",""
"CHAMBER REPRESENTATIVE","BOARD MEMBER","","",""
"CHAMPLAIN","BOARD MEMBER","","",""
"CHANCELLOR","CEO","","","*If officer and paid"
"CHANCELLOR AND TRUSTEE","CEO","","",""
"CHAPLA","BOARD MEMBER","","",""
"CHAPLAIN","BOARD MEMBER","","",""
"CHAPLAIN GENERAL","CHAPLAIN","","",""
"CHAPLAN","BOARD MEMBER","","",""
"CHAPLIAN","BOARD MEMBER","","",""
"CHAPLIN","BOARD MEMBER","","",""
"CHAPTER DIRECTOR","BOARD MEMBER","","",""
"CHAPTERS DIRECTOR","DIRECTOR","","",""
"CHAPTERS REPRESENTATIVE","BOARD MEMBER","","",""
"CHARGE NURSE","NURSE","","",""
"CHARIMAN","BOARD PRESIDENT","","",""
"CHARIMAN AND DIRECTOR","DIRECTOR","","",""
"CHARIMAN OF BOARD","BOARD PRESIDENT","","",""
"CHARIPERSON","BOARD PRESIDENT","","",""
"CHARITY DIRECTOR","DIRECTOR","","",""
"CHARMAN","BOARD PRESIDENT","","",""
"CHARTER MEMBER","BOARD MEMBER","","",""
"CHARTER ORGANIZATION REPRESENTATIVE","BOARD MEMBER","","",""
"CHARTER REPRESENTATIVE","BOARD MEMBER","","",""
"CHARTER TRUSTEE","BOARD MEMBER","","",""
"CHARTERED ORGANIZATION REPRESENTATIVE","BOARD MEMBER","","",""
"CHARTERED REPRESENTATIVE","BOARD MEMBER","","",""
"CHC REPRESENTATIVE","BOARD MEMBER","","",""
"CHEER COMMIS","BOARD MEMBER","","",""
"CHEER COMMISSIONER","BOARD MEMBER","","",""
"CHEER COORDINATOR","BOARD MEMBER","","",""
"CHEER DIRECTOR","BOARD MEMBER","","",""
"CHEERLEADING","BOARD MEMBER","","",""
"CHEERLEADING DIRECTOR","DIRECTOR","","",""
"CHEF","CHEF","","",""
"CHEF DE GARE","BOARD MEMBER","","",""
"CHEIF","FIRE CHIEF","","",""
"CHEIF EXECUTIVE OFFICER","CEO","","",""
"CHEIF FINANCE OFFICER","CHIEF FINANCIAL OFFICER","","","4"
"CHEIF OPERATING OFFICER","CHIEF OPERATING OFFICER","","",""
"CHEIF OPERATIONS OFFICER","OPERATIONS","","",""
"CHI SENIOR VICE PRESIDENT DIVISION OFFICER","SENIOR VICE PRESIDENT","","",""
"CHIEF","FIRE CHIEF","","",""
"CHIEF ACADEMICS","CHIEF ACADEMICS OFFICER","","",""
"CHIEF ACADEMICS OFFICER","CHIEF ACADEMICS OFFICER","","","4"
"CHIEF ACCOUN","CHIEF ACCOUNTANT","superior","chief","*only including titles with at least 2 occurrences"
"CHIEF ACCOUNTANT","CHIEF ACCOUNTANT","superior","chief",""
"CHIEF ACCOUNTING OFFICER","CHIEF OFFICER","","",""
"CHIEF ACTUARY","CHIEF","","",""
"CHIEF ADMINISTRATION","CHIEF ADMINISTRATION OFFICER","","",""
"CHIEF ADMINISTRATION OFFICER","CHIEF ADMINISTRATIVE OFFICER","","",""
"CHIEF ADMINISTRATIVE OFFICER","CHIEF ADMINISTRATIVE OFFICER","","",""
"CHIEF ADMINISTRATIVE OFFICER MCHP","CHIEF","","",""
"CHIEF ADMINISTRATOR","CHIEF","","",""
"CHIEF ADVANCEMENT","CHIEF","","",""
"CHIEF ADVANCEMENT OFFICER","CHIEF DEVELOPMENT OFFICER","","",""
"CHIEF ADVISOR","CHIEF","","",""
"CHIEF ADVOCACY OFFICER","CHIEF OFFICER","","",""
"CHIEF AMBULATORY SERVICES OFFICER","CHIEF OFFICER","","",""
"CHIEF ARCHITECT","CHIEF ARCHITECT","superior","chief",""
"CHIEF ARTISTIC OFFICER","CHIEF ARTISTIC OFFICER","","",""
"CHIEF ASSESSMENT OFFICER","CHIEF OFFICER","","",""
"CHIEF AUDIT EXECUTIVE","CHIEF","","",""
"CHIEF BEHAVIORAL HEALTH OFFICER","CHIEF OFFICER","","",""
"CHIEF BENEFITS OFFICER","CHIEF OFFICER","","",""
"CHIEF BRAND OFFICER","CHIEF OFFICER","","",""
"CHIEF BUSINESS","CHIEF","","",""
"CHIEF BUSINESS DEVELOPMENT","CHIEF","","",""
"CHIEF BUSINESS DEVELOPMENT OFFICER","CHIEF BUSINESS DEVELOPMENT OFFICER","","",""
"CHIEF BUSINESS DEVELOPMENT OFFICER PRESIDENT","CHIEF","","",""
"CHIEF BUSINESS OFFICER","CHIEF OFFICER","","",""
"CHIEF CAMPAIGN OFFICER","CHIEF OFFICER","","",""
"CHIEF CEO","CEO","superior","chief",""
"CHIEF CIVIC PROGRAMS OFFICER","CHIEF CIVIC PROGRAMS OFFICER","","",""
"CHIEF CLERK","CHIEF CLERK","superior","chief",""
"CHIEF CLINIC","CHIEF","","",""
"CHIEF CLINICAL AND COMPLIANCE OFFICER","CHIEF OFFICER","","",""
"CHIEF CLINICAL OFFICER","CHIEF CLINICAL OFFICER","","","7"
"CHIEF CLINICAL OPERATIONS OFFICER","CHIEF OFFICER","","",""
"CHIEF COLLECTIONS OFFICER","CHIEF COLLECTIONS OFFICER","","",""
"CHIEF COMMERCIAL OFFICER","CHIEF OFFICER","","",""
"CHIEF COMMERICAL OFFICER","CHIEF OFFICER","","",""
"CHIEF COMMITTEE","CHIEF OFFICER","","",""
"CHIEF COMMITTEE AND MARKETING OFFICER","CHIEF OFFICER","","",""
"CHIEF COMMITTEE AND PLAN OFFICER","CHIEF OFFICER","","",""
"CHIEF COMMITTEE OFFICER","CHIEF OFFICER","","",""
"CHIEF COMMUNICATIONS","CHIEF","","",""
"CHIEF COMMUNICATIONS AND MARKETING OFFICER","CHIEF OFFICER","","",""
"CHIEF COMMUNICATIONS OFFICER","CHIEF OFFICER","","",""
"CHIEF COMMUNITY ENGAGEMENT OFFICER","CHIEF OFFICER","","",""
"CHIEF COMMUNITY IMPACT OFFICER","CHIEF OFFICER","","",""
"CHIEF COMMUNITY OFFICER","CHIEF OFFICER","","",""
"CHIEF COMMUNITY RELATIONS OFFICER","CHIEF OFFICER","","",""
"CHIEF COMP OFFICER","CHIEF OFFICER","","",""
"CHIEF COMPLIANCE","CHIEF","","",""
"CHIEF COMPLIANCE AND PRIVACY OFFICER","CHIEF OFFICER","","",""
"CHIEF COMPLIANCE OFFICER","CHIEF OFFICER","","",""
"CHIEF CONSERVATION OFFICER","CHIEF OFFICER","","",""
"CHIEF CONSTRUCTION OFFICER","CHIEF OFFICER","","",""
"CHIEF CONTENT OFFICER","CHIEF CONTENT OFFICER","","",""
"CHIEF COUNSEL","CHIEF","","",""
"CHIEF CREATIVE OFFICER","CHIEF OFFICER","","",""
"CHIEF CREDIT OFFICER","CHIEF OFFICER","","",""
"CHIEF CRNA","CHIEF","","",""
"CHIEF CULTURE AND INTEGRATION OFFICER","CHIEF OFFICER","","",""
"CHIEF CULTURE OFFICER","CHIEF OFFICER","","",""
"CHIEF CURATOR","CHIEF CURATOR","superior","chief",""
"CHIEF CUSTOMER OFFICER","CHIEF OFFICER","","",""
"CHIEF DATA OFFICER","CHIEF OFFICER","","",""
"CHIEF DELEGA","CHIEF","","",""
"CHIEF DELEGATE","CHIEF","","",""
"CHIEF DENTAL","CHIEF","","",""
"CHIEF DENTAL OFFICER","CHIEF OFFICER","","",""
"CHIEF DEVELOPMENT","CHIEF","","",""
"CHIEF DEVELOPMENT AND COMMUNICATIONS OFFICER","CHIEF OFFICER","","",""
"CHIEF DEVELOPMENT AND MARKETING","CHIEF","","",""
"CHIEF DEVELOPMENT AND MARKETING OFFICER","CHIEF OFFICER","","",""
"CHIEF DEVELOPMENT O","CHIEF DEVELOPMENT OFFICER","","",""
"CHIEF DEVELOPMENT OFFICER","CHIEF DEVELOPMENT OFFICER","","",""
"CHIEF DIGITAL AND INFORMATION OFFICER","CHIEF OFFICER","","",""
"CHIEF DIGITAL HEALTH OFFICER","CHIEF OFFICER","","",""
"CHIEF DIGITAL OFFICER","CHIEF DIGITAL OFFICER","","",""
"CHIEF DIRECTOR","DIRECTOR","","",""
"CHIEF DIVERSITY OFFICER","CHIEF OFFICER","","",""
"CHIEF ECONOMIC DEVELOPMENT OFFICER","CHIEF OFFICER","","",""
"CHIEF ECONOMIST","CHIEF","","",""
"CHIEF EDITOR","CHIEF","","",""
"CHIEF EDUCATION OFFICER","CHIEF OFFICER","","",""
"CHIEF ENGAGEMENT OFFICER","CHIEF ENGAGEMENT OFFICER","","",""
"CHIEF ENGINE","CHIEF","","",""
"CHIEF ENGINEER","CHIEF","","",""
"CHIEF EQUITY OFFICER","CHIEF OFFICER","","",""
"CHIEF ETHICS AND COMPLIANCE OFFICER","CHIEF OFFICER","","",""
"CHIEF EXECUTIVE","CEO","","",""
"CHIEF EXECUTIVE AND AFFORDABLE HOUSING","CHIEF","","",""
"CHIEF EXECUTIVE DIRECTOR","CEO","","",""
"CHIEF EXECUTIVE OFFICER","CEO","","",""
"CHIEF EXTERNAL AFFAIRS","CHIEF","","",""
"CHIEF EXTERNAL AFFAIRS OFFICER","CHIEF OFFICER","","",""
"CHIEF EXTERNAL RELATIONS OFFICER","CHIEF OFFICER","","",""
"CHIEF FACILITIES OFFICER","CHIEF OFFICER","","",""
"CHIEF FIELD OFFICER","CHIEF OFFICER","","",""
"CHIEF FINANCE","CHIEF FINANCIAL OFFICER","","",""
"CHIEF FINANCE AND ADMINISTRATION","CHIEF FINANCIAL OFFICER","","",""
"CHIEF FINANCE AND AND ADMINISTRATION","CHIEF FINANCIAL OFFICER","","",""
"CHIEF FINANCE AND OPERATIONS","CHIEF","","",""
"CHIEF FINANCE O","CHIEF","","",""
"CHIEF FINANCE OFFICER","CHIEF FINANCIAL OFFICER","","",""
"CHIEF FINANCE'L","CHIEF","","",""
"CHIEF FINANCIAL OFFICER","CHIEF FINANCIAL OFFICER","","",""
"CHIEF FISCAL OFFICER","CHIEF FINANCIAL OFFICER","","",""
"CHIEF FLIGHT INSTRUCTOR","CHIEF","","",""
"CHIEF FUNDRAISING OFFICER","CHIEF OFFICER","","",""
"CHIEF GENERAL COUNSEL","CHIEF","","",""
"CHIEF GOVERNANCE OFFICER","CHIEF OFFICER","","",""
"CHIEF GOVERNMENT AFFAIRS OFFICER","CHIEF OFFICER","","",""
"CHIEF GOVERNMENT RELATIONS OFFICER","CHIEF OFFICER","","",""
"CHIEF GROWTH","CHIEF","","",""
"CHIEF GROWTH OFFICER","CHIEF OFFICER","","",""
"CHIEF HEALTH OFFICER","CHIEF OFFICER","","",""
"CHIEF HISTORIAN","CHIEF HISTORIAN","superior","chief",""
"CHIEF HOUSING OFFICER","CHIEF OFFICER","","",""
"CHIEF HUMAN CAPITAL OFFICER","CHIEF OFFICER","","",""
"CHIEF HUMAN RESOURCES","CHIEF","","",""
"CHIEF HUMAN RESOURCES AND DIVERSITY OFFICER","CHIEF OFFICER","","",""
"CHIEF HUMAN RESOURCES DIRECTOR","DIRECTOR","","",""
"CHIEF HUMAN RESOURCES OFFICER","CHIEF HUMAN RESOURCES OFFICER","","",""
"CHIEF IMAM","CHIEF IMAM","superior","chief",""
"CHIEF IMPACT","CHIEF","","",""
"CHIEF IMPACT OFFICER","CHIEF OFFICER","","",""
"CHIEF IMPACT STRATEGY OFFICER","CHIEF OFFICER","","",""
"CHIEF INCLUSION OFFICER","CHIEF OFFICER","","",""
"CHIEF INFORMATION","CHIEF","","",""
"CHIEF INFORMATION AND SECURITY OFFICER","CHIEF OFFICER","","",""
"CHIEF INFORMATION AND TECHNOLOGY OFFICER","CHIEF OFFICER","","",""
"CHIEF INFORMATION O","CHIEF","","",""
"CHIEF INFORMATION OFFICER","CHIEF INFORMATION OFFICER","","",""
"CHIEF INFORMATION SECURITY","CHIEF","","",""
"CHIEF INFORMATION SECURITY OFFICER","CHIEF OFFICER","","",""
"CHIEF INFORMATION TECHNOLOGY OFFICER","CHIEF OFFICER","","",""
"CHIEF INNOVATION OFFICER","CHIEF INNOVATION OFFICER","","",""
"CHIEF INSIGHTS OFFICER","CHIEF INSIGHTS OFFICER","","",""
"CHIEF INSTITUTIONAL ADVANCEMENT OFFICER","CHIEF DEVELOPMENT OFFICER","","",""
"CHIEF INSTRU","CHIEF","","",""
"CHIEF INSTRUCTOR","CHIEF","","",""
"CHIEF INTEGRATION OFFICER","CHIEF OFFICER","","",""
"CHIEF INVEST OFFICER","CHIEF OFFICER","","",""
"CHIEF INVESTMENT OFFICER","CHIEF INVESTMENT OFFICER","","","7"
"CHIEF INVESTMENTS OFFICER","CHIEF OFFICER","","",""
"CHIEF IT OFFICER","CHIEF OFFICER","","",""
"CHIEF JUSTIC","CHIEF","","",""
"CHIEF JUSTICE","CHIEF","","",""
"CHIEF KNOWLEDGE OFFICER","CHIEF OFFICER","","",""
"CHIEF LABOR EE COUNSEL","GENERAL COUNSEL","","",""
"CHIEF LABORATORY OFFICER","CHIEF OFFICER","","",""
"CHIEF LEARNING OFFICER","CHIEF LEARNING OFFICER","","",""
"CHIEF LEGAL","CHIEF","","",""
"CHIEF LEGAL AND COMPLIANCE OFFICER","CHIEF OFFICER","","",""
"CHIEF LEGAL AND POLICY OFFICER","CHIEF OFFICER","","",""
"CHIEF LEGAL COUNSEL","CHIEF","","",""
"CHIEF LEGAL COUNSEL OF FREE","CHIEF LEGAL OFFICER","","",""
"CHIEF LEGAL OFFICER","CHIEF LEGAL OFFICER","","",""
"CHIEF LEGAL OFFICER AND GC","CHIEF","","",""
"CHIEF LENDIN","CHIEF","","",""
"CHIEF LENDING OFFICER","CHIEF OFFICER","","",""
"CHIEF LINEMAN","CHIEF","","",""
"CHIEF LOAN OFFICER","CHIEF OFFICER","","",""
"CHIEF LOGISTICS OFFICER","CHIEF OFFICER","","",""
"CHIEF MARKETING","CHIEF MARKETING OFFICER","","",""
"CHIEF MARKETING AND COMMITTEE OFFICER","CHIEF OFFICER","","",""
"CHIEF MARKETING AND COMMUNICATIONS","CHIEF MARKETING OFFICER","","",""
"CHIEF MARKETING AND COMMUNICATIONS OFFICER","CHIEF OFFICER","","",""
"CHIEF MARKETING AND DEVELOPMENT OFFICER","CHIEF OFFICER","","",""
"CHIEF MARKETING AND ENGAGEMENT OFFICER","CHIEF OFFICER","","",""
"CHIEF MARKETING AND EXPERIENCE OFFICER","CHIEF OFFICER","","",""
"CHIEF MARKETING O","CHIEF MARKETING OFFICER","","",""
"CHIEF MARKETING OFFICER","CHIEF MARKETING OFFICER","","",""
"CHIEF MARSHAL","CHIEF MARSHAL","","",""
"CHIEF MECHAN","CHIEF","","",""
"CHIEF MECHANICAL OFFICER","CHIEF MECHANICAL OFFICER","","",""
"CHIEF MED","CHIEF MEDICAL OFFICER","","",""
"CHIEF MED INFORMATION OFFICER","CHIEF OFFICER","","",""
"CHIEF MED OFFICER","CHIEF OFFICER","","",""
"CHIEF MEDICA","CHIEF","","",""
"CHIEF MEDICAL DIRECTOR","DIRECTOR","","",""
"CHIEF MEDICAL EXECUTIVE","CHIEF","","",""
"CHIEF MEDICAL INFORMATION OFFICER","CHIEF OFFICER","","",""
"CHIEF MEDICAL OFFICER","CHIEF MEDICAL OFFICER","","",""
"CHIEF MEDICAL OFFICER AND HOSPICE","CHIEF","","",""
"CHIEF MEDICAL OFFICER HOSPITAL","CHIEF","","",""
"CHIEF MEDICAL PHYSICIST","CHIEF","","",""
"CHIEF MEMBER","CHIEF","","",""
"CHIEF MEMBER OF EXPERIENCE OFFICER","CHIEF OFFICER","","",""
"CHIEF MEMBER SERVICES OFFICER","CHIEF OFFICER","","",""
"CHIEF MEMBERSHIP OFFICER","CHIEF OFFICER","","",""
"CHIEF MINISTRY OFFICER","CHIEF OFFICER","","",""
"CHIEF MISSION OFFICER","CHIEF OFFICER","","",""
"CHIEF MORTGAGE OFFICER","CHIEF OFFICER","","",""
"CHIEF NEGOTIATO","CHIEF","","",""
"CHIEF NEGOTIATOR","CHIEF","","",""
"CHIEF NETWORK OFFICER","CHIEF OFFICER","","",""
"CHIEF NRSG OFFICER","CHIEF NURSING OFFICER","","",""
"CHIEF NURSE EXECUTIVE","CHIEF","","",""
"CHIEF NURSIN","CHIEF NURSING OFFICER","","",""
"CHIEF NURSING EXECUTIVE","CHIEF","","",""
"CHIEF NURSING OFFICER","CHIEF NURSING OFFICER","","","8"
"CHIEF OF","CHIEF","","",""
"CHIEF OF ACADEMICS","CHIEF ACADEMICS OFFICER","","",""
"CHIEF OF ADMINISTRATION","CHIEF","","",""
"CHIEF OF DEPARTMENT","FIRE CHIEF","","",""
"CHIEF OF DEPUTY","CHIEF","subordinate","deputy",""
"CHIEF OF DEVELOPMENT","CHIEF DEVELOPMENT OFFICER","","",""
"CHIEF OF EXTERNAL AFFAIRS","CHIEF","","",""
"CHIEF OF FIR","CHIEF","","",""
"CHIEF OF HUMAN RESOURCES","CHIEF HUMAN RESOURCES OFFICER","","",""
"CHIEF OF MED","CHIEF","","",""
"CHIEF OF MEDICAL STAFF","PRESIDENT OF MEDICAL STAFF","","",""
"CHIEF OF MEDICINE","MEDICAL DIRECTOR","","",""
"CHIEF OF MISSION ADVANCEMENT","CHIEF","","",""
"CHIEF OF OPERATIONS","CHIEF OPERATING OFFICER","","",""
"CHIEF OF OPERATIONS AND FINANCE","CHIEF FINANCIAL OFFICER","","",""
"CHIEF OF PARTY","CHIEF","","",""
"CHIEF OF PEOPLE AND CULTURE","CHIEF","","",""
"CHIEF OF POLICE","CHIEF","","",""
"CHIEF OF PRO","CHIEF","","",""
"CHIEF OF PROGRAMS","CHIEF","","",""
"CHIEF OF RECORDS","CHIEF","","",""
"CHIEF OF S","CHIEF","","",""
"CHIEF OF SCHOOLS","CHIEF OFFICER","","",""
"CHIEF OF ST","CHIEF","","",""
"CHIEF OF STA","CHIEF OF STAFF","superior","chief",""
"CHIEF OF STAFF","CHIEF OF STAFF","superior","chief",""
"CHIEF OF STAFF AND COO","CHIEF","","",""
"CHIEF OF STAFF AND DIRECTOR","DIRECTOR","","",""
"CHIEF OF STAFF AND SECRETARY","CHIEF","","",""
"CHIEF OF SURGERY","CHIEF","","",""
"CHIEF OFFICER","CHIEF OFFICER","","",""
"CHIEF OFFICER OF SCI AND EDU","CHIEF SCIENTIFIC OFFICER","","",""
"CHIEF OPERATING OFFICER","CHIEF OPERATING OFFICER","","",""
"CHIEF OPERATIONS","CHIEF OPERATING OFFICER","","",""
"CHIEF OPERATIONS OFFICER","CHIEF OPERATING OFFICER","","",""
"CHIEF OUTREACH OFFICER","CHIEF OFFICER","","",""
"CHIEF PARTNERSHIP OFFICER","CHIEF PARTNERSHIP OFFICER","","",""
"CHIEF PARTNERSHIPS OFFICER","CHIEF OFFICER","","",""
"CHIEF PEOPLE AND CULTURE OFFICER","CHIEF OFFICER","","",""
"CHIEF PEOPLE AND STRATEGY OFFICER","CHIEF OFFICER","","",""
"CHIEF PEOPLE OFFICER","CHIEF OFFICER","","",""
"CHIEF PERFORMANCE OFFICER","CHIEF OFFICER","","",""
"CHIEF PHARMACY OFFICER","CHIEF OFFICER","","",""
"CHIEF PHIL OFFICER","CHIEF OFFICER","","",""
"CHIEF PHILANTHROPY","CHIEF","","",""
"CHIEF PHILANTHROPY OFFICER","CHIEF PHILANTHROPY OFFICER","","",""
"CHIEF PHILANTHROPY OFFICER SH","CHIEF","","",""
"CHIEF PHYSICIAN EXECUTIVE","CHIEF","","",""
"CHIEF PHYSICIAN OFFICER","CHIEF OFFICER","","",""
"CHIEF PHYSICIST","SCIENTIST","","",""
"CHIEF PILOT","CHIEF","","",""
"CHIEF PLANNING OFFICER","CHIEF OFFICER","","",""
"CHIEF POLICY","CHIEF","","",""
"CHIEF POLICY COUNSEL","CHIEF","","",""
"CHIEF POLICY OFFICER","CHIEF OFFICER","","",""
"CHIEF POPULATION HEALTH OFFICER","CHIEF OFFICER","","",""
"CHIEF PORTFOLIO OFFICER","CHIEF OFFICER","","",""
"CHIEF PRESIDENT","CHIEF","","",""
"CHIEF PRODUCT OFFICER","CHIEF OFFICER","","",""
"CHIEF PROFESSIONAL OFFICER","CHIEF OFFICER","","",""
"CHIEF PROGRAMMING OFFICER","CHIEF OFFICER","","",""
"CHIEF PROGRAMS","CHIEF","","",""
"CHIEF PROGRAMS AND POLICY OFFICER","CHIEF OFFICER","","",""
"CHIEF PROGRAMS AND SERVICE OFFICER","CHIEF OFFICER","","",""
"CHIEF PROGRAMS O","CHIEF","","",""
"CHIEF PROGRAMS OFFICER","CHIEF PROGRAMS OFFICER","","",""
"CHIEF PROJECTS OFFICER","CHIEF OFFICER","","",""
"CHIEF PSYCHIATRIST","MEDICAL DIRECTOR","","",""
"CHIEF PUBLIC AFFAIRS OFFICER","CHIEF OFFICER","","",""
"CHIEF PUBLIC POLICY OFFICER","CHIEF OFFICER","","",""
"CHIEF PUBLISHING OFFICER","CHIEF OFFICER","","",""
"CHIEF QUALITY OFFICER","CHIEF OFFICER","","",""
"CHIEF RABAN","CHIEF","","",""
"CHIEF RABBAN","BOARD VICE PRESIDENT","","","4"
"CHIEF RANGE","CHIEF","","",""
"CHIEF RANGE OFFICER","BOARD MEMBER","","",""
"CHIEF REAL ESTATE DEVELOPMENT OFFICER","CHIEF OFFICER","","",""
"CHIEF REAL ESTATE OFFICER","CHIEF OFFICER","","",""
"CHIEF REGIONAL OFFICER","CHIEF OFFICER","regional","regional",""
"CHIEF REGULATORY OFFICER","CHIEF OFFICER","","",""
"CHIEF RELATIONS OFFICER","CHIEF RELATIONS OFFICER","","",""
"CHIEF REPRESENTATIVE","CHIEF","","",""
"CHIEF RESEARCH OFFICER","CHIEF OFFICER","","",""
"CHIEF RESIDENTIAL SRVCS AND HCC","CHIEF","","",""
"CHIEF RESOURCES OFFICER","CHIEF OFFICER","","",""
"CHIEF RETAIL OFFICER","CHIEF OFFICER","","",""
"CHIEF REVENU","CHIEF","","",""
"CHIEF REVENUE OFFICER","CHIEF OFFICER","","",""
"CHIEF RISK OFFICER","CHIEF OFFICER","","",""
"CHIEF SALES OFFICER","CHIEF OFFICER","","",""
"CHIEF SCHOOLS OFFICER","CHIEF OFFICER","","",""
"CHIEF SCI OFFICER","CHIEF OFFICER","","",""
"CHIEF SCIENC","CHIEF","","",""
"CHIEF SCIENCE OFFICER","CHIEF SCIENTIFIC OFFICER","","",""
"CHIEF SCIENTIFIC OFFICER","CHIEF SCIENTIFIC OFFICER","","",""
"CHIEF SCIENTIST","CHIEF","","",""
"CHIEF SECRETARY","CHIEF","","",""
"CHIEF SECURITY OFFICER","CHIEF OFFICER","","",""
"CHIEF SERVICES OFFICER","CHIEF OFFICER","","",""
"CHIEF SHOP STEWARD","CHIEF","","",""
"CHIEF SOLUTIONS OFFICER","CHIEF OFFICER","","",""
"CHIEF SPONSORSHIP OFFICER","CHIEF OFFICER","","",""
"CHIEF STATEGY OFFICER","CHIEF OFFICER","","",""
"CHIEF STEWAR","BOARD MEMBER","","",""
"CHIEF STEWARD","BOARD MEMBER","","",""
"CHIEF STEWARD TRUSTEE","CHIEF","","",""
"CHIEF STEWART","CHIEF","","",""
"CHIEF STRATEGY","CHIEF STRATEGY OFFICER","","",""
"CHIEF STRATEGY AND DEVELOPMENT","CHIEF STRATEGY OFFICER","","",""
"CHIEF STRATEGY AND IMPACT OFFICER","CHIEF OFFICER","","",""
"CHIEF STRATEGY AND OPERATIONS OFFICER","CHIEF OFFICER","","",""
"CHIEF STRATEGY OFFICER","CHIEF STRATEGY OFFICER","","",""
"CHIEF SUPPLY CHAIR OFFICER","CHIEF OFFICER","committee","chair",""
"CHIEF SUSTAINABILITY OFFICER","CHIEF SUSTAINABILITY OFFICER","","",""
"CHIEF TALENT OFFICER","CHIEF HUMAN RESOURCES OFFICER","","",""
"CHIEF TAX OFFICER","CHIEF OFFICER","","",""
"CHIEF TECHNOLOGY","CHIEF TECHNOLOGY OFFICER","","",""
"CHIEF TECHNOLOGY AND PRODUCT","CHIEF TECHNOLOGY OFFICER","","",""
"CHIEF TECHNOLOGY O","CHIEF","","",""
"CHIEF TECHNOLOGY OFFICER","CHIEF TECHNOLOGY OFFICER","","",""
"CHIEF TRAINING OFFICER","CHIEF OFFICER","","",""
"CHIEF TRANSFORMATION OFFICER","CHIEF OFFICER","","",""
"CHIEF TRUST OFFICER","CHIEF OFFICER","","",""
"CHIEF TRUSTEE","CHIEF","","",""
"CHIEF UMPIRE","CHIEF","","",""
"CHIEF VETERINARY OFFICER","CHIEF OFFICER","","",""
"CHIEF VISIONARY OFFICER","CHIEF OFFICER","","",""
"CHIEF VOLUNTEER OFFICER","BOARD PRESIDENT","","",""
"CHIEFS REPRESENTATIVE","BOARD MEMBER","","",""
"CHILD CARE DIRECTOR","DIRECTOR","","",""
"CHILD CARE WOR","STAFF","","",""
"CHILD CARE WORKER","STAFF","","",""
"CHILD PSYCHIATRIST","DOCTOR","","",""
"CHILDCARE DIRECTOR","DIRECTOR","","",""
"CHINESE SECRETARY","BOARD SECRETARY","","",""
"CHOIR DIRECTOR","DIRECTOR","","",""
"CHOIR MANAGER","MANAGER","","",""
"CHOIR REPRESENTATIVE TO BOARD","BOARD MEMBER","","",""
"CHORAL DIRECTOR","DIRECTOR","","",""
"CHORAL PARENT REPRESENTATIVE","BOARD MEMBER","","",""
"CHOREOGRAPHER","BOARD MEMBER","","",""
"CHORUS DIRECTOR","DIRECTOR","","",""
"CHORUS MANAGER","MANAGER","","",""
"CHORUS PRESIDENT","BOARD MEMBER","","",""
"CHORUS REPRESENTATIVE","BOARD MEMBER","","",""
"CHPT AND PRESIDENT","BOARD MEMBER","","",""
"CHPT AND SECRETARY","BOARD MEMBER","","",""
"CHPT AND TREASURER","BOARD MEMBER","","",""
"CHPT AND VICE PRESIDENT","BOARD MEMBER","","",""
"CHPT REPRESENTATIVE","BOARD MEMBER","","",""
"CHRO","CHIEF HUMAN RESOURCES OFFICER","","",""
"CHSEC","BOARD MEMBER","","",""
"CHURCH ADMINISTRATOR","BOARD MEMBER","","",""
"CHURCH BUSINESS ADMINISTRATION","BOARD MEMBER","","",""
"CHURCH CLERK","BOARD MEMBER","","",""
"CHURCH DEACON","BOARD MEMBER","","",""
"CHURCH DIRECTOR","DIRECTOR","","",""
"CHURCH ELDER","BOARD MEMBER","","",""
"CHURCH LIAISON","BOARD MEMBER","","",""
"CHURCH PASTOR","BOARD MEMBER","","",""
"CHURCH REPRESENTATIVE","BOARD MEMBER","","",""
"CHURCH SECRETARY","BOARD MEMBER","","",""
"CI MANAGER","MANAGER","","",""
"CIO","CHIEF INFORMATION OFFICER","","","10"
"CIO AND TREASURER","BOARD MEMBER","","",""
"CIO AND VICE PRESIDENT","CHIEF INFORMATION OFFICER","","",""
"CIRCUIT DIRECTOR","DIRECTOR","","",""
"CITIZEN","BOARD MEMBER","","",""
"CITIZEN BOARD MEMBER","BOARD MEMBER","","",""
"CIVIC DIRECTOR","CIVIC DIRECTOR","","",""
"CLAIM MANAGER","MANAGER","","",""
"CLAIMS MANAGER","MANAGER","","",""
"CLAS DIRECTOR","BOARD MEMBER","","",""
"CLASS","BOARD MEMBER","","",""
"CLASS A DIRECTOR","DIRECTOR","","",""
"CLASS B DIRECTOR","DIRECTOR","","",""
"CLASS B POS","BOARD MEMBER","","",""
"CLASS B TRUSTEE","BOARD MEMBER","","",""
"CLASS CHAIR","BOARD MEMBER","committee","chair",""
"CLASS COORDINATOR","BOARD MEMBER","","",""
"CLASS DIRECTOR","DIRECTOR","","",""
"CLASS I GOVERNOR","BOARD MEMBER","","",""
"CLASS II GOVERNOR","BOARD MEMBER","","",""
"CLASS OF COUNCIL MEMBER","BOARD MEMBER","","",""
"CLASS OF EXECUTIVE COMMITTEE","BOARD MEMBER","","",""
"CLASS OF SECRETARY","BOARD SECRETARY","","",""
"CLASS OF TREASURER","BOARD TREASURER","","",""
"CLASS REPRESENTATIVE","BOARD MEMBER","","","8"
"CLASS REPRESENTATIVE TH","BOARD MEMBER","","",""
"CLC REPRESENTATIVE","BOARD MEMBER","","",""
"CLEBURNE REGIONAL OF REGIONAL","NO TITLE","","",""
"CLERGY","BOARD MEMBER","","",""
"CLERGY REPRESENTATIVE","BOARD MEMBER","","",""
"CLERICAL","CLERK","","",""
"CLERICAL REPRESENTATIVE","BOARD MEMBER","","",""
"CLERK","BOARD SECRETARY","","",""
"CLERK AND RESIDENT AGENT","BOARD SECRETARY","","",""
"CLERK CRAFT","BOARD MEMBER","","",""
"CLERK CRAFT DIRECTOR","DIRECTOR","","",""
"CLERK DIRECTOR","DIRECTOR","","",""
"CLERK OF BOARD","BOARD SECRETARY","","",""
"CLERK SECRETARY","BOARD SECRETARY","","",""
"CLIENT BOARD MEMBER","BOARD MEMBER","","",""
"CLIENT COMMUNITY TRUSTEE","BOARD MEMBER","","",""
"CLIENT REPRESENTATIVE","BOARD MEMBER","","",""
"CLIENT SERVICE DIRECTOR","DIRECTOR","","",""
"CLIENT SERVICES","BOARD MEMBER","","",""
"CLIENT SERVICES DIRECTOR","DIRECTOR","","",""
"CLIENT SERVICES MANAGER","MANAGER","","",""
"CLINIC ADMINISTRATOR","ADMINISTRATOR","","",""
"CLINIC DIRECTOR","DIRECTOR","","",""
"CLINIC MANAGER","MANAGER","","",""
"CLINIC MEDICAL DIRECTOR","DIRECTOR","","",""
"CLINIC PHYSICIAN","DOCTOR","","",""
"CLINICAL CHAIR","CLINICAL DIRECTOR","","",""
"CLINICAL CHIEF","CLINICAL DIRECTOR","","",""
"CLINICAL COORDINATOR","COORDINATOR","","",""
"CLINICAL DIRECTOR","CLINICAL DIRECTOR","","","8"
"CLINICAL MANAGER","MANAGER","","",""
"CLINICAL NURSE","NURSE","","",""
"CLINICAL OPERATIONS","OPERATIONS","","",""
"CLINICAL OPERATIONS DIRECTOR","DIRECTOR","","",""
"CLINICAL PHARMACIST","PHARMACIST","","",""
"CLINICAL REPRESENTATIVE","BOARD MEMBER","","",""
"CLINICAL SERVICES","CLINICAL DIRECTOR","","",""
"CLINICAL SERVICES DIRECTOR","DIRECTOR","","",""
"CLINICAL STAFF PHARMACIST","PHARMACIST","","",""
"CLINICAL SUPERVISOR","SUPERVISOR","","",""
"CLINICIAN","DOCTOR","","","4"
"CLINTON OF REGIONAL","DIRECTOR","","",""
"CLO","CHIEF LEGAL OFFICER","","",""
"CLO AND SECRETARY","CHIEF LEGAL OFFICER","","",""
"CLUB ADMINISTRATION","BOARD MEMBER","","",""
"CLUB ADMINISTRATION CHAIR","BOARD MEMBER","","",""
"CLUB ADMINISTRATOR","BOARD MEMBER","","",""
"CLUB DIRECTOR","BOARD MEMBER","","",""
"CLUB HOUSE MANAGER","MANAGER","","",""
"CLUB LIAISON","BOARD MEMBER","","",""
"CLUB MANAGER","CLUB MANAGER","","",""
"CLUB MEMBER","BOARD MEMBER","","",""
"CLUB PRESIDENT","BOARD PRESIDENT","","",""
"CLUB REPRESENTATIVE","BOARD MEMBER","","","4"
"CLUB SECRETARY","BOARD SECRETARY","","",""
"CLUB SERVICE","BOARD MEMBER","","",""
"CLUB SERVICE CHAIR","BOARD MEMBER","","",""
"CLUB TREASURER","BOARD TREASURER","","",""
"CLUB VICE PRESIDENT","BOARD VICE PRESIDENT","","",""
"CLUBHOUSE DIRECTOR","DIRECTOR","","",""
"CLUBHOUSE MANAGER","CLUB MANAGER","","",""
"CLUSTER REPRESENTATIVE","BOARD MEMBER","","",""
"CMDR","BOARD PRESIDENT","","",""
"CME CHAIR","BOARD MEMBER","","",""
"CME DIRECTOR","DIRECTOR","","",""
"CMIO","CHIEF OFFICER","","",""
"CMO","CHIEF MARKETING OFFICER","","",""
"CNA","NURSE","","",""
"CNO","CHIEF NURSING OFFICER","","","6"
"CNO AND COO","CHIEF OPERATING OFFICER","","",""
"CNP","NURSE","","",""
"CO","BOARD MEMBER","","",""
"CO-AND DIRECTOR","DIRECTOR","duplex","co",""
"CO-AND PRESIDENT","BOARD MEMBER","duplex","co",""
"CO-ARTISTIC DIRECTOR","DIRECTOR","duplex","co",""
"CO-ASSISTANT DIRECTOR","DIRECTOR","subordinate","assistant",""
"CO-BOARD CHAIR","BOARD PRESIDENT","duplex","co",""
"CO-BUILDING REPRESENTATIVE","BOARD MEMBER","duplex","co",""
"CO-CEO","CO-CEO","duplex","co",""
"CO-CFO","CHIEF FINANCIAL OFFICER","duplex","co",""
"CO-CHAIR","BOARD PRESIDENT","duplex","co","92"
"CO-CHAIR BOARD OF DIRECTOR","DIRECTOR","duplex","co",""
"CO-CHAIR DIRECTOR","DIRECTOR","duplex","co",""
"CO-CHAIR OF BOARD","BOARD PRESIDENT","","","6"
"CO-CHAIR OF BOARD OF DIRECTOR","DIRECTOR","duplex","co",""
"CO-CHAIR OF COMMITTEE","BOARD MEMBER","duplex","co",""
"CO-CHAIR OF DEVELOPMENT COMMITTEE","BOARD MEMBER","duplex","co",""
"CO-CHAIR OF EXECUTIVE COMMITTEE","BOARD MEMBER","committee","chair",""
"CO-CHAIR OF FINANCE COMMITTEE","BOARD MEMBER","duplex","co",""
"CO-CHAIR OF FUNDRAISING COMMITTEE","BOARD MEMBER","duplex","co",""
"CO-CHAIR OF GOVERNMENT AFFAIRS","BOARD MEMBER","duplex","co",""
"CO-CHAIR OF MANAGEMENT","BOARD MEMBER","duplex","co",""
"CO-CHAIR OF MEMBERSHIP","BOARD MEMBER","duplex","co",""
"CO-CHAIR OF PROGRAMS COMMITTEE","BOARD MEMBER","duplex","co",""
"CO-CHEER DIRECTOR","DIRECTOR","duplex","co",""
"CO-CHIEF STEWARD","CHIEF","duplex","co",""
"CO-COO","CHIEF OPERATING OFFICER","duplex","co",""
"CO-CORRESPONDING SECRETARY","BOARD MEMBER","duplex","co",""
"CO-DIRECTOR","CO-CEO","duplex","co","9"
"CO-DIRECTOR CMOA","CO-CEO","duplex","co","CMOA = carnegie museum of art"
"CO-DIRECTOR OF COMMUNICATIONS","DIRECTOR","duplex","co",""
"CO-DIRECTOR OF MEMBER","DIRECTOR","duplex","co",""
"CO-DIRECTOR OF MEMBERSHIP","DIRECTOR","duplex","co",""
"CO-DIRECTOR OF OPERATIONS","DIRECTOR","duplex","co",""
"CO-DIRECTOR OF PROGRAMS","DIRECTOR","duplex","co",""
"CO-DIRECTOR OF STATES","DIRECTOR","duplex","co",""
"CO-MANAGER","MANAGER","duplex","co",""
"CO-MANAGING DIRECTOR","DIRECTOR","duplex","co",""
"CO-MEDICAL DIRECTOR","DIRECTOR","duplex","co",""
"CO-OPERATIONS BOARD DIRECTOR","DIRECTOR","duplex","co",""
"CO-OPERATIONS MANAGER","OPERATIONS","duplex","co",""
"CO-PRESIDENT","BOARD PRESIDENT","duplex","co",""
"CO-PROGRAMS DIRECTOR","DIRECTOR","duplex","co",""
"CO-REGIONAL REPRESENTATIVE","BOARD MEMBER","duplex","co",""
"CO-SECRETARY","BOARD SECRETARY","duplex","co","27"
"CO-TREASURER","BOARD TREASURER","duplex","co","74"
"CO-TRUSTEE","BOARD MEMBER","","","8"
"CO-VICE CHAIR","BOARD VICE PRESIDENT","","","10"
"CO-VICE CHAIR DIRECTOR","DIRECTOR","duplex","co",""
"CO-VICE PR","VICE PRESIDENT","duplex","co",""
"CO-VICE PRESIDENT","BOARD VICE PRESIDENT","duplex","co","36"
"CO-VICE PRESIDENT OF COMMITTEE","VICE PRESIDENT","duplex","co",""
"CO-VICE PRESIDENT OF COMMUNICATIONS","VICE PRESIDENT","duplex","co",""
"CO-VICE PRESIDENT OF CONTRIBUTED INCOME","VICE PRESIDENT","duplex","co",""
"CO-VICE PRESIDENT OF DEVELOPMENT","VICE PRESIDENT","duplex","co",""
"CO-VICE PRESIDENT OF EDUCATION","VICE PRESIDENT","duplex","co",""
"CO-VICE PRESIDENT OF EVENTS","VICE PRESIDENT","duplex","co",""
"CO-VICE PRESIDENT OF FAMILY EVENTS","VICE PRESIDENT","duplex","co",""
"CO-VICE PRESIDENT OF FINANCE","VICE PRESIDENT","duplex","co",""
"CO-VICE PRESIDENT OF FUNDRAISING","VICE PRESIDENT","duplex","co",""
"CO-VICE PRESIDENT OF MEMBERSHIP","VICE PRESIDENT","duplex","co",""
"CO-VICE PRESIDENT OF OPERATIONS","VICE PRESIDENT","duplex","co",""
"CO-VICE PRESIDENT OF PROGRAMS","VICE PRESIDENT","duplex","co",""
"CO-VICE PRESIDENT OF PUBLIC","VICE PRESIDENT","duplex","co",""
"CO-VICE PRESIDENT OF SCHOOL SERVICES","VICE PRESIDENT","duplex","co",""
"CO-VICE PRESIDENT OF SOCIAL EVENTS","VICE PRESIDENT","duplex","co",""
"CO-VICE PRESIDENT OF STUDENT ACTIVITIES","VICE PRESIDENT","duplex","co",""
"CO-VICE PRESIDENT OF TECHNOLOGY","VICE PRESIDENT","duplex","co",""
"CO-VICE PRESIDENT VOLUNTEERS","BOARD MEMBER","duplex","co",""
"CO-VICE PRESIDENT WAYS AND MEANS","BOARD MEMBER","duplex","co",""
"COACH","SPORTS","","",""
"COACH AND DIRECTOR","DIRECTOR","","",""
"COACH COORDINATOR","BOARD MEMBER","","",""
"COACH DIRECTOR","DIRECTOR","","",""
"COACH REPRESENTATIVE","BOARD MEMBER","","",""
"COACHES COORDINATOR","BOARD MEMBER","","",""
"COACHES DIRECTOR","DIRECTOR","","",""
"COACHES REPRESENTATIVE","BOARD MEMBER","","",""
"COACHING","BOARD MEMBER","","",""
"COACHING COO","BOARD MEMBER","","",""
"COACHING COORDINATOR","BOARD MEMBER","","","4"
"COACHING DIRECTOR","SPORTS DIRECTOR","","",""
"COAST AND BOARD MEMBER","BOARD MEMBER","","",""
"COB","BOARD PRESIDENT","","",""
"COCHAIR","BOARD PRESIDENT","","",""
"COCHAIR USSPAMP","BOARD MEMBER","committee","chair",""
"COCSA REGIONAL","BOARD MEMBER","regional","regional",""
"CODIRECTOR","DIRECTOR","","",""
"COEXECUTIVE DIRECTOR","EXECUTIVE DIRECTOR","","",""
"COFOUNDER","FOUNDER","","",""
"COLLECTION MANAGER","MANAGER","","",""
"COLLECTIONS","COLLECTIONS","","","board position???"
"COLLECTIONS CHAIR","BOARD MEMBER","committee","chair",""
"COLLECTIONS COMMITTEE","BOARD MEMBER","","",""
"COLLECTIONS COMMITTEE CHAIR","BOARD MEMBER","committee","chair",""
"COLLECTIONS MANAGER","COLLECTIONS MANAGER","","",""
"COLLECTOR","BOARD TREASURER","","",""
"COLLEGE DIRECTOR","BOARD MEMBER","","",""
"COLLEGE PRESIDENT","PRESIDENT","","",""
"COLLEGE RELATIONS","BOARD MEMBER","","",""
"COLLEGE RELATIONS DIRECTOR","DIRECTOR","","",""
"COLLEGE REPRESENTATIVE","BOARD MEMBER","","",""
"COLLEGE TRUSTEE","BOARD MEMBER","","",""
"COLLEGIATE VICE PRESIDENT OF COMMUNICATIONS","VICE PRESIDENT","","",""
"COLLEGIATE VICE PRESIDENT OF EDUCATION","VICE PRESIDENT","","",""
"COLLEGIATE VICE PRESIDENT OF FINANCE","VICE PRESIDENT","","",""
"COLLEGIATE VICE PRESIDENT OF MEMBERSHIP EXPERIENCE","VICE PRESIDENT","","",""
"COLLEGIATE VICE PRESIDENT OF PROGRAMMING","VICE PRESIDENT","","",""
"COLLEGIATE VICE PRESIDENT OF RECRUITMENT","VICE PRESIDENT","","",""
"COLONY BOARD MEMBER","BOARD MEMBER","","",""
"COLOR BEARER","BOARD MEMBER","","",""
"COLOR GUARD","BOARD MEMBER","","",""
"COLOR GUARD REPRESENTATIVE","BOARD MEMBER","","",""
"COMANDER","BOARD PRESIDENT","","",""
"COMISSIONER","BOARD MEMBER","","",""
"COMMAND","BOARD PRESIDENT","","",""
"COMMANDANT","BOARD PRESIDENT","","",""
"COMMANDER","BOARD PRESIDENT","","","91"
"COMMANDER AND PRESIDENT","BOARD PRESIDENT","","",""
"COMMANDER GENERAL","BOARD PRESIDENT","","","*interesting military position"
"COMMANDER IN CHIEF","BOARD PRESIDENT","","",""
"COMMERCIAL DIRECTOR","DIRECTOR","","",""
"COMMERCIAL LENDING MANAGER","MANAGER","","",""
"COMMERCIAL REPRESENTATIVE","BOARD MEMBER","","",""
"COMMISIONER","BOARD MEMBER","","",""
"COMMISSION CHAIR","BOARD MEMBER","","",""
"COMMISSION M","BOARD MEMBER","","",""
"COMMISSION MEMBER","BOARD MEMBER","","",""
"COMMISSION REPRESENTATIVE","BOARD MEMBER","","",""
"COMMISSIONER","BOARD MEMBER","","",""
"COMMITTEE","BOARD MEMBER","","",""
"COMMITTEE CHAIR","BOARD MEMBER","committee","chair",""
"COMMITTEE CO-CHAIR","BOARD MEMBER","duplex","co",""
"COMMITTEE CO-DIRECTOR","DIRECTOR","duplex","co",""
"COMMITTEE CO-LEAD","BOARD MEMBER","","",""
"COMMITTEE COMMITTEE","BOARD MEMBER","","",""
"COMMITTEE COORDINATOR","BOARD MEMBER","","",""
"COMMITTEE COUNCIL CHAIR","BOARD MEMBER","","",""
"COMMITTEE DIRECTOR","BOARD MEMBER","committee","chair",""
"COMMITTEE HEAD","BOARD MEMBER","","",""
"COMMITTEE LEADER","BOARD MEMBER","","",""
"COMMITTEE LIAISON","BOARD MEMBER","","",""
"COMMITTEE MEMBER","BOARD MEMBER","","",""
"COMMITTEE MEMBER BOARD","BOARD MEMBER","","",""
"COMMITTEE MEMBR","BOARD MEMBER","","",""
"COMMITTEE OUTREACH","BOARD MEMBER","","",""
"COMMITTEE PERSON","BOARD MEMBER","","",""
"COMMITTEE RELATIONS","BOARD MEMBER","","",""
"COMMITTEE REPRESENTATIVE","BOARD MEMBER","","",""
"COMMITTEE SECRETARY","BOARD MEMBER","","",""
"COMMITTEE SVC BOARD MEMBER","BOARD MEMBER","","",""
"COMMITTEE VICE CHAIR","BOARD MEMBER","committee","chair",""
"COMMITTEE VICE CHAIR AND ESTATE PLANNING","BOARD MEMBER","committee","chair",""
"COMMITTEE VICE PRESIDENT","BOARD VICE PRESIDENT","","",""
"COMMODO","BOARD PRESIDENT","","","4"
"COMMODORE","BOARD PRESIDENT","","",""
"COMMODORE AND DIRECTOR","DIRECTOR","","",""
"COMMUNICATIONS","BOARD MEMBER","","",""
"COMMUNICATIONS AND DIRECTOR","DIRECTOR","","",""
"COMMUNICATIONS CHAIR","BOARD MEMBER","committee","chair","4"
"COMMUNICATIONS CO-DIRECTOR","DIRECTOR","duplex","co",""
"COMMUNICATIONS COMMITTEE","BOARD MEMBER","","",""
"COMMUNICATIONS COMMITTEE CHAIR","BOARD MEMBER","committee","chair",""
"COMMUNICATIONS COORDINATOR","BOARD MEMBER","","",""
"COMMUNICATIONS DIRECTOR","DIRECTOR OF COMMUNICATIONS","","",""
"COMMUNICATIONS MANAGER","MANAGER","","",""
"COMMUNICATIONS OFFICER","COMMUNICATIONS","","",""
"COMMUNICATIONS REPRESENTATIVE","BOARD MEMBER","","",""
"COMMUNICATIONS SECRETARY","BOARD SECRETARY","","",""
"COMMUNICATIONS VICE PRESIDENT","BOARD VICE PRESIDENT","","",""
"COMMUNITY","BOARD MEMBER","","",""
"COMMUNITY AD","BOARD MEMBER","","",""
"COMMUNITY BOARD","BOARD MEMBER","","",""
"COMMUNITY BOARD MEMBER","BOARD MEMBER","","",""
"COMMUNITY CHAIR","BOARD MEMBER","","",""
"COMMUNITY COMMITTEE","BOARD MEMBER","","",""
"COMMUNITY COORDINATOR","COORDINATOR","","",""
"COMMUNITY DE","BOARD MEMBER","","",""
"COMMUNITY DEVELOPMENT","BOARD MEMBER","","",""
"COMMUNITY DEVELOPMENT DIRECTOR","DIRECTOR","","",""
"COMMUNITY DIRECTOR","BOARD MEMBER","","",""
"COMMUNITY ENGAGEMENT","BOARD MEMBER","","",""
"COMMUNITY ENGAGEMENT DIRECTOR","DIRECTOR","","",""
"COMMUNITY ENGAGEMENT MANAGER","MANAGER","","",""
"COMMUNITY IM","BOARD MEMBER","","",""
"COMMUNITY IMPACT CHAIR","BOARD MEMBER","","",""
"COMMUNITY INVESTMENT CHAIR","BOARD MEMBER","","",""
"COMMUNITY LAY DIRECTOR","DIRECTOR","","",""
"COMMUNITY LI","BOARD MEMBER","","",""
"COMMUNITY LIAISON","BOARD MEMBER","","",""
"COMMUNITY MANAGER","MANAGER","","",""
"COMMUNITY MEMBER","BOARD MEMBER","","","4"
"COMMUNITY OU","BOARD MEMBER","","",""
"COMMUNITY OUTREACH","BOARD MEMBER","","",""
"COMMUNITY OUTREACH CHAIR","BOARD MEMBER","","",""
"COMMUNITY OUTREACH DIRECTOR","DIRECTOR","","",""
"COMMUNITY RE","BOARD MEMBER","","","20"
"COMMUNITY REGIONAL","BOARD MEMBER","","",""
"COMMUNITY RELATIONS","BOARD MEMBER","","",""
"COMMUNITY RELATIONS CHAIR","BOARD MEMBER","","",""
"COMMUNITY RELATIONS DIRECTOR","DIRECTOR","","",""
"COMMUNITY REPRESENTATIVE","BOARD MEMBER","","",""
"COMMUNITY SECRETARY","BOARD MEMBER","","",""
"COMMUNITY SERVICE","BOARD MEMBER","","",""
"COMMUNITY SERVICE CHAIR","BOARD MEMBER","","",""
"COMMUNITY SERVICE DIRECTOR","BOARD MEMBER","","",""
"COMMUNITY SERVICES DIRECTOR","DIRECTOR","","",""
"COMMUNITY TRUSTEE","BOARD MEMBER","","",""
"COMMUNITY VICE PRESIDENT","BOARD VICE PRESIDENT","","",""
"COMMUNITY VOLUNTEER","BOARD MEMBER","","",""
"COMPANY DIRECTOR","DIRECTOR","","",""
"COMPANY MANAGER","MANAGER","","",""
"COMPANY REPRESENTATIVE","BOARD MEMBER","","",""
"COMPANY SECRETARY","CORPORATE SECRETARY","","",""
"COMPANY TRUSTEE","BOARD MEMBER","","",""
"COMPENSATION CHAIR","BOARD MEMBER","","",""
"COMPENSATION COMMITTEE CHAIR","BOARD MEMBER","","",""
"COMPETITION","BOARD MEMBER","","",""
"COMPETITION DIRECTOR","DIRECTOR","","",""
"COMPETITIVE","BOARD MEMBER","","",""
"COMPETITIVE DIRECTOR","DIRECTOR","","",""
"COMPLIANCE AND PRIVACY OFFICER","COMPLIANCE OFFICER","","",""
"COMPLIANCE CHAIR","BOARD MEMBER","","",""
"COMPLIANCE DIRECTOR","COMPLIANCE DIRECTOR","","","4"
"COMPLIANCE MANAGER","MANAGER","","",""
"COMPLIANCE O","COMPLIANCE OFFICER","","",""
"COMPLIANCE OFFICER","COMPLIANCE OFFICER","","","5"
"COMPONENT DIRECTOR","BOARD MEMBER","","",""
"COMPOSER","COMPOSER","","",""
"COMPTROLLER","COMPTROLLER","","",""
"COMPUTER OPERATIONS","OPERATIONS","","",""
"CONCERT MANAGER","MANAGER","","",""
"CONCERT MASTER","MUSICIAN","","",""
"CONCERTMASTER","MUSICIAN","","",""
"CONCESSION","BOARD MEMBER","","",""
"CONCESSION CHAIR","BOARD MEMBER","","",""
"CONCESSION COORDINATOR","BOARD MEMBER","","",""
"CONCESSION DIRECTOR","DIRECTOR","","",""
"CONCESSION M","BOARD MEMBER","","",""
"CONCESSION MANAGER","MANAGER","","",""
"CONCESSION STAND MANAGER","MANAGER","","",""
"CONCESSIONS","BOARD MEMBER","","","4"
"CONCESSIONS CHAIR","BOARD MEMBER","","",""
"CONCESSIONS COORDINATOR","BOARD MEMBER","","",""
"CONCESSIONS DIRECTOR","BOARD MEMBER","","",""
"CONCESSIONS MANAGER","MANAGER","","",""
"CONDUCTOR","BOARD MEMBER","","",""
"CONDUCTOR SENTINEL","BOARD MEMBER","","",""
"CONDUCTRESS","BOARD MEMBER","","",""
"CONF CHAIR","BOARD MEMBER","","",""
"CONF MEMBER","BOARD MEMBER","","",""
"CONF PRESIDENT","BOARD PRESIDENT","","",""
"CONFERENCE","BOARD MEMBER","","",""
"CONFERENCE CHAIR","BOARD MEMBER","","",""
"CONFERENCE COMMITTEE CHAIR","BOARD MEMBER","committee","chair",""
"CONFERENCE COORDINATOR","BOARD MEMBER","","",""
"CONFERENCE DIRECTOR","BOARD MEMBER","","",""
"CONFERENCE P","BOARD PRESIDENT","","",""
"CONFERENCE PRESIDENT","BOARD PRESIDENT","","",""
"CONFERENCE REPRESENTATIVE","BOARD MEMBER","","",""
"CONFERENCE VICE PRESIDENT","BOARD VICE PRESIDENT","","",""
"CONGREGATIONAL REPRESENTATIVE","BOARD MEMBER","","",""
"CONGRESSIONAL REGIONAL MEMBER","BOARD MEMBER","","",""
"CONSERVATION","BOARD MEMBER","","",""
"CONSERVATION CHAIR","BOARD MEMBER","","",""
"CONSERVATION DIRECTOR","DIRECTOR","","",""
"CONSORTIUM MANAGER","MANAGER","","",""
"CONST GRP REPRESENTATIVE","BOARD MEMBER","","",""
"CONSTITUENT MEMBER","BOARD MEMBER","","",""
"CONSTITUTION","BOARD MEMBER","","",""
"CONSTIUENCY GROUP REPRESENTATIVE","BOARD MEMBER","","",""
"CONSTR PROJECTS MANAGER","PROJECT MANAGER","","",""
"CONSTRUCTION COORDINATOR","BOARD MEMBER","","",""
"CONSTRUCTION DIRECTOR","DIRECTOR","","",""
"CONSTRUCTION FOREMAN","FOREMAN","","",""
"CONSTRUCTION MANAGER","MANAGER","","",""
"CONSULTANT","CONSULTANT","","",""
"CONSULTANT BOARD MEMBER","BOARD MEMBER","","",""
"CONSULTANT DIRECTOR","DIRECTOR","","",""
"CONSULTANT MEMBER","BOARD MEMBER","","",""
"CONSULTANT REPRESENTATIVE","BOARD MEMBER","","",""
"CONT COMPLIANCE","CONTRACT COMPLIANCE","","","4"
"CONTINUING EDUCATION DIRECTOR","DIRECTOR","","",""
"CONTR DIRECTOR","DIRECTOR","","",""
"CONTRACT ADMINISTRATION","CONTRACT COMPLIANCE","","",""
"CONTRACT CFO","CHIEF FINANCIAL OFFICER","","",""
"CONTRACT DIRECTOR","DIRECTOR","","",""
"CONTRACTED CFO","CHIEF FINANCIAL OFFICER","","",""
"CONTRACTOR","BOARD MEMBER","","",""
"CONTRACTOR DIRECTOR","DIRECTOR","","",""
"CONTRACTOR REPRESENTATIVE","BOARD MEMBER","","",""
"CONTRACTOR TRUSTEE","BOARD MEMBER","","","4"
"CONTROLLER","COMPTROLLER","","",""
"CONVENER","BOARD PRESIDENT","","",""
"CONVENTION CHAIR","BOARD MEMBER","committee","chair",""
"CONVENTION DIRECTOR","DIRECTOR","","",""
"COO","CHIEF OPERATING OFFICER","","",""
"COO AND CIO","CHIEF OPERATING OFFICER","","",""
"COO AND CNO","CHIEF OPERATING OFFICER","","",""
"COO AND SENIOR SERVICES","CHIEF OPERATING OFFICER","","",""
"COO AT SSM HEALTH","BOARD MEMBER","","",""
"COO BAYCARE","BOARD MEMBER","","",""
"COO DIRECTOR","CHIEF OPERATING OFFICER","","",""
"COO ECR","BOARD MEMBER","","",""
"COO SCH O","CHIEF OPERATING OFFICER","","",""
"COOK","CHEF","","",""
"COORDINATOR","COORDINATOR","","",""
"COORDINATOR SECRETARY","BOARD SECRETARY","","",""
"COPE DIRECTOR","DIRECTOR","","",""
"COPRESIDENT","BOARD PRESIDENT","duplex","co",""
"COR COORDINATOR","BOARD MEMBER","","",""
"COR MEMBER","BOARD MEMBER","","",""
"COR SECRETARY","BOARD SECRETARY","","",""
"CORE COMMITTEE","BOARD MEMBER","","",""
"CORE MEMBER","BOARD MEMBER","","",""
"CORP CLINICAL SERVICE DIRECTOR","DIRECTOR","","",""
"CORP CONTROLLER","COMPTROLLER","","",""
"CORP COUNSEL","ATTORNEY","","",""
"CORP DIRECTOR","DIRECTOR","","",""
"CORP DR OPERATIONS HOSPITALITY","OPERATIONS","","",""
"CORP GOVERNOR","CORPORATE SECRETARY","","",""
"CORP MEMBER","BOARD MEMBER","","",""
"CORP PRESIDENT","PRESIDENT","","",""
"CORP SECRETARY","CORPORATE SECRETARY","","",""
"CORP TREASURER","FINANCE OFFICER","","",""
"CORP TRUSTEE","BOARD MEMBER","","",""
"CORP VICE PRESIDENT","VICE PRESIDENT","","",""
"CORP VICE PRESIDENT OF GOV AND LEGAL AFF","VICE PRESIDENT","","",""
"CORPORATE COMPLIANCE OFFICER","COMPLIANCE OFFICER","","",""
"CORPORATE CONTROLLER","COMPTROLLER","","",""
"CORPORATE COUNSEL","ATTORNEY","","",""
"CORPORATE DIRECTOR","DIRECTOR","","",""
"CORPORATE DIRECTOR OF FINANCE","DIRECTOR","","",""
"CORPORATE MANAGER","MANAGER","","",""
"CORPORATE MEMBER","BOARD MEMBER","","",""
"CORPORATE MEMBER REPRESENTATIVE","BOARD MEMBER","","",""
"CORPORATE OFFICER","EXECUTIVE","","",""
"CORPORATE PRESIDENT","PRESIDENT","","",""
"CORPORATE RELATIONS DIRECTOR","DIRECTOR","","",""
"CORPORATE REPRESENTATIVE","BOARD MEMBER","","",""
"CORPORATE SECRETARY","CORPORATE SECRETARY","","",""
"CORPORATE TREASURER","FINANCE OFFICER","","",""
"CORPORATE TRUSTEE","BOARD MEMBER","","",""
"CORPORATE VICE PRESIDENT","VICE PRESIDENT","","",""
"CORPORATION DIRECTOR","DIRECTOR","","",""
"CORPORATOR","BOARD MEMBER","","",""
"CORPORATOR AND TRUSTEE","BOARD MEMBER","","",""
"CORRESPONDENT","BOARD SECRETARY","","",""
"CORRESPONDENT SECRETARY","BOARD MEMBER","","",""
"CORRESPONDING","BOARD SECRETARY","","",""
"CORRESPONDING COORDINATOR","BOARD MEMBER","","",""
"CORRESPONDING S","BOARD SECRETARY","","","5"
"CORRESPONDING SECRETARY","BOARD SECRETARY","","",""
"CORRESPONDING SECT","BOARD SECRETARY","","",""
"COS","CHIEF OF STAFF","","",""
"COSTUME DIRECTOR","DIRECTOR","","",""
"COTREASURER","BOARD MEMBER","","",""
"COUNC","BOARD MEMBER","","",""
"COUNCI","BOARD MEMBER","","",""
"COUNCIL","BOARD MEMBER","","",""
"COUNCIL AND BOARD","BOARD MEMBER","","",""
"COUNCIL AT L","BOARD MEMBER","","",""
"COUNCIL ATTORNEY","BOARD MEMBER","","",""
"COUNCIL BOARD","BOARD MEMBER","","",""
"COUNCIL CHAIR","BOARD PRESIDENT","","","4"
"COUNCIL COMMISSIONER","BOARD MEMBER","","",""
"COUNCIL COMMITTEE","BOARD MEMBER","","",""
"COUNCIL DELE","BOARD MEMBER","","",""
"COUNCIL DELEGAT","BOARD MEMBER","","",""
"COUNCIL DELEGATE","BOARD MEMBER","","",""
"COUNCIL DIRECTOR","DIRECTOR","","",""
"COUNCIL EXECUTIVE","BOARD MEMBER","","",""
"COUNCIL MEMBER","BOARD MEMBER","","","28"
"COUNCIL MEMBER REGIONAL","BOARD MEMBER","","",""
"COUNCIL OF PRESIDENT","BOARD MEMBER","","",""
"COUNCIL OF REPRESENTATIVE","BOARD MEMBER","","",""
"COUNCIL OFFICER","BOARD MEMBER","","",""
"COUNCIL PRESIDENT","BOARD PRESIDENT","","","4"
"COUNCIL REPRESENTATIVE","BOARD MEMBER","","","8"
"COUNCIL SECRETARY","BOARD SECRETARY","","",""
"COUNCIL TREASURER","BOARD TREASURER","","",""
"COUNCIL TRUSTEE","BOARD MEMBER","","",""
"COUNCIL VICE CHAIR","BOARD MEMBER","committee","chair",""
"COUNCIL VICE PRESIDENT","BOARD VICE PRESIDENT","","",""
"COUNCIL WOMAN","BOARD MEMBER","","","5"
"COUNCILLOR","BOARD MEMBER","","",""
"COUNCILMAN","BOARD MEMBER","","",""
"COUNCILMEMBE","BOARD MEMBER","","",""
"COUNCILOR","BOARD MEMBER","","",""
"COUNCILORS","BOARD MEMBER","","",""
"COUNCILWOMAN","BOARD MEMBER","","","--> councilperson"
"COUNSEL","BOARD MEMBER","","",""
"COUNSELOR","COUNSELOR","","",""
"COUNSELORS","BOARD MEMBER","","",""
"COUNTRY DIRECTOR","DIRECTOR","","",""
"COUNTRY REPRESENTATIVE","DIRECTOR","","",""
"COUNTY AND GROUP REPRESENTATIVE","BOARD MEMBER","","","6"
"COUNTY DIRECTOR","DIRECTOR","","",""
"COUNTY EXTENSION COORDINATOR","COORDINATOR","","",""
"COUNTY GOVERNOR","BOARD MEMBER","","",""
"COUNTY REPRESENTATIVE","BOARD MEMBER","","",""
"COUNTY SOCIETY POSITION","BOARD MEMBER","","",""
"COURSE SUPERINTENDENT","GOLF COURSE SUPERINTENDENT","","",""
"COVICE PRESIDENT","BOARD MEMBER","","",""
"CPA","BOARD MEMBER","","",""
"CPO","CHIEF OFFICER","","",""
"CQO","CHIEF OFFICER","","",""
"CR MEMBER REPRESENTATIVE","BOARD MEMBER","","",""
"CRAFT DIRECTOR","DIRECTOR","","",""
"CRAN DIRECTOR","DIRECTOR","","",""
"CRCNA TRUSTEE","BOARD MEMBER","","",""
"CREATIVE DIRECTOR","CREATIVE DIRECTOR","","",""
"CREDIT COMMITTEE","BOARD MEMBER","","",""
"CREDIT COMMITTEE CHAIR","BOARD MEMBER","committee","chair",""
"CREDIT COMMITTEE M","BOARD MEMBER","","",""
"CREDIT COMMITTEE MEMBER","BOARD MEMBER","","",""
"CREW CHIEF","CHIEF","","",""
"CREW FOREMAN","FOREMAN","","",""
"CREW LEADER","TEAM LEADER","","",""
"CRI INDEPENDENT DIRECTOR","DIRECTOR","","",""
"CRNA","NURSE","","","8"
"CRNA II","NURSE","","",""
"CRNP","NURSE","","",""
"CRO","CHIEF OFFICER","","",""
"CROSS FUNDS EXECUTIVE OFFICER","EXECUTIVE DIRECTOR","","",""
"CSO","CHIEF OFFICER","","",""
"CSO REPRESENTATIVE","BOARD MEMBER","","",""
"CT","BOARD MEMBER","","",""
"CTEC BOARD OF DIRECTOR","BOARD MEMBER","","",""
"CTO","CHIEF TECHNOLOGY OFFICER","","",""
"CULTURAL ARTIST","BOARD MEMBER","","",""
"CULTURAL DIRECTOR","DIRECTOR","","",""
"CULTURAL SECRETARY","BOARD MEMBER","","",""
"CULTURE DIRECTOR","DIRECTOR","","",""
"CURATOR","CURATOR","","",""
"CURATOR GENERAL","CURATOR","superior","general",""
"CURATORIAL AFFAIRS","CURATOR","","",""
"CURRICULUM","BOARD MEMBER","","",""
"CURRICULUM CHAIR","BOARD MEMBER","","",""
"CURRICULUM COORDINATOR","EDUCATION COORDINATOR","","",""
"CURRICULUM DIRECTOR","DIRECTOR","","",""
"CUSTODIAN","CUSTODIAN","","",""
"CUSTOMER SERVICE MANAGER","MANAGER","","",""
"CVO","BOARD PRESIDENT","","",""
"CVP AND CHIEF GROWTH OFFICER","CHIEF","","",""
"CXO","CHIEF OFFICER","","",""
"DAL LEC CHAIR","BOARD MEMBER","","",""
"DAL LEC STR","BOARD MEMBER","","",""
"DAL LEC VCH","BOARD MEMBER","","",""
"DANCE DIRECTOR","DIRECTOR","","",""
"DANCE INSTRUCTOR","BOARD MEMBER","","",""
"DAPHNE AND AL","BOARD MEMBER","","","8"
"DAPHNE OF REGIONAL","BOARD MEMBER","","",""
"DATA DIRECTOR","DIRECTOR","","",""
"DATA MANAGER","MANAGER","","",""
"DATABASE MANAGER","MANAGER","","",""
"DAY CARE DIRECTOR","DIRECTOR","","",""
"DAY CHAIR","BOARD MEMBER","","",""
"DAYCARE DIRECTOR","DIRECTOR","","",""
"DDS","DOCTOR","","",""
"DEACON","DEACON","","","13"
"DEACONESS","DEACON","","",""
"DEAN","DEAN","","",""
"DEAN AND PROFESSOR","DEAN","","",""
"DEAN COLLEGE OF BUSINESS","DEAN","","",""
"DEAN OF ACADEMICS","DEAN","","",""
"DEAN OF ACADEMICS AFFAIRS","DEAN","","",""
"DEAN OF ADMISSIONS","DEAN","","",""
"DEAN OF ADMISSIONS AND FINANCE AID","DEAN","","",""
"DEAN OF ARTISTIC AND SCIENCES","DEAN","","",""
"DEAN OF BUSINESS","DEAN","","",""
"DEAN OF COLLEGE","DEAN","","",""
"DEAN OF COLLEGE OF ARTISTIC AND SCIENCES","DEAN","","",""
"DEAN OF COLLEGE OF BUSINESS","DEAN","","",""
"DEAN OF EDUCATION","DEAN","","",""
"DEAN OF ENGINEERING","DEAN","","",""
"DEAN OF ENROLLMENT","DEAN","","",""
"DEAN OF ENROLLMENT MANAGEMENT","DEAN","","",""
"DEAN OF FACULTY","DEAN","","",""
"DEAN OF LAW SCHOOL","DEAN","","",""
"DEAN OF NURSING","DEAN","","",""
"DEAN OF SCHOOL OF BUSINESS","DEAN","","",""
"DEAN OF SCHOOL OF EDUCATION","DEAN","","",""
"DEAN OF SCHOOL OF LAW","DEAN","","",""
"DEAN OF SCHOOL OF MEDICINE","DEAN","","",""
"DEAN OF SCHOOL OF NURSING","DEAN","","",""
"DEAN OF STUDENT AFFAIRS","DEAN","","",""
"DEAN OF STUDENT LIFE","DEAN","","",""
"DEAN OF STUDENTS","DEAN","","",""
"DEAN SCHOOL OF BUSINESS","DEAN","","",""
"DEBBIE BROEMSEN AND ADMINISTRATOR","BOARD MEMBER","","",""
"DECADE REPRESENTATIVE","BOARD MEMBER","","","7"
"DEI CHAIR","BOARD MEMBER","committee","chair",""
"DEI COMMITTEE CHAIR","BOARD MEMBER","committee","chair",""
"DEI DIRECTOR","DIRECTOR","","",""
"DEIO","BOARD MEMBER","","",""
"DELAGATE","BOARD MEMBER","","",""
"DELEGA","BOARD MEMBER","","",""
"DELEGATE","BOARD MEMBER","","",""
"DELEGATE AND REGIONAL","BOARD MEMBER","","",""
"DELEGATE DIRECTOR","DIRECTOR","","",""
"DELEGATE REPRESENTATIVE","BOARD MEMBER","","",""
"DELTA","BOARD MEMBER","","",""
"DELTA CHI","BOARD MEMBER","","",""
"DELTA EPSILON","BOARD MEMBER","","",""
"DELTA KAPPA","BOARD MEMBER","","",""
"DELTA LAMBDA","BOARD MEMBER","","",""
"DELTA MU","BOARD MEMBER","","",""
"DELTA NU","BOARD MEMBER","","",""
"DELTA OMEGA","BOARD MEMBER","","",""
"DELTA PI","BOARD MEMBER","","",""
"DELTA PSI","BOARD MEMBER","","",""
"DELTA RHO","BOARD MEMBER","","",""
"DELTA TAU","BOARD MEMBER","","",""
"DELTA ZETA","BOARD MEMBER","","",""
"DENTAL DIRECTOR","MEDICAL DIRECTOR","","",""
"DENTIST","DOCTOR","","","14"
"DENTIST AND DENTAL DIRECTOR","DIRECTOR","","",""
"DEPARTMENT ADJUTANT","BOARD SECRETARY","","",""
"DEPARTMENT CHAPLAIN","BOARD MEMBER","","",""
"DEPARTMENT CHIEF","FIRE CHIEF","","",""
"DEPARTMENT COMMANDER","BOARD MEMBER","","",""
"DEPARTMENT COMMITTEE","BOARD MEMBER","","",""
"DEPARTMENT DELEGATE","BOARD MEMBER","","",""
"DEPARTMENT DIRECTOR","DIRECTOR","","",""
"DEPARTMENT HEAD","DIRECTOR","","",""
"DEPARTMENT PR","BOARD MEMBER","","",""
"DEPARTMENT PRESIDENT","BOARD MEMBER","","",""
"DEPARTMENT REPRESENTATIVE","BOARD MEMBER","","",""
"DEPARTMENT TREASURER","BOARD TREASURER","","",""
"DEPARTMENT VICE PRESIDENT","VICE PRESIDENT","","",""
"DEPUTY","BOARD PRESIDENT","","",""
"DEPUTY ADJUTANT","BOARD SECRETARY","","",""
"DEPUTY BOARD MEMBER","BOARD MEMBER","subordinate","deputy",""
"DEPUTY CEO","DEPUTY DIRECTOR","subordinate","deputy",""
"DEPUTY CFO","FINANCE OFFICER","","",""
"DEPUTY CHAIR","BOARD VICE PRESIDENT","","",""
"DEPUTY CHAPLAIN","BOARD MEMBER","","",""
"DEPUTY CHIEF","FIRE OFFICER","subordinate","deputy","8"
"DEPUTY CHIEF MEDICAL OFFICER","CHIEF","subordinate","deputy",""
"DEPUTY CHIEF OF STAFF","CHIEF","subordinate","deputy",""
"DEPUTY COMMANDER","BOARD PRESIDENT","","",""
"DEPUTY COO","DIRECTOR OF OPERATIONS","","",""
"DEPUTY DELEGATE","BOARD MEMBER","","",""
"DEPUTY DIRECTOR","DEPUTY DIRECTOR","subordinate","deputy",""
"DEPUTY DIRECTOR OF ADVANCEMENT","DIRECTOR OF DEVELOPMENT","subordinate","deputy",""
"DEPUTY DIRECTOR OF DEVELOPMENT","DIRECTOR OF DEVELOPMENT","subordinate","deputy",""
"DEPUTY DIRECTOR OF ELEMENTARY PROGRAMS","DIRECTOR","subordinate","deputy",""
"DEPUTY DIRECTOR OF EXTERNAL AFFAIRS","DIRECTOR OF EXTERNAL AFFAIRS","subordinate","deputy",""
"DEPUTY DIRECTOR OF FINANCE","DIRECTOR","subordinate","deputy",""
"DEPUTY DIRECTOR OF LITIGATION","DIRECTOR","subordinate","deputy",""
"DEPUTY DIRECTOR OF OPERATIONS","DIRECTOR OF OPERATIONS","subordinate","deputy",""
"DEPUTY DIRECTOR OF PROGRAMS","DIRECTOR","subordinate","deputy",""
"DEPUTY EXECUTIVE","DEPUTY DIRECTOR","subordinate","deputy",""
"DEPUTY EXECUTIVE DIRECTOR","DEPUTY CEO","","",""
"DEPUTY EXECUTIVE VICE PRESIDENT","EXECUTIVE VICE PRESIDENT","","",""
"DEPUTY FIRE","FIRE OFFICER","","",""
"DEPUTY FIRE CHIEF","CHIEF","subordinate","deputy",""
"DEPUTY FISCAL DIRECTOR","DIRECTOR","subordinate","deputy",""
"DEPUTY GENERAL COUNSEL","GENERAL COUNSEL","subordinate","deputy",""
"DEPUTY GK","BOARD MEMBER","subordinate","deputy",""
"DEPUTY GOVERNOR","BOARD VICE PRESIDENT","","",""
"DEPUTY GR KNIGHT","BOARD VICE PRESIDENT","","",""
"DEPUTY GRAND","BOARD VICE PRESIDENT","subordinate","deputy","4"
"DEPUTY GRAND KN","BOARD VICE PRESIDENT","","",""
"DEPUTY GRAND KNIGHT","BOARD VICE PRESIDENT","subordinate","deputy","4"
"DEPUTY GRAND MASTER","BOARD PRESIDENT","subordinate","deputy","masons board position"
"DEPUTY LEGAL DIRECTOR","DIRECTOR","subordinate","deputy",""
"DEPUTY MANAGER","MANAGER","subordinate","deputy",""
"DEPUTY MANAGING DIRECTOR","DIRECTOR","subordinate","deputy",""
"DEPUTY MASTER","BOARD VICE PRESIDENT","","",""
"DEPUTY PR","BOARD MEMBER","","",""
"DEPUTY PRESIDENT","BOARD MEMBER","","",""
"DEPUTY PROGRAMS DIRECTOR","DIRECTOR","subordinate","deputy",""
"DEPUTY REGIONAL #","BOARD MEMBER","","",""
"DEPUTY REPRESENTATIVE","BOARD MEMBER","subordinate","deputy",""
"DEPUTY SCOUT EXECUTIVE","DEPUTY CEO","","",""
"DEPUTY SECRETARY","BOARD SECRETARY","subordinate","deputy",""
"DEPUTY SUPERINTENDENT","DEPUTY CEO","","",""
"DEPUTY TREASURER","BOARD TREASURER","subordinate","deputy",""
"DEPUTY TRUSTEE","BOARD MEMBER","","",""
"DEPUTY VICE PRESIDENT","BOARD VICE PRESIDENT","","",""
"DERMATOLOGIST","DOCTOR","","",""
"DESIGN CHAIR","BOARD MEMBER","","",""
"DESIGN DIRECTOR","DIRECTOR","","",""
"DESIGNATED DIRECTOR","DIRECTOR","","",""
"DESIGNATED TRUSTEE","BOARD MEMBER","","",""
"DESIGNEE","BOARD MEMBER","","","5"
"DEVELOPMENT","DEVELOPMENT","","",""
"DEVELOPMENT ACCOUNTING DIRECTOR","DIRECTOR","","",""
"DEVELOPMENT CHAIR","BOARD MEMBER","committee","chair",""
"DEVELOPMENT COMMITTEE","BOARD MEMBER","committee","member",""
"DEVELOPMENT COMMITTEE CHAIR","BOARD MEMBER","committee","chair",""
"DEVELOPMENT COORDINATOR","DEVELOPMENT","","",""
"DEVELOPMENT DIRECTOR","DIRECTOR OF DEVELOPMENT","","",""
"DEVELOPMENT MANAGER","MANAGER","","",""
"DEVELOPMENT OFFICER","DEVELOPMENT OFFICER","","",""
"DEVELOPMENT PM AND SENIOR","PROJECT MANAGER","","",""
"DEVELOPMENT VICE PRESIDENT","BOARD VICE PRESIDENT","","",""
"DG","BOARD MEMBER","","",""
"DIERCTOR","BOARD MEMBER","","",""
"DIGITAL DIRECTOR","DIRECTOR","","",""
"DIGITAL MEDIA DIRECTOR","DIRECTOR","","",""
"DIIRECTOR","BOARD MEMBER","","",""
"DIRECT CARE AIDE","STAFF","","",""
"DIRECT SUPPORT PROFESSIONAL","STAFF","","",""
"DIRECTOR","BOARD MEMBER","","",""
"DIRECTOR """"""""","BOARD MEMBER","","",""
"DIRECTOR """"""""""""""""","BOARD MEMBER","","",""
"DIRECTOR #","BOARD MEMBER","","",""
"DIRECTOR '","BOARD MEMBER","","",""
"DIRECTOR @ LARGE","BOARD MEMBER","","",""
"DIRECTOR A","BOARD MEMBER","","",""
"DIRECTOR A AND O","BOARD MEMBER","","",""
"DIRECTOR ACADEMICS","DIRECTOR OF ACADEMICS","","","7"
"DIRECTOR ACCOUNTING","ACCOUNTING DIRECTOR","","",""
"DIRECTOR AL","BOARD MEMBER","","",""
"DIRECTOR ALL","BOARD MEMBER","","",""
"DIRECTOR ALT","BOARD MEMBER","","",""
"DIRECTOR ALTERNATE","BOARD MEMBER","","",""
"DIRECTOR ALUMNA","BOARD MEMBER","","","5"
"DIRECTOR AND","BOARD MEMBER","","","14"
"DIRECTOR AND AHF","BOARD MEMBER","","",""
"DIRECTOR AND ASSISTANT CHIEF","CHIEF","subordinate","assistant",""
"DIRECTOR AND CCF AND CCEF AND REG HOSPS","BOARD MEMBER","","",""
"DIRECTOR AND CCFA","BOARD MEMBER","","",""
"DIRECTOR AND CHIEF OF STAFF","CHIEF","","",""
"DIRECTOR AND COMPLIANCE","BOARD MEMBER","","",""
"DIRECTOR AND CONSULTANT","BOARD MEMBER","","",""
"DIRECTOR AND DELEGATE AND REGIONAL","BOARD MEMBER","regional","regional",""
"DIRECTOR AND EXOFFICIO","BOARD MEMBER","","",""
"DIRECTOR AND GOVENOR","BOARD MEMBER","","",""
"DIRECTOR AND IHC","BOARD MEMBER","","",""
"DIRECTOR AND IMM","BOARD MEMBER","","",""
"DIRECTOR AND IT SYSTEMS ARCHI","DIRECTOR OF INFORMATION TECHNOLOGY","","","error with title cleaning:the raw title is ""DIRECTOR, IT SYSTEMS ARCHI"" so I'm assuming the comma should be converted to ""of"" instead of ""and"""
"DIRECTOR AND OFFICIO","BOARD MEMBER","","","4"
"DIRECTOR AND PART TIME","BOARD MEMBER","","",""
"DIRECTOR AND PHILANTHROPY","DIRECTOR OF DEVELOPMENT","","",""
"DIRECTOR AND PHYSICIAN","DOCTOR","","","15"
"DIRECTOR AND PRESIDENT","PRESIDENT","","",""
"DIRECTOR AND RE","BOARD MEMBER","","","DIRECTOR, RE ???"
"DIRECTOR AND REGIONAL","BOARD MEMBER","regional","regional",""
"DIRECTOR AND REGIONAL PROGRAMS","BOARD MEMBER","regional","regional",""
"DIRECTOR AND REGIONAL REGIONAL","BOARD MEMBER","regional","regional",""
"DIRECTOR AND SYSTEMS CHIEF OF STAFF","CHIEF","","",""
"DIRECTOR AND SYSTEMS VICE CHIEF OF STAFF","CHIEF","","",""
"DIRECTOR APPOINTED","BOARD MEMBER","","",""
"DIRECTOR AS","BOARD MEMBER","","",""
"DIRECTOR AS REGIONAL REPRESENTATIVE","BOARD MEMBER","","",""
"DIRECTOR AS REQ","BOARD MEMBER","","",""
"DIRECTOR AT LRG","BOARD MEMBER","","",""
"DIRECTOR ATTORNEY","ATTORNEY","","",""
"DIRECTOR B","BOARD MEMBER","","",""
"DIRECTOR BE","BOARD MEMBER","","",""
"DIRECTOR BOARD","BOARD MEMBER","","",""
"DIRECTOR BOARD CHAIR","BOARD PRESIDENT","","",""
"DIRECTOR BOARD MEMBER","BOARD MEMBER","","",""
"DIRECTOR BOARD OF DIRECTOR","DIRECTOR","","",""
"DIRECTOR BUDGET AND ANALYTICS","DIRECTOR OF BUDGET AND ANALYTICS","","","4"
"DIRECTOR CAP","BOARD MEMBER","","",""
"DIRECTOR CEN","BOARD MEMBER","","",""
"DIRECTOR CEO","CEO","","",""
"DIRECTOR CFO","BOARD TREASURER","","",""
"DIRECTOR CHAIR","BOARD PRESIDENT","","",""
"DIRECTOR CHAIR OF BOARD","BOARD PRESIDENT","","",""
"DIRECTOR CHAP HOUSI","BOARD MEMBER","","",""
"DIRECTOR CHIEF","CHIEF","","",""
"DIRECTOR CINCINNATI","BOARD MEMBER","","",""
"DIRECTOR CLASS A","BOARD MEMBER","","",""
"DIRECTOR CLINICAL SERVICES","DIRECTOR","","",""
"DIRECTOR CONTRACTOR","BOARD MEMBER","","",""
"DIRECTOR COORDINATOR","BOARD MEMBER","","",""
"DIRECTOR DEPUTY","BOARD MEMBER","","",""
"DIRECTOR DIRECTOR","DIRECTOR","","",""
"DIRECTOR DIS","BOARD MEMBER","","",""
"DIRECTOR DURING","BOARD MEMBER","","",""
"DIRECTOR EDU","BOARD MEMBER","","",""
"DIRECTOR ELE","BOARD MEMBER","","",""
"DIRECTOR ELECTED","BOARD MEMBER","","",""
"DIRECTOR ELECTIVE","BOARD MEMBER","","",""
"DIRECTOR EXECUTIVE","BOARD MEMBER","","",""
"DIRECTOR EXIT","BOARD MEMBER","","","5"
"DIRECTOR EXOFFICIO","BOARD MEMBER","","",""
"DIRECTOR FACILITIES","DIRECTOR OF FACILITIES","","",""
"DIRECTOR FMR","BOARD MEMBER","","",""
"DIRECTOR FR","BOARD MEMBER","","",""
"DIRECTOR FUN","BOARD MEMBER","","",""
"DIRECTOR FY","BOARD MEMBER","","",""
"DIRECTOR GENERAL","GENERAL DIRECTOR","","",""
"DIRECTOR GOVERNMENT RELATIONS","DIRECTOR OF LEGISLATIVE AFFAIRS","","",""
"DIRECTOR HONORARY","BOARD MEMBER","","",""
"DIRECTOR HOU","BOARD MEMBER","","",""
"DIRECTOR HOUSING ACCOUNTING","ACCOUNTING DIRECTOR","","",""
"DIRECTOR II","BOARD MEMBER","","",""
"DIRECTOR IN","BOARD MEMBER","","",""
"DIRECTOR IN FY","BOARD MEMBER","","",""
"DIRECTOR INFORMATION SYSTEMS","DIRECTOR OF INFORMATION TECHNOLOGY","","",""
"DIRECTOR IT","DIRECTOR OF INFORMATION TECHNOLOGY","","",""
"DIRECTOR JA","BOARD MEMBER","","",""
"DIRECTOR JOINED","BOARD MEMBER","","",""
"DIRECTOR KEY EMPLOYEE","BOARD MEMBER","","",""
"DIRECTOR L","BOARD MEMBER","","","4"
"DIRECTOR LARGE","BOARD MEMBER","","",""
"DIRECTOR LEF","BOARD MEMBER","","",""
"DIRECTOR LIFETIME B","BOARD MEMBER","","","4"
"DIRECTOR MAJOR GIFTS","DIRECTOR OF MAJOR GIFTS","","",""
"DIRECTOR MANAGER","MANAGER","","",""
"DIRECTOR MEMBER","BOARD MEMBER","","",""
"DIRECTOR MID","BOARD MEMBER","","",""
"DIRECTOR MINIMUM","BOARD MEMBER","","","5"
"DIRECTOR NON","BOARD MEMBER","","",""
"DIRECTOR NONVOTING","BOARD MEMBER","duplex","advisory",""
"DIRECTOR NURSING","DIRECTOR OF NURSING","","",""
"DIRECTOR OF","DIRECTOR","","",""
"DIRECTOR OF ACADEMICS","DIRECTOR","","",""
"DIRECTOR OF ACADEMICS AFFAIRS","DIRECTOR","","",""
"DIRECTOR OF ACADEMICS PROGRAMS","DIRECTOR","","",""
"DIRECTOR OF ACCOUNT MANAGEMENT","DIRECTOR","","",""
"DIRECTOR OF ACCOUNTING","ACCOUNTING DIRECTOR","","",""
"DIRECTOR OF ACCOUNTING AND ADMINISTRATION","DIRECTOR","","",""
"DIRECTOR OF ACCOUNTING AND FINANCE","DIRECTOR","","",""
"DIRECTOR OF ACCREDITATION","DIRECTOR","","",""
"DIRECTOR OF ACCT EXECUTIVE","ACCOUNTING DIRECTOR","","",""
"DIRECTOR OF ACQUISITIONS","DIRECTOR OF ACQUISITIONS","","","4"
"DIRECTOR OF ACTIVITIES","DIRECTOR","","",""
"DIRECTOR OF ADMINISTRATION","DIRECTOR OF ADMINISTRATION","","",""
"DIRECTOR OF ADMINISTRATION AND FINANCE","DIRECTOR","","",""
"DIRECTOR OF ADMINISTRATION AND FUNDRAISING","DIRECTOR","","",""
"DIRECTOR OF ADMINISTRATION SERVICES","DIRECTOR","","",""
"DIRECTOR OF ADMINISTRATION SRVCS","DIRECTOR","","",""
"DIRECTOR OF ADMINISTRATIVE SERVICES","DIRECTOR","","",""
"DIRECTOR OF ADMISSIONS","DIRECTOR","","",""
"DIRECTOR OF ADMISSIONS AND FINANCE AID","DIRECTOR","","",""
"DIRECTOR OF ADOPTIONS","DIRECTOR","","",""
"DIRECTOR OF ADVANCEMENT","DIRECTOR OF ADVANCEMENT","","",""
"DIRECTOR OF ADVOCACY","DIRECTOR","","",""
"DIRECTOR OF AFFORD HOUSING OPERATIONS","DIRECTOR","","",""
"DIRECTOR OF AFFORD HSG OPERATIONS","DIRECTOR OF OPERATIONS","","",""
"DIRECTOR OF AFFORDABLE AND TRANSITIONAL HOUSING","DIRECTOR","","",""
"DIRECTOR OF AGRONOMY","DIRECTOR","","",""
"DIRECTOR OF ALUMNI RELATIONS","DIRECTOR","","",""
"DIRECTOR OF AND MARKETING PRESIDENT","DIRECTOR","","",""
"DIRECTOR OF ANIMAL CARE","DIRECTOR","","",""
"DIRECTOR OF ANIMAL HEALTH","DIRECTOR","","",""
"DIRECTOR OF ANNUAL GIVING","DIRECTOR","","",""
"DIRECTOR OF APPLICATION DEVELOPMENT","DIRECTOR","","",""
"DIRECTOR OF APPRENTICESHIP","DIRECTOR","","",""
"DIRECTOR OF ARTIST","DIRECTOR","","",""
"DIRECTOR OF ARTISTIC AND CULTURE","DIRECTOR","","",""
"DIRECTOR OF ASSESSMENT","DIRECTOR","","",""
"DIRECTOR OF ASSET MANAGEMENT","DIRECTOR","","",""
"DIRECTOR OF ASSISTANT LIVING","DIRECTOR","subordinate","assistant",""
"DIRECTOR OF ATHLETICS","SPORTS DIRECTOR","","",""
"DIRECTOR OF AUDIT COMMITTEE","DIRECTOR","","",""
"DIRECTOR OF AWARDS","DIRECTOR","","",""
"DIRECTOR OF BANDS","DIRECTOR","","",""
"DIRECTOR OF BASEBALL","DIRECTOR","","",""
"DIRECTOR OF BASEBALL OPERATIONS","DIRECTOR","","",""
"DIRECTOR OF BASKETBALL","DIRECTOR","","",""
"DIRECTOR OF BEHAVIORAL AND EDUCATION","DIRECTOR","","",""
"DIRECTOR OF BEHAVIORAL HEALTH","DIRECTOR","","",""
"DIRECTOR OF BEHAVIORAL HEALTH SERVICES","DIRECTOR","","",""
"DIRECTOR OF BENEFITS","DIRECTOR","","",""
"DIRECTOR OF BOARD","BOARD MEMBER","","",""
"DIRECTOR OF BOARD OF DIRECTOR","DIRECTOR","","",""
"DIRECTOR OF BOYS","DIRECTOR","","",""
"DIRECTOR OF BUILDING AND GROUNDS","DIRECTOR","","",""
"DIRECTOR OF BUILDINGS AND GROUNDS","DIRECTOR","","",""
"DIRECTOR OF BUSINESS","DIRECTOR","","",""
"DIRECTOR OF BUSINESS ADMINISTRATION","DIRECTOR","","",""
"DIRECTOR OF BUSINESS AFFAIRS","DIRECTOR","","",""
"DIRECTOR OF BUSINESS ANALYTICS","DIRECTOR","","",""
"DIRECTOR OF BUSINESS AND FINANCE","DIRECTOR","","",""
"DIRECTOR OF BUSINESS DEVELOPMENT","DIRECTOR OF BUSINESS DEVELOPMENT","","","143 of these?"
"DIRECTOR OF BUSINESS INTELLIGENCE","DIRECTOR","","",""
"DIRECTOR OF BUSINESS LENDING","DIRECTOR","","",""
"DIRECTOR OF BUSINESS MANAGEMENT","DIRECTOR","","",""
"DIRECTOR OF BUSINESS OPERATIONS","DIRECTOR","","",""
"DIRECTOR OF BUSINESS RELATIONS","DIRECTOR","","",""
"DIRECTOR OF BUSINESS REPRESENTATIVE","DIRECTOR","","",""
"DIRECTOR OF BUSINESS SERVICES","DIRECTOR","","",""
"DIRECTOR OF CAMPAIGNS","DIRECTOR","","",""
"DIRECTOR OF CAMPUS OPERATIONS","DIRECTOR","","",""
"DIRECTOR OF CAPITAL PROJECTS","DIRECTOR","","",""
"DIRECTOR OF CARE MANAGEMENT","DIRECTOR","","",""
"DIRECTOR OF CARE MGT","DIRECTOR","","",""
"DIRECTOR OF CASE MANAGEMENT","DIRECTOR","","",""
"DIRECTOR OF CATERING","DIRECTOR","","",""
"DIRECTOR OF CEO","DIRECTOR","","",""
"DIRECTOR OF CERTIFICATION","DIRECTOR","","",""
"DIRECTOR OF CHAIR","BOARD MEMBER","committee","chair",""
"DIRECTOR OF CHEER","DIRECTOR","","",""
"DIRECTOR OF CIVIC ENGAGEMENT","DIRECTOR","","",""
"DIRECTOR OF CLAIMS","DIRECTOR","","",""
"DIRECTOR OF CLIENT RELATIONS","DIRECTOR","","",""
"DIRECTOR OF CLIENT SERVICE","DIRECTOR","","",""
"DIRECTOR OF CLIENT SERVICES","DIRECTOR","","",""
"DIRECTOR OF CLINICAL COMPLIANCE","DIRECTOR","","",""
"DIRECTOR OF CLINICAL DEVELOPMENT","DIRECTOR","","",""
"DIRECTOR OF CLINICAL EDUCATION","DIRECTOR","","",""
"DIRECTOR OF CLINICAL OPERATIONS","CLINICAL DIRECTOR","","",""
"DIRECTOR OF CLINICAL PROGRAMS","DIRECTOR","","",""
"DIRECTOR OF CLINICAL SERVI","DIRECTOR","","",""
"DIRECTOR OF CLINICAL SERVICES","DIRECTOR","","",""
"DIRECTOR OF CLUB OPERATIONS","DIRECTOR","","",""
"DIRECTOR OF COACH","DIRECTOR","","",""
"DIRECTOR OF COACHES","DIRECTOR","","",""
"DIRECTOR OF COACHING","DIRECTOR","","",""
"DIRECTOR OF COLLECTIONS","DIRECTOR OF COLLECTIONS","","",""
"DIRECTOR OF COLLEGE COUNSELING","DIRECTOR","","",""
"DIRECTOR OF COMMITTEE","BOARD MEMBER","","",""
"DIRECTOR OF COMMITTEE AND MARKETING","DIRECTOR","","",""
"DIRECTOR OF COMMITTEE CHAIR","DIRECTOR","committee","chair",""
"DIRECTOR OF COMMITTEE ENGA","DIRECTOR","","",""
"DIRECTOR OF COMMITTEE RELATIONS","DIRECTOR","","",""
"DIRECTOR OF COMMUNICATIONS","DIRECTOR OF COMMUNICATIONS","","",""
"DIRECTOR OF COMMUNICATIONS AND DEVELOPMENT","DIRECTOR","","",""
"DIRECTOR OF COMMUNICATIONS AND ENGAGEMENT","DIRECTOR","","",""
"DIRECTOR OF COMMUNICATIONS AND MARKETING","DIRECTOR","","",""
"DIRECTOR OF COMMUNICATIONS AND OUTREACH","DIRECTOR","","",""
"DIRECTOR OF COMMUNICATIONS AND TECHNOLOGY","DIRECTOR","","",""
"DIRECTOR OF COMMUNICATIONS COMMITTEE","DIRECTOR","","",""
"DIRECTOR OF COMMUNICATIONS SERVICE","DIRECTOR","","",""
"DIRECTOR OF COMMUNITY","DIRECTOR","","",""
"DIRECTOR OF COMMUNITY AFFAIRS","DIRECTOR","","",""
"DIRECTOR OF COMMUNITY BUILDING","DIRECTOR","","",""
"DIRECTOR OF COMMUNITY DEVELOPMENT","DIRECTOR","","",""
"DIRECTOR OF COMMUNITY ENGA","DIRECTOR","","",""
"DIRECTOR OF COMMUNITY ENGAGEMENT","DIRECTOR","","",""
"DIRECTOR OF COMMUNITY IMPACT","DIRECTOR","","",""
"DIRECTOR OF COMMUNITY INVESTMENT","DIRECTOR","","",""
"DIRECTOR OF COMMUNITY OUTREAC","DIRECTOR","","",""
"DIRECTOR OF COMMUNITY OUTREACH","DIRECTOR","","",""
"DIRECTOR OF COMMUNITY PROGRAMS","DIRECTOR","","",""
"DIRECTOR OF COMMUNITY RELATIONS","DIRECTOR","","",""
"DIRECTOR OF COMMUNITY SERVICE","DIRECTOR","","",""
"DIRECTOR OF COMMUNITY SERVICES","DIRECTOR","","",""
"DIRECTOR OF COMPETITION","DIRECTOR","","",""
"DIRECTOR OF COMPLIANCE","DIRECTOR","","",""
"DIRECTOR OF COMPLIANCE AND IT","DIRECTOR","","",""
"DIRECTOR OF CONCE","DIRECTOR","","",""
"DIRECTOR OF CONCESSIONS","DIRECTOR","","",""
"DIRECTOR OF CONFERENCES","DIRECTOR","","",""
"DIRECTOR OF CONFERENCES AND EVENTS","DIRECTOR","","",""
"DIRECTOR OF CONS","DIRECTOR","","",""
"DIRECTOR OF CONSERVATION","DIRECTOR","","",""
"DIRECTOR OF CONSTRUCTION","DIRECTOR","","",""
"DIRECTOR OF CONSULTANT LENDING","DIRECTOR","","",""
"DIRECTOR OF CONTENT","DIRECTOR","","",""
"DIRECTOR OF CONTRACTS","DIRECTOR","","",""
"DIRECTOR OF CORP RECORDS","DIRECTOR","","",""
"DIRECTOR OF CORPORATE AND FOUNDATION RELATIONS","DIRECTOR","","",""
"DIRECTOR OF CORPORATE DEVELOPMENT","DIRECTOR","","",""
"DIRECTOR OF CORPORATE PARTNERSHIPS","DIRECTOR","","",""
"DIRECTOR OF CORPORATE RELATIONS","DIRECTOR","","",""
"DIRECTOR OF CORPORATION","DIRECTOR","","",""
"DIRECTOR OF COUNSELING","DIRECTOR","","",""
"DIRECTOR OF CULINARY","DIRECTOR","","",""
"DIRECTOR OF CULTURE","DIRECTOR","","",""
"DIRECTOR OF CURATORIAL AFFAIRS","CHIEF CURATOR","","",""
"DIRECTOR OF CURRICULUM","DIRECTOR","","",""
"DIRECTOR OF CURRICULUM DEVELOPMENT","DIRECTOR","","",""
"DIRECTOR OF DATA ANALYTICS","DIRECTOR","","",""
"DIRECTOR OF DATA AND RESEARCH","DIRECTOR","","",""
"DIRECTOR OF DATA AND TECHNOLOGY","DIRECTOR","","",""
"DIRECTOR OF DATA MANAGEMENT","DIRECTOR","","",""
"DIRECTOR OF DEI","DIRECTOR","","",""
"DIRECTOR OF DESIGN","DIRECTOR","","",""
"DIRECTOR OF DESIGNEE","DIRECTOR","","",""
"DIRECTOR OF DEVELOPMENT","DIRECTOR OF DEVELOPMENT","","",""
"DIRECTOR OF DEVELOPMENT AN","DIRECTOR","","",""
"DIRECTOR OF DEVELOPMENT AND COMMITTEE","DIRECTOR","","",""
"DIRECTOR OF DEVELOPMENT AND COMMUNICATIONS","DIRECTOR","","",""
"DIRECTOR OF DEVELOPMENT AND LCC","DIRECTOR","","",""
"DIRECTOR OF DEVELOPMENT AND MARKETING","DIRECTOR","","",""
"DIRECTOR OF DEVELOPMENT AND SCHOOLS","DIRECTOR","","",""
"DIRECTOR OF DEVELOPMENT FINANCE","DIRECTOR OF FINANCE","","",""
"DIRECTOR OF DEVELOPMENT OPERATIONS","DIRECTOR","","",""
"DIRECTOR OF DIGITAL SERVICES","DIRECTOR","","",""
"DIRECTOR OF DIGITAL STRATEGY","DIRECTOR","","",""
"DIRECTOR OF DINING","DIRECTOR","","",""
"DIRECTOR OF DINING SERVICES","DIRECTOR","","",""
"DIRECTOR OF DIRECTOR","BOARD MEMBER","","",""
"DIRECTOR OF DIVERSITY","DIRECTOR","","",""
"DIRECTOR OF DIVERSITY AND EQUITY AND INCLUSION","DIRECTOR","","",""
"DIRECTOR OF DONOR ENGAGEMENT","DIRECTOR","","",""
"DIRECTOR OF DONOR RELATIONS","DIRECTOR","","",""
"DIRECTOR OF ECONOMIC DEVELOPMENT","DIRECTOR","","",""
"DIRECTOR OF EDU","DIRECTOR","","",""
"DIRECTOR OF EDUC","DIRECTOR","","",""
"DIRECTOR OF EDUCATION","DIRECTOR OF EDUCATION","","",""
"DIRECTOR OF EDUCATION AND TRAINING","DIRECTOR","","",""
"DIRECTOR OF EDUCATION AND WE","DIRECTOR","","",""
"DIRECTOR OF EDUCATION AND WELLNESS","DIRECTOR","","",""
"DIRECTOR OF EDUCATION PROGRAMS","DIRECTOR","","",""
"DIRECTOR OF EDUCATION SERVICES","DIRECTOR","","",""
"DIRECTOR OF EMPLOYEE BENEF","DIRECTOR","","",""
"DIRECTOR OF EMPLOYMENT SERVICES","DIRECTOR","","",""
"DIRECTOR OF ENDOWMENT","DIRECTOR","","",""
"DIRECTOR OF ENGAGEMENT","DIRECTOR OF ENGAGEMENT","","",""
"DIRECTOR OF ENGINEERING","DIRECTOR OF ENGINEERING","","",""
"DIRECTOR OF ENGINEERING AND OPERATIONS","DIRECTOR","","",""
"DIRECTOR OF ENROLLMENT","DIRECTOR","","",""
"DIRECTOR OF ENROLLMENT MANAGEMENT","DIRECTOR","","",""
"DIRECTOR OF ENTERTAINMENT","DIRECTOR","","",""
"DIRECTOR OF ENVIRONMENTAL SERVICES","DIRECTOR","","",""
"DIRECTOR OF EQUIP","DIRECTOR","","",""
"DIRECTOR OF EQUIPMENT","BOARD MEMBER","","",""
"DIRECTOR OF EQUITY AND INCLUSION","DIRECTOR","","",""
"DIRECTOR OF EVALUATION","DIRECTOR","","",""
"DIRECTOR OF EVENT","DIRECTOR","","",""
"DIRECTOR OF EVENTS","DIRECTOR","","",""
"DIRECTOR OF EXECUTIVE COMMITTEE","DIRECTOR","committee","executive",""
"DIRECTOR OF EXHIBITIONS","DIRECTOR OF EXHIBITIONS","","",""
"DIRECTOR OF EXHIBITS","DIRECTOR OF EXHIBITIONS","","",""
"DIRECTOR OF EXPERIENCE","DIRECTOR","","",""
"DIRECTOR OF EXTERNAL AFFAIRS","DIRECTOR OF EXTERNAL AFFAIRS","","",""
"DIRECTOR OF EXTERNAL RELATIONS","DIRECTOR OF EXTERNAL AFFAIRS","","",""
"DIRECTOR OF FACI","DIRECTOR","","",""
"DIRECTOR OF FACILITIES","DIRECTOR OF FACILITIES","","",""
"DIRECTOR OF FACILITIES AND MAINTENANCE","DIRECTOR","","",""
"DIRECTOR OF FACILITIES AND SECURITY","DIRECTOR OF FACILITIES","","",""
"DIRECTOR OF FACILITIES MANAGEMENT","DIRECTOR OF FACILITIES","","",""
"DIRECTOR OF FACILITY OPERATIONS","DIRECTOR","","",""
"DIRECTOR OF FAMILY SERVICES","DIRECTOR","","",""
"DIRECTOR OF FIELD","DIRECTOR","","",""
"DIRECTOR OF FIELD OPERATIONS","DIRECTOR","","",""
"DIRECTOR OF FIELD SERVICE","DIRECTOR","","",""
"DIRECTOR OF FIELD SERVICES","DIRECTOR","","",""
"DIRECTOR OF FIELDS","DIRECTOR","","",""
"DIRECTOR OF FINANCE","DIRECTOR OF FINANCE","","","*if trustee and not paid"
"DIRECTOR OF FINANCE ADMINISTRATION","DIRECTOR","","",""
"DIRECTOR OF FINANCE AFFAIRS","DIRECTOR","","",""
"DIRECTOR OF FINANCE AND ACCOUNTING","DIRECTOR","","",""
"DIRECTOR OF FINANCE AND AD","DIRECTOR","","",""
"DIRECTOR OF FINANCE AND ADMINISTRATION","DIRECTOR OF FINANCE AND ADMINISTRATION","","",""
"DIRECTOR OF FINANCE AND BUSINESS","DIRECTOR","","",""
"DIRECTOR OF FINANCE AND COMPLIANCE","DIRECTOR","","",""
"DIRECTOR OF FINANCE AND DEVELOPMENT","DIRECTOR","","",""
"DIRECTOR OF FINANCE AND HUMAN RESOURCES","DIRECTOR","","",""
"DIRECTOR OF FINANCE AND IT","DIRECTOR OF FINANCE","","",""
"DIRECTOR OF FINANCE AND OPERATIONS","DIRECTOR OF FINANCE AND OPERATIONS","","","*if not"
"DIRECTOR OF FINANCE COMMITTEE","BOARD PRESIDENT","committee","finance",""
"DIRECTOR OF FINANCE OF FCH","DIRECTOR","","",""
"DIRECTOR OF FINANCE OPERATIONS","DIRECTOR","","",""
"DIRECTOR OF FINANCE PLANNING AND ANALYSIS","DIRECTOR","","",""
"DIRECTOR OF FINANCE REPRESENTATIVE","DIRECTOR","","",""
"DIRECTOR OF FINANCE SERVICE","DIRECTOR","","",""
"DIRECTOR OF FINANCE SERVICES","DIRECTOR","","",""
"DIRECTOR OF FINANCE TREASURER","DIRECTOR","","",""
"DIRECTOR OF FISCAL OPERATIONS","DIRECTOR","","",""
"DIRECTOR OF FITNESS","DIRECTOR","","",""
"DIRECTOR OF FLAG FOOTBALL","DIRECTOR","","",""
"DIRECTOR OF FOOD AND BEVERAGE","DIRECTOR","","",""
"DIRECTOR OF FOOTBALL","DIRECTOR","","",""
"DIRECTOR OF FOSTERS","DIRECTOR","","",""
"DIRECTOR OF FOUNDATION","DIRECTOR","","",""
"DIRECTOR OF FOUNDATION RELATIONS","DIRECTOR","","",""
"DIRECTOR OF FUND","DIRECTOR","","",""
"DIRECTOR OF FUND DEVELOPMENT","DIRECTOR","","",""
"DIRECTOR OF FUND DEVELOPMENT AND COMMITTEE","DIRECTOR","","",""
"DIRECTOR OF FUNDR","DIRECTOR","","",""
"DIRECTOR OF FUNDRAISING","BOARD MEMBER","","",""
"DIRECTOR OF FUNDRAISING AND COMMUNICATIONS","DIRECTOR","","",""
"DIRECTOR OF GALA","DIRECTOR","","",""
"DIRECTOR OF GIFT PLANNING","DIRECTOR","","",""
"DIRECTOR OF GOKM","CEO","","","The Georgia O'Keeffe Museum"
"DIRECTOR OF GOLF","SPORTS DIRECTOR","","",""
"DIRECTOR OF GOLF COURSE OPERATIONS","DIRECTOR","","",""
"DIRECTOR OF GOLF INSTRUCTOR","DIRECTOR","","",""
"DIRECTOR OF GOLF OPERATIONS","DIRECTOR","","",""
"DIRECTOR OF GOV AFFAIRS","DIRECTOR","","",""
"DIRECTOR OF GOVERNANCE","DIRECTOR","","",""
"DIRECTOR OF GOVERNMENT AFF","DIRECTOR","","",""
"DIRECTOR OF GOVERNMENT AFFAIRS","DIRECTOR","","",""
"DIRECTOR OF GOVERNMENT RELATIONS","DIRECTOR","","",""
"DIRECTOR OF GOVERNMENTAL AFFAIRS","DIRECTOR","","",""
"DIRECTOR OF GOVERNOR AFFAIRS","DIRECTOR OF LEGISLATIVE AFFAIRS","","",""
"DIRECTOR OF GRANTS","DIRECTOR","","",""
"DIRECTOR OF GRANTS MANAGEMENT","DIRECTOR","","",""
"DIRECTOR OF GROUNDS","DIRECTOR","","",""
"DIRECTOR OF GUEST SERVICES","DIRECTOR","","",""
"DIRECTOR OF HEALTH","DIRECTOR","","",""
"DIRECTOR OF HEALTH BENEFITS","DIRECTOR","","",""
"DIRECTOR OF HEALTH POLICY","DIRECTOR","","",""
"DIRECTOR OF HEALTH SERVICE","DIRECTOR","","",""
"DIRECTOR OF HEALTH SERVICES","DIRECTOR","","",""
"DIRECTOR OF HEALTHCARE","DIRECTOR","","",""
"DIRECTOR OF HIGH SCHOOL","DIRECTOR","","",""
"DIRECTOR OF HOLIDAY LUNCH","DIRECTOR","","",""
"DIRECTOR OF HOME HEALTH","DIRECTOR","","",""
"DIRECTOR OF HOSPICE","DIRECTOR","","",""
"DIRECTOR OF HOSPITALITY","DIRECTOR","","",""
"DIRECTOR OF HOUSE OPERATIONS","DIRECTOR","","",""
"DIRECTOR OF HOUSING","DIRECTOR","","",""
"DIRECTOR OF HOUSING DEVELOPMENT","DIRECTOR","","",""
"DIRECTOR OF HUMAN RESOURCES","DIRECTOR OF HUMAN RESOURCES","","",""
"DIRECTOR OF HUMAN RESOURCES AND ADMINISTRATION","DIRECTOR","","",""
"DIRECTOR OF HUMAN RESOURCES AND OPERATIONS","DIRECTOR","","",""
"DIRECTOR OF IMPACT","DIRECTOR","","",""
"DIRECTOR OF INDIVIDUAL GIVING","DIRECTOR OF DEVELOPMENT","","",""
"DIRECTOR OF INDIVIDUAL PHILANTHROPY","DIRECTOR","","",""
"DIRECTOR OF INDUSTRIAL RELATIONS","DIRECTOR","","",""
"DIRECTOR OF INFORMATION","DIRECTOR","","",""
"DIRECTOR OF INFORMATION SERVICES","DIRECTOR","","",""
"DIRECTOR OF INFORMATION SY","DIRECTOR","","",""
"DIRECTOR OF INFORMATION SYSTEMS","DIRECTOR","","",""
"DIRECTOR OF INFORMATION TE","DIRECTOR","","",""
"DIRECTOR OF INFORMATION TECHNOLOGY","DIRECTOR OF INFORMATION TECHNOLOGY","","","4"
"DIRECTOR OF INNOVATION","DIRECTOR","","",""
"DIRECTOR OF INSTITUTIONAL","DIRECTOR","","",""
"DIRECTOR OF INSTITUTIONAL ADVANCEMENT","DIRECTOR","","",""
"DIRECTOR OF INSTITUTIONAL GIVING","DIRECTOR OF DEVELOPMENT","","",""
"DIRECTOR OF INSTRUCTOR","DIRECTOR","","",""
"DIRECTOR OF INSURANCE","DIRECTOR","","",""
"DIRECTOR OF INTAKE","DIRECTOR","","",""
"DIRECTOR OF INTERNAL AFFAIRS","DIRECTOR","","",""
"DIRECTOR OF INTERNAL AUDIT","DIRECTOR","","",""
"DIRECTOR OF INTERNAL OPERATIONS","DIRECTOR","","",""
"DIRECTOR OF INVESTIGATIONS","DIRECTOR","","",""
"DIRECTOR OF INVESTMENTS","DIRECTOR","","",""
"DIRECTOR OF INVESTOR RELATIONS","DIRECTOR","","",""
"DIRECTOR OF IT","DIRECTOR OF INFORMATION TECHNOLOGY","","",""
"DIRECTOR OF IT AND ISO","DIRECTOR OF INFORMATION TECHNOLOGY","","",""
"DIRECTOR OF ITS AND ISO","DIRECTOR OF INFORMATION TECHNOLOGY","","",""
"DIRECTOR OF KIRKPATRICK FAM FND","CEO","","","Science Museum Oklahoma Affiliated Fund"
"DIRECTOR OF LABOR RELATIONS","DIRECTOR","","",""
"DIRECTOR OF LACROSSE","DIRECTOR","","",""
"DIRECTOR OF LARGE MARKETING","DIRECTOR","","",""
"DIRECTOR OF LEADERSHIP","DIRECTOR","","",""
"DIRECTOR OF LEADERSHIP DEVELOPMENT","DIRECTOR","","",""
"DIRECTOR OF LEARNING","DIRECTOR","","",""
"DIRECTOR OF LEARNING AND DEVELOPMENT","DIRECTOR","","",""
"DIRECTOR OF LEASING","DIRECTOR","","",""
"DIRECTOR OF LEGAL","DIRECTOR","","",""
"DIRECTOR OF LEGAL AFFAIRS","DIRECTOR OF LEGAL AFFAIRS","","",""
"DIRECTOR OF LEGAL SERVICES","DIRECTOR","","",""
"DIRECTOR OF LEGISLATION","DIRECTOR","","",""
"DIRECTOR OF LEGISLATIVE AFFAIRS","DIRECTOR OF LEGISLATIVE AFFAIRS","","","4"
"DIRECTOR OF LENDING","DIRECTOR","","",""
"DIRECTOR OF LI PROGRAMS OPERATIONS","DIRECTOR","","",""
"DIRECTOR OF LIFE","DIRECTOR","","",""
"DIRECTOR OF LITIGATION","DIRECTOR","","",""
"DIRECTOR OF LOGISTICS","DIRECTOR","","",""
"DIRECTOR OF LOWER SCHOOL","DIRECTOR","","",""
"DIRECTOR OF MAB TRUST","CEO","","","Science Museum Oklahoma Affiliated Fund"
"DIRECTOR OF MAINTENANCE","DIRECTOR OF FACILITIES","","",""
"DIRECTOR OF MAJOR GIFTS","DIRECTOR","","",""
"DIRECTOR OF MANAGEMENT","DIRECTOR","","",""
"DIRECTOR OF MANAGERS","DIRECTOR","","",""
"DIRECTOR OF MARKETING","DIRECTOR OF MARKETING","","",""
"DIRECTOR OF MARKETING AND CO","DIRECTOR OF MARKETING","","",""
"DIRECTOR OF MARKETING AND COM","DIRECTOR OF MARKETING","","",""
"DIRECTOR OF MARKETING AND COMMITTEE","DIRECTOR OF MARKETING","","",""
"DIRECTOR OF MARKETING AND COMMUNICATIONS","DIRECTOR OF MARKETING AND COMMUNICATIONS","","",""
"DIRECTOR OF MARKETING AND DEVELOPMENT","DIRECTOR","","",""
"DIRECTOR OF MARKETING AND EVENTS","DIRECTOR","","",""
"DIRECTOR OF MARKETING AND PUBLIC RELATIONS","DIRECTOR","","",""
"DIRECTOR OF MARKETING AND SALES","DIRECTOR","","",""
"DIRECTOR OF MARKETING COMMITTEE","DIRECTOR","","",""
"DIRECTOR OF MARKETING DEVELOPMENT","DIRECTOR","","",""
"DIRECTOR OF MEDIA","DIRECTOR","","",""
"DIRECTOR OF MEDIA MANAGEMENT","DIRECTOR","","",""
"DIRECTOR OF MEDICAL","DIRECTOR","","",""
"DIRECTOR OF MEDICAL AFFAIRS","DIRECTOR","","",""
"DIRECTOR OF MEDICAL OPERATIONS","DIRECTOR","","",""
"DIRECTOR OF MEDICAL SERVICES","DIRECTOR","","",""
"DIRECTOR OF MEETING SERVICES","DIRECTOR","","",""
"DIRECTOR OF MEETINGS","DIRECTOR","","",""
"DIRECTOR OF MEETINGS AND EVENTS","DIRECTOR","","",""
"DIRECTOR OF MEMBE","DIRECTOR","","",""
"DIRECTOR OF MEMBER","DIRECTOR","","",""
"DIRECTOR OF MEMBER AND COMMUNITY ENGA","DIRECTOR","","",""
"DIRECTOR OF MEMBER CARE","DIRECTOR","","",""
"DIRECTOR OF MEMBER ENGAGEM","DIRECTOR","","",""
"DIRECTOR OF MEMBER ENGAGEMENT","DIRECTOR OF MEMBERSHIP","","",""
"DIRECTOR OF MEMBER SERVICE","DIRECTOR","","",""
"DIRECTOR OF MEMBER SERVICES","DIRECTOR","","",""
"DIRECTOR OF MEMBERS","DIRECTOR","","",""
"DIRECTOR OF MEMBERSHIP","DIRECTOR OF MEMBERSHIP","","",""
"DIRECTOR OF MEMBERSHIP AND MARKETING","DIRECTOR","","",""
"DIRECTOR OF MEMBERSHIP CHAIR","DIRECTOR","committee","chair",""
"DIRECTOR OF MEMBERSHIP DEVELOPMENT","DIRECTOR","","",""
"DIRECTOR OF MEMBERSHIP SERVICES","DIRECTOR","","",""
"DIRECTOR OF MEMBERSHIPS","DIRECTOR","","",""
"DIRECTOR OF MENTAL HEALTH","DIRECTOR","","",""
"DIRECTOR OF MERCHANDISING","DIRECTOR","","",""
"DIRECTOR OF MERCY DEVELOPMENT","DIRECTOR","","",""
"DIRECTOR OF MIDDLE SCHOOL","HEAD OF DIVISION","","",""
"DIRECTOR OF MINISTRIES","DIRECTOR","","",""
"DIRECTOR OF MINISTRY","DIRECTOR","","",""
"DIRECTOR OF MIS","DIRECTOR OF INFORMATION TECHNOLOGY","","",""
"DIRECTOR OF MISSION","DIRECTOR","","",""
"DIRECTOR OF MISSION ADVANCEMENT","DIRECTOR","","",""
"DIRECTOR OF MISSIONS","DIRECTOR","","",""
"DIRECTOR OF MUSEUM","CEO","","",""
"DIRECTOR OF MUSEUM OPERATIONS","DIRECTOR OF OPERATIONS","","",""
"DIRECTOR OF MUSEUM PRGMS","DIRECTOR OF PROGRAMS","","",""
"DIRECTOR OF MUSEUMS","CEO","","",""
"DIRECTOR OF MUSIC","DIRECTOR","","",""
"DIRECTOR OF NCH FOUNDATION","DIRECTOR","","",""
"DIRECTOR OF NETWORKING","DIRECTOR","","",""
"DIRECTOR OF NEUROPSYCHOLOGY","DIRECTOR","","",""
"DIRECTOR OF NOT PAID BY FOUNDATION","BOARD MEMBER","","",""
"DIRECTOR OF NURSES","DIRECTOR","","",""
"DIRECTOR OF NURSING","DIRECTOR OF NURSING","","","6"
"DIRECTOR OF NURSING AND LONG CARE","DIRECTOR","","",""
"DIRECTOR OF NURSING SERVICES","DIRECTOR","","",""
"DIRECTOR OF NURSING VALLEY SENIOR LIVING ON COLUMBIA","DIRECTOR","","",""
"DIRECTOR OF NURSING WOODSIDE VILLAGE","DIRECTOR","","",""
"DIRECTOR OF O","DIRECTOR","","",""
"DIRECTOR OF OFFICER","DIRECTOR","","",""
"DIRECTOR OF OPERATIONS","DIRECTOR OF OPERATIONS","","","*if officer flag is true"
"DIRECTOR OF OPERATIONS AND COMPLIANCE","DIRECTOR","","",""
"DIRECTOR OF OPERATIONS AND FINANCE","DIRECTOR","","",""
"DIRECTOR OF OPERATIONS AND STRATEGY","DIRECTOR","","",""
"DIRECTOR OF OPERATIONS II","DIRECTOR OF OPERATIONS","","",""
"DIRECTOR OF ORG","DIRECTOR","","",""
"DIRECTOR OF ORGANIZATION","DIRECTOR","","",""
"DIRECTOR OF ORGANIZATIONAL DEVELOPMENT","DIRECTOR","","",""
"DIRECTOR OF ORGANIZING","DIRECTOR","","",""
"DIRECTOR OF OUTREACH","OUTREACH DIRECTOR","","",""
"DIRECTOR OF OUTREACH AND ENGAGEMENT","DIRECTOR","","",""
"DIRECTOR OF PARENT","BOARD MEMBER","","",""
"DIRECTOR OF PARTNER RELATIONS","DIRECTOR","","",""
"DIRECTOR OF PARTNERSHIP","DIRECTOR","","",""
"DIRECTOR OF PARTNERSHIPS","DIRECTOR","","",""
"DIRECTOR OF PATIENT SERVICES","DIRECTOR","","",""
"DIRECTOR OF PEDIATRICS","DIRECTOR","","",""
"DIRECTOR OF PEOPLE AND CULTURE","DIRECTOR","","",""
"DIRECTOR OF PEOPLE OPERATIONS","DIRECTOR","","",""
"DIRECTOR OF PERSONNEL","DIRECTOR","","",""
"DIRECTOR OF PHARMACY","MEDICAL DIRECTOR","","",""
"DIRECTOR OF PHARMACY OPERATIONS","DIRECTOR","","",""
"DIRECTOR OF PHILA","DIRECTOR","","",""
"DIRECTOR OF PHILANTHROPY","DIRECTOR OF DEVELOPMENT","","",""
"DIRECTOR OF PHYSICAL PLANT","DIRECTOR OF FACILITIES","","",""
"DIRECTOR OF PLANNING","DIRECTOR","","",""
"DIRECTOR OF PLANNING GIVING","DIRECTOR","","",""
"DIRECTOR OF PLANT OPERATIONS","DIRECTOR","","",""
"DIRECTOR OF PLAY","DIRECTOR","","",""
"DIRECTOR OF PLAYER DEVELOPMENT","DIRECTOR","","",""
"DIRECTOR OF POLICY","DIRECTOR","","",""
"DIRECTOR OF POLICY AND ADVOCACY","DIRECTOR","","",""
"DIRECTOR OF POLITICAL AFFAIRS","DIRECTOR","","",""
"DIRECTOR OF PORTFOLIO MANAGEMENT","DIRECTOR","","",""
"DIRECTOR OF PR","DIRECTOR","","",""
"DIRECTOR OF PRO BONO","DIRECTOR","","",""
"DIRECTOR OF PROCUREMENT","DIRECTOR","","",""
"DIRECTOR OF PRODUCT","DIRECTOR","","",""
"DIRECTOR OF PRODUCT DEVELOPMENT","DIRECTOR","","",""
"DIRECTOR OF PRODUCT MANAGEMENT","DIRECTOR","","",""
"DIRECTOR OF PRODUCTION","DIRECTOR OF PRODUCTION","","",""
"DIRECTOR OF PROF DEVELOPMENT","DIRECTOR","","",""
"DIRECTOR OF PROFESSIONAL DEVELOPMENT","DIRECTOR","","",""
"DIRECTOR OF PROFESSIONAL DIRECTOR","DIRECTOR","","",""
"DIRECTOR OF PROGRAMMING","DIRECTOR OF PROGRAMS","","",""
"DIRECTOR OF PROGRAMS","DIRECTOR OF PROGRAMS","","",""
"DIRECTOR OF PROGRAMS AND DEVELOPMENT","DIRECTOR","","",""
"DIRECTOR OF PROGRAMS AND OPERATIONS","DIRECTOR","","",""
"DIRECTOR OF PROGRAMS DEVELOPMENT","DIRECTOR","","",""
"DIRECTOR OF PROGRAMS MANAGEMENT","DIRECTOR","","",""
"DIRECTOR OF PROGRAMS OPERATIONS","DIRECTOR","","",""
"DIRECTOR OF PROGRAMS SERVICES","DIRECTOR","","",""
"DIRECTOR OF PROJECTS","PROJECTS DIRECTOR","","",""
"DIRECTOR OF PROJECTS DEVELOPMENT","DIRECTOR","","",""
"DIRECTOR OF PROJECTS MANAGEMENT","DIRECTOR","","",""
"DIRECTOR OF PROJECTS OPERATIONS","DIRECTOR","","",""
"DIRECTOR OF PROP MANAGEMENT","DIRECTOR","","",""
"DIRECTOR OF PROPERTY","DIRECTOR","","",""
"DIRECTOR OF PROPERTY MANAGEMENT","DIRECTOR","","",""
"DIRECTOR OF PSYCHIATRY","DIRECTOR","","",""
"DIRECTOR OF PUBLIC","DIRECTOR","","",""
"DIRECTOR OF PUBLIC AFFAIRS","DIRECTOR","","",""
"DIRECTOR OF PUBLIC HOUSING","DIRECTOR","","",""
"DIRECTOR OF PUBLIC MEMBER","DIRECTOR","","",""
"DIRECTOR OF PUBLIC POLICY","DIRECTOR","","",""
"DIRECTOR OF PUBLIC PROGRAMS","DIRECTOR OF PROGRAMS","","",""
"DIRECTOR OF PUBLIC RELATIONS","DIRECTOR OF PUBLIC RELATIONS","","",""
"DIRECTOR OF PUBLIC RELATIONS AND COMMUNICATIONS","DIRECTOR","","",""
"DIRECTOR OF PUBLICATIONS","DIRECTOR","","",""
"DIRECTOR OF PUBLICITY","DIRECTOR OF PUBLICITY","","",""
"DIRECTOR OF PURCHASING","DIRECTOR","","",""
"DIRECTOR OF QUALITY","DIRECTOR","","",""
"DIRECTOR OF QUALITY AND COMMITTEE","DIRECTOR","","",""
"DIRECTOR OF QUALITY ASSURANCE","DIRECTOR","","",""
"DIRECTOR OF QUALITY MANAGEMENT","DIRECTOR","","",""
"DIRECTOR OF R AND E DEVELOPMENT","DIRECTOR","","",""
"DIRECTOR OF RACQUET SPORTS","DIRECTOR","","",""
"DIRECTOR OF RACQUETS","DIRECTOR","","",""
"DIRECTOR OF RADIO","DIRECTOR","","",""
"DIRECTOR OF RADIOLOGY","DIRECTOR","","",""
"DIRECTOR OF RE DEVELOPMENT","DIRECTOR","","",""
"DIRECTOR OF REAL ESTATE","DIRECTOR","","",""
"DIRECTOR OF REAL ESTATE DEVELOPMENT","DIRECTOR","","",""
"DIRECTOR OF RECORDING","DIRECTOR","","",""
"DIRECTOR OF RECORDS","DIRECTOR","","",""
"DIRECTOR OF RECREATION","DIRECTOR","","",""
"DIRECTOR OF RECREATIONAL","DIRECTOR","","",""
"DIRECTOR OF RECRU","DIRECTOR","","",""
"DIRECTOR OF RECRUITMENT","DIRECTOR","","",""
"DIRECTOR OF REFEREES","DIRECTOR","","",""
"DIRECTOR OF REG AFFAIRS","DIRECTOR","","",""
"DIRECTOR OF REGIONAL","DIRECTOR","regional","regional",""
"DIRECTOR OF REGIONAL AFFAIRS","DIRECTOR","regional","regional",""
"DIRECTOR OF REGIONAL DELIVERY","DIRECTOR","regional","regional",""
"DIRECTOR OF REGIONAL DEVELOPMENT","DIRECTOR","regional","regional",""
"DIRECTOR OF REGIONAL OPERATIONS","DIRECTOR","regional","regional",""
"DIRECTOR OF REGIONAL PROGRAMS","DIRECTOR","regional","regional",""
"DIRECTOR OF REGISTRATION","DIRECTOR","","",""
"DIRECTOR OF REGULATORY AFFAIRS","DIRECTOR","","",""
"DIRECTOR OF REHAB","DIRECTOR","","",""
"DIRECTOR OF REHAB SERVICES","DIRECTOR","","",""
"DIRECTOR OF REHABILITATION","DIRECTOR","","",""
"DIRECTOR OF RELATIONS","DIRECTOR","","",""
"DIRECTOR OF RESEARCH","DIRECTOR OF RESEARCH","","",""
"DIRECTOR OF RESEARCH AND DEVELOPMENT","DIRECTOR","","",""
"DIRECTOR OF RESEARCH AND EVALUATION","DIRECTOR","","",""
"DIRECTOR OF RESEARCH AND POLICY","DIRECTOR","","",""
"DIRECTOR OF RESEARCH OPERATIONS","DIRECTOR","","",""
"DIRECTOR OF RESIDENT SERVI","DIRECTOR","","",""
"DIRECTOR OF RESIDENT SERVICES","DIRECTOR","","",""
"DIRECTOR OF RESIDENTIAL SERVICES","DIRECTOR","","",""
"DIRECTOR OF RESOURCES","DIRECTOR","","",""
"DIRECTOR OF RESOURCES DEVELOPMENT","DIRECTOR","","",""
"DIRECTOR OF RETAIL","DIRECTOR","","",""
"DIRECTOR OF RETAIL OPERATIONS","DIRECTOR OF SALES","","",""
"DIRECTOR OF RETIREE","DIRECTOR","","",""
"DIRECTOR OF RETIREES","DIRECTOR","","",""
"DIRECTOR OF REVENUE","DIRECTOR","","",""
"DIRECTOR OF REVENUE CYCLE","DIRECTOR","","",""
"DIRECTOR OF RISK","DIRECTOR","","",""
"DIRECTOR OF RISK MANAGEMENT","DIRECTOR OF RISK MANAGEMENT","","","5"
"DIRECTOR OF RITUAL","DIRECTOR","","",""
"DIRECTOR OF ROWING","DIRECTOR","","",""
"DIRECTOR OF RUGBY","DIRECTOR","","",""
"DIRECTOR OF SAFETY","DIRECTOR","","",""
"DIRECTOR OF SAFETY AND COMPLIANCE","DIRECTOR","","",""
"DIRECTOR OF SALES","DIRECTOR OF SALES","","",""
"DIRECTOR OF SALES AND MARKETING","DIRECTOR OF SALES","","",""
"DIRECTOR OF SCHEDULING","DIRECTOR","","",""
"DIRECTOR OF SCHOLARSHIPS","DIRECTOR","","",""
"DIRECTOR OF SCHOOL","DIRECTOR","","",""
"DIRECTOR OF SCHOOL OPERATIONS","DIRECTOR OF OPERATIONS","","",""
"DIRECTOR OF SCIENCE","DIRECTOR","","",""
"DIRECTOR OF SECURITY","DIRECTOR OF SECURITY","","",""
"DIRECTOR OF SELECT","DIRECTOR","","",""
"DIRECTOR OF SERVICES","DIRECTOR","","",""
"DIRECTOR OF SITE DEVELOPMENT","DIRECTOR","","",""
"DIRECTOR OF SMALL BUSINESS","DIRECTOR","","",""
"DIRECTOR OF SOCCER","DIRECTOR","","",""
"DIRECTOR OF SOCCER OPERATIONS","DIRECTOR","","",""
"DIRECTOR OF SOCIA","DIRECTOR","","",""
"DIRECTOR OF SOCIAL EVENTS","DIRECTOR","","",""
"DIRECTOR OF SOCIAL MEDIA","DIRECTOR","","",""
"DIRECTOR OF SOCIAL MEDIA AND COMMUNICATIONS","DIRECTOR","","",""
"DIRECTOR OF SOCIAL SERVICES","DIRECTOR","","",""
"DIRECTOR OF SOFTBALL","DIRECTOR","","",""
"DIRECTOR OF SOFTWARE DEVELOPMENT","DIRECTOR","","",""
"DIRECTOR OF SPECIAL EDUCATION","DIRECTOR","","",""
"DIRECTOR OF SPECIAL EVENTS","DIRECTOR OF EVENTS","","",""
"DIRECTOR OF SPECIAL PROGRAMS","DIRECTOR","","",""
"DIRECTOR OF SPECIAL PROJECTS","DIRECTOR","","",""
"DIRECTOR OF SPONS","DIRECTOR","","",""
"DIRECTOR OF SPONSORSHIP","DIRECTOR","","",""
"DIRECTOR OF SPONSORSHIPS","DIRECTOR","","",""
"DIRECTOR OF SQUASH","DIRECTOR","","",""
"DIRECTOR OF STAFF DEVELOPMENT","DIRECTOR","","",""
"DIRECTOR OF STANDARDS","DIRECTOR","","",""
"DIRECTOR OF STANDARDS DEVELOPMENT","DIRECTOR","","",""
"DIRECTOR OF STRATEGY","DIRECTOR","","",""
"DIRECTOR OF STRATEGY ALLIANCES","DIRECTOR","","",""
"DIRECTOR OF STRATEGY AND IMPACT","DIRECTOR","","",""
"DIRECTOR OF STRATEGY AND OPERATIONS","DIRECTOR","","",""
"DIRECTOR OF STRATEGY COMMUNICATIONS","DIRECTOR","","",""
"DIRECTOR OF STRATEGY DEVELOPMENT","DIRECTOR","","",""
"DIRECTOR OF STRATEGY GROWTH","DIRECTOR","","",""
"DIRECTOR OF STRATEGY INITIA","DIRECTOR","","",""
"DIRECTOR OF STRATEGY INITIATIVES","DIRECTOR","","",""
"DIRECTOR OF STRATEGY OPERATIONS","VICE PRESIDENT OF STRATEGY","","",""
"DIRECTOR OF STRATEGY PART","DIRECTOR","","",""
"DIRECTOR OF STRATEGY PARTNERSHIP","DIRECTOR","","",""
"DIRECTOR OF STRATEGY PARTNERSHIPS","DIRECTOR","","",""
"DIRECTOR OF STRATEGY PLANNING","DIRECTOR","","",""
"DIRECTOR OF STRATEGY PROGRAMS","DIRECTOR","","",""
"DIRECTOR OF STUDENT AFFAIRS","DIRECTOR","","",""
"DIRECTOR OF STUDENT SERVICES","DIRECTOR","","",""
"DIRECTOR OF STUDIES","DIRECTOR OF RESEARCH","","",""
"DIRECTOR OF SUI","DIRECTOR","","",""
"DIRECTOR OF SUPERVISORY COMMITTEE","DIRECTOR","","",""
"DIRECTOR OF SUPPORT SERVICES","DIRECTOR","","",""
"DIRECTOR OF SYSTEMS OPERATIONS","DIRECTOR","","",""
"DIRECTOR OF TALENT","DIRECTOR","","",""
"DIRECTOR OF TALENT AND CULTURE","DIRECTOR","","",""
"DIRECTOR OF TEACHING AND LEARNING","DIRECTOR OF EDUCATION","","",""
"DIRECTOR OF TECHNOLOGY","DIRECTOR OF TECHNOLOGY","","",""
"DIRECTOR OF TECHNOLOGY OPERATIONS","DIRECTOR","","",""
"DIRECTOR OF TECHNOLOGY PROGRAMS","DIRECTOR","","",""
"DIRECTOR OF TECHNOLOGY SERVICES","DIRECTOR","","",""
"DIRECTOR OF TENNIS","SPORTS DIRECTOR","","",""
"DIRECTOR OF THERAPY","DIRECTOR","","",""
"DIRECTOR OF THERAPY SERVICES","DIRECTOR","","",""
"DIRECTOR OF TRAINING","TRAINING DIRECTOR","","",""
"DIRECTOR OF TRAINING AND EDUCATION","DIRECTOR","","",""
"DIRECTOR OF TRANSPORTATION","DIRECTOR","","",""
"DIRECTOR OF TRAVEL","DIRECTOR","","",""
"DIRECTOR OF TREASURER","DIRECTOR","","",""
"DIRECTOR OF TREASURER SERVICES","DIRECTOR","","",""
"DIRECTOR OF UMPIRES","BOARD MEMBER","","",""
"DIRECTOR OF UNIFORMS","DIRECTOR","","",""
"DIRECTOR OF UPPER SCHOOL","HEAD OF DIVISION","","",""
"DIRECTOR OF VOLUNTEE","DIRECTOR","","",""
"DIRECTOR OF VOLUNTEER MANAGEMENT","DIRECTOR","","",""
"DIRECTOR OF VOLUNTEERING","DIRECTOR","","",""
"DIRECTOR OF VOLUNTEERS","DIRECTOR","","",""
"DIRECTOR OF WELLNESS","DIRECTOR","","",""
"DIRECTOR OF WORK","DIRECTOR","","",""
"DIRECTOR OF WORKFORCE DEVELOPMENT","DIRECTOR","","",""
"DIRECTOR OF YOUTH","DIRECTOR","","",""
"DIRECTOR OF YOUTH COMMITTEE","DIRECTOR","","",""
"DIRECTOR OF YOUTH DEVELOPMENT","DIRECTOR","","",""
"DIRECTOR OFFICER","BOARD MEMBER","","",""
"DIRECTOR OFFICIO","BOARD MEMBER","","","9"
"DIRECTOR ON","BOARD MEMBER","","",""
"DIRECTOR ON BOARD","BOARD MEMBER","","",""
"DIRECTOR OR TRUSTEE","BOARD MEMBER","","",""
"DIRECTOR ORLEANS","BOARD MEMBER","","",""
"DIRECTOR OUTREACH","BOARD MEMBER","","",""
"DIRECTOR OVERSE","DIRECTOR","regional","regional","4"
"DIRECTOR P","BOARD MEMBER","","",""
"DIRECTOR PAR","BOARD MEMBER","","",""
"DIRECTOR PART TIME","BOARD MEMBER","","",""
"DIRECTOR PARTIAL","BOARD MEMBER","","",""
"DIRECTOR PHARMACY","MEDICAL DIRECTOR","","",""
"DIRECTOR PHILANTHROPY","DIRECTOR OF DEVELOPMENT","","",""
"DIRECTOR PITTSBURGH","BOARD MEMBER","","",""
"DIRECTOR POS","BOARD MEMBER","","","6"
"DIRECTOR PR","BOARD MEMBER","","",""
"DIRECTOR PRESIDENT","BOARD PRESIDENT","","",""
"DIRECTOR PRO","BOARD MEMBER","","",""
"DIRECTOR PROGRAMMING","DIRECTOR OF PROGRAMS","","",""
"DIRECTOR PROGRAMS","DIRECTOR OF PROGRAMS","","",""
"DIRECTOR PT","BOARD MEMBER","","",""
"DIRECTOR RE","BOARD MEMBER","","",""
"DIRECTOR REG","BOARD MEMBER","","",""
"DIRECTOR REGIONAL","BOARD MEMBER","regional","regional","4"
"DIRECTOR REGIONAL I","BOARD MEMBER","","",""
"DIRECTOR REPRESENTATIVE","BOARD MEMBER","","",""
"DIRECTOR SECRETARY","BOARD SECRETARY","","","7"
"DIRECTOR SF","BOARD MEMBER","","",""
"DIRECTOR SHS","BOARD MEMBER","","",""
"DIRECTOR SO REGIONAL","BOARD MEMBER","","",""
"DIRECTOR SPECIAL","BOARD MEMBER","","",""
"DIRECTOR STAFF","BOARD MEMBER","","",""
"DIRECTOR SURGICAL SERVICES","DIRECTOR","","",""
"DIRECTOR SWS","BOARD MEMBER","","",""
"DIRECTOR TH","BOARD MEMBER","","",""
"DIRECTOR TILL","BOARD MEMBER","","",""
"DIRECTOR TREASURER","BOARD TREASURER","","",""
"DIRECTOR TRUSTEE","BOARD MEMBER","","",""
"DIRECTOR UP","DIRECTOR","","","5"
"DIRECTOR VARIOUS","BOARD MEMBER","","",""
"DIRECTOR VBMS BOARD OF DIRECTOR","DIRECTOR","","",""
"DIRECTOR VICE CHAIR","BOARD VICE PRESIDENT","","","5"
"DIRECTOR VICE PRESIDENT","BOARD VICE PRESIDENT","","",""
"DIRECTOR VICE PRESIDENT SECRETARY","BOARD MEMBER","","",""
"DIRECTOR VO","BOARD MEMBER","","",""
"DIRECTOR VOLUNTEER","BOARD MEMBER","","",""
"DIRECTOR VOTING","BOARD MEMBER","","",""
"DIRECTOR Y","BOARD MEMBER","","",""
"DIRECTOR YORK","BOARD MEMBER","","",""
"DIRECTOR ZONE","BOARD MEMBER","","",""
"DIRECTOR*","BOARD MEMBER","","","4"
"DIRECTOR: REGIONAL","BOARD MEMBER","","",""
"DIS GOVERNOR","BOARD MEMBER","","",""
"DISCIPLINE REPRESENTATIVE","BOARD MEMBER","","","6"
"DISCLOSURE AND PGS","NO TITLE","","",""
"DISPATCHER","DISPATCHER","","",""
"DISTINGUISHED DIRECTOR","BOARD MEMBER","","",""
"DISTRIBUTION COMMITTEE","BOARD MEMBER","","",""
"DISTRIBUTION COMMITTEE MEMBER","BOARD MEMBER","","",""
"DISTRIBUTION DIRECTOR","DIRECTOR","","",""
"DISTRIBUTOR","BOARD MEMBER","","",""
"DISTRIBUTOR DIVISION DIRECTOR","DIRECTOR","","",""
"DISTRIC","BOARD MEMBER","","",""
"DIV BOARD","BOARD MEMBER","","",""
"DIV CHAIR","BOARD MEMBER","","",""
"DIV DIRECTOR","DIRECTOR","","",""
"DIV PRESIDENT","BOARD MEMBER","","",""
"DIV REPRESENTATIVE","BOARD MEMBER","","",""
"DIV VICE CHAIR","BOARD MEMBER","","",""
"DIV VICE PRESIDENT","BOARD VICE PRESIDENT","","",""
"DIV VICE PRESIDENT OF COMMITTEE","VICE PRESIDENT","","",""
"DIV VICE PRESIDENT OF DEVELOPMENT","VICE PRESIDENT","","",""
"DIVERSITY","BOARD MEMBER","","",""
"DIVERSITY AND EQUITY AND INCLUSION DIRECTOR","BOARD MEMBER","","",""
"DIVERSITY AND INCLUSION DIRECTOR","DIRECTOR","","",""
"DIVERSITY CHAIR","BOARD MEMBER","","",""
"DIVERSITY DIRECTOR","DIRECTOR","","",""
"DIVERSITY REPRESENTATIVE","BOARD MEMBER","","",""
"DIVISION CFO","CHIEF FINANCIAL OFFICER","","",""
"DIVISION CHAIR","BOARD MEMBER","committee","chair",""
"DIVISION CHIEF","CHIEF","","",""
"DIVISION CHIEF EXECUTIVE AND REGIONAL","CHIEF","regional","regional",""
"DIVISION COORDINATOR","BOARD MEMBER","","",""
"DIVISION COUNCILOR","BOARD MEMBER","","",""
"DIVISION DIRECTOR","DIVISION DIRECTOR","regional","regional","4"
"DIVISION HEAD","HEAD OF DIVISION","","",""
"DIVISION MANAGER","MANAGER","","",""
"DIVISION OFFICER","BOARD MEMBER","","",""
"DIVISION PATROL REPRESENTATIVE","BOARD MEMBER","","",""
"DIVISION PRESIDENT","BOARD MEMBER","","",""
"DIVISION REPRESENTATIVE","BOARD MEMBER","","",""
"DIVISION VICE PRESIDENT","BOARD VICE PRESIDENT","","",""
"DIVISIONAL DIRECTOR","DIVISION DIRECTOR","","",""
"DIVISIONAL PRESIDENT","BOARD MEMBER","","",""
"DIVISIONAL VICE PRESIDENT","BOARD VICE PRESIDENT","","",""
"DNS","DIRECTOR OF NURSING","","",""
"DO","DOCTOR","","",""
"DOCENT AND TRUSTEE","BOARD MEMBER","","",""
"DOCENT CHAIR","BOARD MEMBER","committee","chair",""
"DOCENT REPRESENTATIVE","BOARD MEMBER","","","Asheville Art Museum Association Inc"
"DOCK MASTER","BOARD MEMBER","","",""
"DOCKMASTER","BOARD MEMBER","","",""
"DOCTOR","DOCTOR","","",""
"DON","DIRECTOR OF NURSING","","",""
"DONATIONS","BOARD MEMBER","","",""
"DONATIONS MANAGER","MANAGER","","",""
"DONOR CLERK DIRECTOR","DIRECTOR","","",""
"DONOR DIRECTOR","DIRECTOR","","",""
"DONOR RELATIONS","BOARD MEMBER","","",""
"DORECTOR","BOARD MEMBER","","",""
"DP","BOARD MEMBER","","",""
"DPC REPRESENTATIVE","BOARD MEMBER","","",""
"DPO REPRESENTATIVE","BOARD MEMBER","","",""
"DR","NO TITLE","","",""
"DRAINAGE","BOARD MEMBER","","",""
"DRI REPRESENTATIVE","BOARD MEMBER","","",""
"DRIECTOR","BOARD MEMBER","","",""
"DRIVER","STAFF","","",""
"DSA RECIPIENT","BOARD MEMBER","","",""
"DSP","STAFF","","",""
"DT","BOARD MEMBER","","",""
"DUES SECRETARY","BOARD MEMBER","","",""
"DULY AUTHORIZED OFFICER","BOARD MEMBER","","",""
"DURECTOR","BOARD MEMBER","","",""
"DVM","VETERINARIAN","","",""
"DVP","BOARD MEMBER","","",""
"E","BOARD MEMBER","","",""
"E BOARD","BOARD MEMBER","","","4"
"E BOARD DIRECTOR","DIRECTOR","","",""
"E BOARD MEMBER","BOARD MEMBER","","",""
"E BOARD REPRESENTATIVE","BOARD MEMBER","","",""
"E CHAIR MEMBER","BOARD MEMBER","committee","chair",""
"E REGIONAL DIRECTOR","DIRECTOR","regional","regional",""
"E REGIONAL REPRESENTATIVE","BOARD MEMBER","regional","regional",""
"E V PRESIDENT","VICE PRESIDENT","superior","executive",""
"E VICE","VICE PRESIDENT","superior","executive",""
"E VICE PRESISDENT","VICE PRESIDENT","superior","executive",""
"EAP DIRECTOR","DIRECTOR","","",""
"EARLY CAREER","BOARD MEMBER","","",""
"EARLY CAREER REPRESENTATIVE","BOARD MEMBER","","",""
"EB","BOARD MEMBER","","",""
"EB MEMBER","BOARD MEMBER","","",""
"EBD","BOARD MEMBER","","",""
"EBOARD","BOARD MEMBER","","",""
"EBOARD MEMBER","BOARD MEMBER","","",""
"EC","BOARD MEMBER","","",""
"EC CHAIR","BOARD MEMBER","committee","chair",""
"EC MEMBER","BOARD MEMBER","","",""
"EC PRESIDENT","BOARD MEMBER","","",""
"ECECUTIVE DIRECTOR","DIRECTOR","","",""
"ECEXUTIVE DIRECTOR","DIRECTOR","","",""
"ECONOMIC DEVELOPMENT","BOARD MEMBER","","",""
"ECONOMIC DEVELOPMENT DIRECTOR","DIRECTOR","","",""
"ECP REPRESENTATIVE","BOARD MEMBER","","",""
"ED","EXECUTIVE DIRECTOR","","","all c suite should have the officer flag checked"
"EDC","BOARD MEMBER","","",""
"EDIT CO-LEAD","BOARD MEMBER","duplex","co","MUSEUM EDUCATION ROUNDTABLE"
"EDITOR","EDITOR","","",""
"EDITOR DIRECTOR","DIRECTOR","","",""
"EDITOR IN CHIEF","EDITOR IN CHIEF","superior","",""
"EDITOR MEMBER REPRESENTATIVE","BOARD MEMBER","","",""
"EDITORIAL DIRECTOR","DIRECTOR","","",""
"EDU DIRECTOR","DIRECTOR","","",""
"EDUCATION","BOARD MEMBER","","",""
"EDUCATION AND OUTREACH COORDINATOR AND DIRECTOR","DIRECTOR","","",""
"EDUCATION AND PUBLIC POLICY VICE PRESIDENT AND COO","BOARD VICE PRESIDENT","","",""
"EDUCATION CHAIR","BOARD MEMBER","committee","chair",""
"EDUCATION COMMITTEE","BOARD MEMBER","","",""
"EDUCATION COMMITTEE CHAIR","BOARD MEMBER","committee","chair",""
"EDUCATION COORDINATOR","EDUCATION COORDINATOR","","",""
"EDUCATION DIRECTOR","DIRECTOR OF EDUCATION","","","*if no trustee flag and unpaid"
"EDUCATION INSTRUCTOR","EDUCATION INSTRUCTOR","","","4"
"EDUCATION LIAISON","BOARD MEMBER","","",""
"EDUCATION MANAGER","MANAGER","","",""
"EDUCATION MN","EDUCATION MN","","","4"
"EDUCATION OFFICER","BOARD MEMBER","","",""
"EDUCATION REPRESENTATIVE","BOARD MEMBER","","",""
"EDUCATION VICE CHAIR","BOARD MEMBER","","",""
"EDUCATION VICE PRESIDENT","BOARD VICE PRESIDENT","","",""
"EDUCATIONAL","BOARD MEMBER","","",""
"EDUCATIONAL DIRECTOR","DIRECTOR","","",""
"EDUCATOR","EDUCATOR","","",""
"EDV LEC CHAIR","BOARD MEMBER","committee","chair",""
"EDV LEC STR","BOARD MEMBER","","",""
"EDV LEC VCH","BOARD MEMBER","","",""
"EE REPRESENTATIVE","BOARD MEMBER","","",""
"EECUTIVE DIRECTOR","DIRECTOR","","",""
"ELDER","ELDER","","",""
"ELECTED AUDITOR","BOARD MEMBER","","",""
"ELECTED BENCHER","BOARD MEMBER","","",""
"ELECTED BOARD","BOARD MEMBER","","",""
"ELECTED BOARD MEMBER","BOARD MEMBER","","",""
"ELECTED BOARD OF DIRECTOR","BOARD MEMBER","","",""
"ELECTED BOG","BOARD MEMBER","","",""
"ELECTED DIRECTOR","BOARD MEMBER","","",""
"ELECTED GOVERNOR","BOARD MEMBER","","",""
"ELECTED MEMBER","BOARD MEMBER","","",""
"ELECTED MEMBER OF BOARD","BOARD MEMBER","","",""
"ELECTED OFFICER","BOARD MEMBER","","",""
"ELECTED PUBLIC MEMBER","BOARD MEMBER","","",""
"ELECTED REPRESENTATIVE","BOARD MEMBER","","",""
"ELECTED TRUSTEE","BOARD MEMBER","","","7"
"ELECTION","BOARD MEMBER","","",""
"ELECTION CHAIR","BOARD MEMBER","committee","chair",""
"ELECTION COMMITTEE","BOARD MEMBER","","",""
"ELECTION JUDGE","BOARD MEMBER","","",""
"ELECTION TELLER","BOARD MEMBER","","",""
"ELECTIONS CHAIR","BOARD MEMBER","","",""
"ELECTIVE TRUSTEE","BOARD MEMBER","","",""
"ELECTRICAL REGIONAL DELEGATE","BOARD MEMBER","","",""
"ELEM DIRECTOR","BOARD MEMBER","","",""
"ELEM VICE PRESIDENT","BOARD VICE PRESIDENT","","",""
"ELEMENTARY","BOARD MEMBER","","",""
"ELEMENTARY DIRECTOR","DIRECTOR","","",""
"ELEMENTARY PRINCIPAL","PRINCIPAL","","",""
"ELEMENTARY R","BOARD MEMBER","","",""
"ELEMENTARY REPRESENTATIVE","BOARD MEMBER","","",""
"ELEMENTARY SCHOOL PRINCIPAL","PRINCIPAL","","",""
"ELEMENTARY V","BOARD MEMBER","","",""
"ELEMENTARY VICE PRESIDENT","BOARD VICE PRESIDENT","","",""
"ELITE ATHLETE DIRECTOR","DIRECTOR","","",""
"EMERITUS","BOARD MEMBER","","",""
"EMPLOYED PHYSICIAN","DOCTOR","","",""
"EMPLOYEE","EMPLOYEE","","",""
"EMPLOYEE AND DIRECTOR","DIRECTOR","","",""
"EMPLOYEE AND PROGRAMS DIRECTOR","DIRECTOR","","",""
"EMPLOYEE REPRESENTATIVE","BOARD MEMBER","","",""
"EMPLOYEE TRUSTEE","BOARD MEMBER","","",""
"EMPLOYER DIRECTOR","DIRECTOR","","",""
"EMPLOYER REPRESENTATIVE","BOARD MEMBER","","",""
"EMPLOYER TRUSTEE","BOARD MEMBER","","",""
"EMPLOYER TRUSTEE ALT","BOARD MEMBER","","",""
"EMPLOYER TRUSTEE ALTERNATE","BOARD MEMBER","","",""
"EMPLOYER TRUSTEE P","BOARD MEMBER","","",""
"EMPLOYER TRUSTEE REGIONAL","BOARD MEMBER","","",""
"EMPLOYERS TRUSTEE","BOARD MEMBER","","",""
"EMPLOYMENT COMMITTEE CHAIR","BOARD MEMBER","","",""
"ENDOWMENT","BOARD MEMBER","","",""
"ENDOWMENT BOARD MEMBER","BOARD MEMBER","","",""
"ENDOWMENT CHAIR","BOARD MEMBER","","",""
"ENDOWMENTS","ENDOWMENTS","","",""
"ENGAGEMENT CHAIR","BOARD MEMBER","","",""
"ENGAGEMENT DIRECTOR","DIRECTOR","","",""
"ENGAGEMENT MANAGER","MANAGER","","",""
"ENGAGEMENT OFFICER","BOARD MEMBER","","",""
"ENGINEER","ENGINEER","","",""
"ENGINEER MANAGER","MANAGER","","",""
"ENGINEERING","ENGINEER","","",""
"ENGINEERING DIRECTOR","DIRECTOR","","",""
"ENGINEERING MANAGER","MANAGER","","",""
"ENGLISH SECRETARY","BOARD SECRETARY","","",""
"ENRICHMENT","BOARD MEMBER","","",""
"ENRICHMENT CHAIR","BOARD MEMBER","","",""
"ENROLLMENT","BOARD MEMBER","","",""
"ENROLLMENT REPRESENTATIVE","BOARD MEMBER","","",""
"ENSEMBLE REPRESENTATIVE TO BOARD","BOARD MEMBER","","",""
"ENTERTAINMEN","BOARD MEMBER","","",""
"ENTERTAINMENT","BOARD MEMBER","","",""
"ENTERTAINMENT CHAIR","BOARD MEMBER","","",""
"ENTERTAINMENT COMMITTEE CHAIR","BOARD MEMBER","committee","chair",""
"ENTERTAINMENT DIRECTOR","DIRECTOR","","",""
"ENTREPRENEUR IN RESIDENCE","BUSINESS ADVISOR","","",""
"EPSILON","BOARD MEMBER","","",""
"EPSILON CHI","BOARD MEMBER","","",""
"EPSILON ETA","BOARD MEMBER","","",""
"EPSILON KAPPA","BOARD MEMBER","","",""
"EPSILON LAMBDA","BOARD MEMBER","","",""
"EPSILON NU","BOARD MEMBER","","",""
"EPSILON OMEGA","BOARD MEMBER","","",""
"EPSILON OMICRON","BOARD MEMBER","","",""
"EPSILON PHI","BOARD MEMBER","","",""
"EPSILON PSI","BOARD MEMBER","","",""
"EPSILON TAU","BOARD MEMBER","","",""
"EPSILON THETA","BOARD MEMBER","","",""
"EPSILON UPSILON","BOARD MEMBER","","",""
"EPSILON ZETA","BOARD MEMBER","","",""
"EPSOA AND TRUSTEE","BOARD MEMBER","","",""
"EQUIP COORDINATOR","BOARD MEMBER","","",""
"EQUIP DIRECTOR","DIRECTOR","","",""
"EQUIP MANAGER","MANAGER","","",""
"EQUIPMENT","BOARD MEMBER","","",""
"EQUIPMENT CHAIR","BOARD MEMBER","","",""
"EQUIPMENT COMMITTEE","BOARD MEMBER","","",""
"EQUIPMENT COORDINATOR","BOARD MEMBER","","",""
"EQUIPMENT DIRECTOR","BOARD MEMBER","","","6"
"EQUIPMENT MA","BOARD MEMBER","","",""
"EQUIPMENT MANAGEMENT","BOARD MEMBER","","",""
"EQUIPMENT MANAGER","BOARD MEMBER","","","10"
"EQUIPMENT MG","BOARD MEMBER","","",""
"EQUIPMENT OFFICER","BOARD MEMBER","","",""
"EQUITY OFFICER","BOARD MEMBER","","",""
"ES PRINCIPAL","PRINCIPAL","","",""
"ESQUIRE","BOARD MEMBER","","","19"
"EST LEADING KNIGHT","BOARD VICE PRESIDENT","","",""
"EST LOYAL KNIGHT","BOARD VICE PRESIDENT","","",""
"ESTEEMED LEA","BOARD VICE PRESIDENT","","",""
"ESTEEMED LEADING KNIGHT","BOARD VICE PRESIDENT","","",""
"ESTEEMED LECTURING KNIGHT","BOARD VICE PRESIDENT","","",""
"ESTEEMED LOYAL KNIGHT","BOARD VICE PRESIDENT","","",""
"ESVP","VICE PRESIDENT","superior","executive senior",""
"ETA","BOARD MEMBER","","",""
"ETHICS CHAIR","BOARD MEMBER","","",""
"ETHICS COMMITTEE CHAIR","BOARD MEMBER","committee","chair",""
"ETHICS DIRECTOR","DIRECTOR","","",""
"ETHICS OFFICER","BOARD MEMBER","","",""
"EUROPEAN AND AFRICAN AND LEBANON REPRESENTATIVE","BOARD MEMBER","","",""
"EVANGELIST","PASTOR","","",""
"EVC","BOARD VICE PRESIDENT","","",""
"EVENT CHAIR","BOARD MEMBER","committee","chair",""
"EVENT CO-CHAIR","BOARD MEMBER","duplex","co",""
"EVENT COORDINATOR","BOARD MEMBER","","",""
"EVENT DIRECTOR","DIRECTOR","","",""
"EVENT MANAGER","MANAGER","","",""
"EVENT PLANNING","BOARD MEMBER","","",""
"EVENTS","BOARD MEMBER","","",""
"EVENTS CHAIR","BOARD MEMBER","committee","chair",""
"EVENTS COMMITTEE","BOARD MEMBER","","",""
"EVENTS COMMITTEE CHAIR","BOARD MEMBER","committee","chair",""
"EVENTS COORDINATOR","BOARD MEMBER","","",""
"EVENTS DIRECTOR","BOARD MEMBER","","",""
"EVENTS MANAGER","MANAGER","","",""
"EVP","VICE PRESIDENT","superior","executive",""
"EVTD","BOARD MEMBER","","",""
"EX-OFFICIO","BOARD MEMBER","","",""
"EXALTED RULE","BOARD PRESIDENT","superior","exalted","10"
"EXALTED RULER","BOARD PRESIDENT","superior","exalted","17"
"EXALTER RULER","BOARD PRESIDENT","","",""
"EXAM BOARD","BOARD MEMBER","","","9"
"EXAM COMMITTEE","BOARD MEMBER","","",""
"EXAMINATION BOARD","BOARD MEMBER","","",""
"EXAMING BOARD","BOARD MEMBER","","",""
"EXAMINING BOARD","BOARD MEMBER","","","15"
"EXAMINING BOARD MEMBER","BOARD MEMBER","","",""
"EXAMINING COMMITTEE","BOARD MEMBER","","",""
"EXAULTED RULER","BOARD PRESIDENT","","",""
"EXBOARD MEMBER","BOARD MEMBER","","","6"
"EXECDIR","EXECUTIVE DIRECTOR","","",""
"EXECUTIVE","BOARD MEMBER","","",""
"EXECUTIVE AD","BOARD MEMBER","","",""
"EXECUTIVE ADMINISTRATION","EXECUTIVE ADMINISTRATION","","",""
"EXECUTIVE ADMINISTRATION ASSISTANT","EXECUTIVE ASSISTANT","","",""
"EXECUTIVE ADMINISTRATOR","ADMINISTRATOR","","",""
"EXECUTIVE ADVISOR","BOARD MEMBER","","",""
"EXECUTIVE AND ASSTS","EXECUTIVE VICE PRESIDENT","","",""
"EXECUTIVE AND COMMITTEE","BOARD MEMBER","superior","executive",""
"EXECUTIVE AND FINANCE COMMITTEE","BOARD MEMBER","","",""
"EXECUTIVE ARTIST","ARTIST","superior","executive",""
"EXECUTIVE ARTISTIC DIRECTOR","ARTISTIC DIRECTOR","superior","executive",""
"EXECUTIVE AS","EXECUTIVE ASSISTANT","","",""
"EXECUTIVE ASSEMBLY","BOARD MEMBER","","",""
"EXECUTIVE ASSISTANT","EXECUTIVE ASSISTANT","","","*assistant to the executive, or executive assistant?"
"EXECUTIVE ASSISTANT TO PRESIDENT","EXECUTIVE ASSISTANT","","",""
"EXECUTIVE B","BOARD MEMBER","","",""
"EXECUTIVE BOARD","BOARD MEMBER","superior","executive",""
"EXECUTIVE BOARD AND BUSINESS AGENT","BUSINESS AGENT","","",""
"EXECUTIVE BOARD AND ORGANIZER","ORGANIZER","","",""
"EXECUTIVE BOARD CHAIR","BOARD PRESIDENT","","",""
"EXECUTIVE BOARD COMMITTEE","BOARD MEMBER","","",""
"EXECUTIVE BOARD DELEGATE","BOARD MEMBER","","",""
"EXECUTIVE BOARD DIRECTOR","BOARD MEMBER","committee","executive",""
"EXECUTIVE BOARD M","BOARD MEMBER","superior","executive",""
"EXECUTIVE BOARD MEMBER","BOARD MEMBER","superior","executive",""
"EXECUTIVE BOARD MEMBER LG","BOARD MEMBER","superior","executive",""
"EXECUTIVE BOARD OF DIRECTOR","BOARD MEMBER","","",""
"EXECUTIVE BOARD OFFICER","BOARD MEMBER","","",""
"EXECUTIVE BOARD P","BOARD MEMBER","","",""
"EXECUTIVE BOARD PRESIDENT","BOARD PRESIDENT","","",""
"EXECUTIVE BOARD REGIONAL","BOARD MEMBER","","",""
"EXECUTIVE BOARD SECRETARY","BOARD SECRETARY","","",""
"EXECUTIVE BOARD TRUSTEE","BOARD MEMBER","","",""
"EXECUTIVE BOARDMEMBER","BOARD MEMBER","","",""
"EXECUTIVE CABINET MEMBER","BOARD MEMBER","","",""
"EXECUTIVE CHAIR","BOARD PRESIDENT","superior","executive",""
"EXECUTIVE CHEF","EXECUTIVE CHEF","superior","executive","6"
"EXECUTIVE CHIEF","CHIEF","superior","executive",""
"EXECUTIVE CMTE","BOARD MEMBER","","",""
"EXECUTIVE CMTE MEMBER","BOARD MEMBER","","",""
"EXECUTIVE CO-DIRECTOR","EXECUTIVE DIRECTOR","duplex","co",""
"EXECUTIVE CO-MEMBER","BOARD MEMBER","superior","executive","7"
"EXECUTIVE COMMISSIONER","BOARD MEMBER","","",""
"EXECUTIVE COMMITTEE","BOARD MEMBER","superior","executive",""
"EXECUTIVE COMMITTEE AND BOARD MEMBER","BOARD MEMBER","","",""
"EXECUTIVE COMMITTEE AND CHAIR","BOARD PRESIDENT","superior","executive",""
"EXECUTIVE COMMITTEE AND DIRECTOR","BOARD MEMBER","committee","executive",""
"EXECUTIVE COMMITTEE AND TREASURER","BOARD TREASURER","","",""
"EXECUTIVE COMMITTEE AND TRUSTEE","BOARD MEMBER","","",""
"EXECUTIVE COMMITTEE CHAIR","BOARD MEMBER","committee","chair",""
"EXECUTIVE COMMITTEE DIRECTOR","BOARD MEMBER","committee","executive",""
"EXECUTIVE COMMITTEE MEMBER","BOARD MEMBER","superior","executive",""
"EXECUTIVE COMMITTEE OFFICER","BOARD MEMBER","","",""
"EXECUTIVE COMMITTEE REPRESENTATIVE","BOARD MEMBER","superior","executive",""
"EXECUTIVE COMMITTEE SECRETARY","BOARD SECRETARY","","",""
"EXECUTIVE COMMITTEE TREASURER","BOARD TREASURER","","",""
"EXECUTIVE COMMITTEE VICE CHAIR","BOARD VICE PRESIDENT","","",""
"EXECUTIVE COMMITTEE VOLUNTEER","BOARD MEMBER","","",""
"EXECUTIVE CONSULTANT","CONSULTANT","","",""
"EXECUTIVE CONSULTANT IE DIRECTOR","DIRECTOR","superior","executive",""
"EXECUTIVE COORDINATOR","COORDINATOR","","",""
"EXECUTIVE COUNCI","BOARD MEMBER","superior","executive",""
"EXECUTIVE COUNCIL","BOARD MEMBER","","","15"
"EXECUTIVE COUNCIL MEMBER","BOARD MEMBER","","",""
"EXECUTIVE COUNCIL OFFICER","BOARD MEMBER","","",""
"EXECUTIVE COUNCILOR","BOARD MEMBER","","",""
"EXECUTIVE CREATIVE DIRECTOR","DIRECTOR","superior","executive",""
"EXECUTIVE DEAN","DEAN","","",""
"EXECUTIVE DEPUTY DIRECTOR","EXECUTIVE DIRECTOR","subordinate","deputy",""
"EXECUTIVE DIRECTOR","EXECUTIVE DIRECTOR","","",""
"EXECUTIVE DIRECTOR AND BOARD","EXECUTIVE DIRECTOR","","",""
"EXECUTIVE DIRECTOR AND BOARD M","EXECUTIVE DIRECTOR","","",""
"EXECUTIVE DIRECTOR AND P","EXECUTIVE DIRECTOR","","",""
"EXECUTIVE DIRECTOR AND PRINCIPAL","EXECUTIVE DIRECTOR","","",""
"EXECUTIVE DIRECTOR AND REGIONAL","REGIONAL DIRECTOR","","",""
"EXECUTIVE DIRECTOR AND S","EXECUTIVE DIRECTOR","","",""
"EXECUTIVE DIRECTOR AND SCH O","EXECUTIVE DIRECTOR","","",""
"EXECUTIVE DIRECTOR BOARD MEMBER","EXECUTIVE DIRECTOR","","",""
"EXECUTIVE DIRECTOR CEO","CEO","","",""
"EXECUTIVE DIRECTOR IN","EXECUTIVE DIRECTOR","","",""
"EXECUTIVE DIRECTOR OF ADMINISTRATION","DIRECTOR OF ADMINISTRATION","","",""
"EXECUTIVE DIRECTOR OF ADVANCEMENT","DIRECTOR OF ADVANCEMENT","","",""
"EXECUTIVE DIRECTOR OF COMMITTEE","BOARD MEMBER","","",""
"EXECUTIVE DIRECTOR OF DEVELOPMENT","DIRECTOR OF DEVELOPMENT","","",""
"EXECUTIVE DIRECTOR OF EDUCATION","DIRECTOR OF EDUCATION","","",""
"EXECUTIVE DIRECTOR OF FINANCE","DIRECTOR OF FINANCE","","",""
"EXECUTIVE DIRECTOR OF FOUNDATION","EXECUTIVE DIRECTOR","","",""
"EXECUTIVE DIRECTOR OF HUMAN RESOURCES","DIRECTOR OF HUMAN RESOURCES","","",""
"EXECUTIVE DIRECTOR OF MARKETING","DIRECTOR OF MARKETING","","",""
"EXECUTIVE DIRECTOR OF OPERATIONS","DIRECTOR OF OPERATIONS","","",""
"EXECUTIVE DIRECTOR OF PROGRAMS","DIRECTOR OF PROGRAMS","","",""
"EXECUTIVE DIRECTOR OF REGIONAL","REGIONAL DIRECTOR","","",""
"EXECUTIVE DIRECTOR PRESIDENT","EXECUTIVE DIRECTOR","","",""
"EXECUTIVE DIRECTOR REGIONAL","REGIONAL DIRECTOR","","",""
"EXECUTIVE DIRECTOR SCH O","EXECUTIVE DIRECTOR","","",""
"EXECUTIVE DIRECTOR SECRETARY","EXECUTIVE DIRECTOR","","",""
"EXECUTIVE DIRECTOR TREASURER","EXECUTIVE DIRECTOR","","",""
"EXECUTIVE DIRECTOR TRUSTEE","EXECUTIVE DIRECTOR","","",""
"EXECUTIVE DIRECTORCEO","CEO","","",""
"EXECUTIVE DR","EXECUTIVE DIRECTOR","","",""
"EXECUTIVE DRIECTOR","EXECUTIVE DIRECTOR","","",""
"EXECUTIVE EDITOR","EDITOR","superior","executive","*if not trustee"
"EXECUTIVE EXECUTIVE DIRECTOR","EXECUTIVE DIRECTOR","","",""
"EXECUTIVE MANAGER","MANAGER","superior","executive",""
"EXECUTIVE MANAGING DIRECTOR","MANAGING DIRECTOR","superior","executive",""
"EXECUTIVE MEDICAL DIRECTOR","DIRECTOR","superior","executive",""
"EXECUTIVE MEMBER","BOARD MEMBER","superior","executive",""
"EXECUTIVE MGT BOARD MEMBER","BOARD MEMBER","","",""
"EXECUTIVE PASTOR","PASTOR","","",""
"EXECUTIVE PRODUCER","PRODUCER","superior","executive",""
"EXECUTIVE PROGRAMS DIRECTOR","DIRECTOR","superior","executive",""
"EXECUTIVE REGIONAL","EXECUTIVE","regional","regional","4"
"EXECUTIVE REGIONAL DIRECTOR","DIRECTOR","superior","executive",""
"EXECUTIVE REPRESENTATIVE","BOARD MEMBER","superior","executive",""
"EXECUTIVE SECRETARY","BOARD SECRETARY","superior","executive",""
"EXECUTIVE SECRETARY TREASURER","BOARD TREASURER","","",""
"EXECUTIVE SENIOR VICE PRESIDENT","VICE PRESIDENT","superior","executive senior",""
"EXECUTIVE TEAM","BOARD MEMBER","","",""
"EXECUTIVE TREASURER","BOARD TREASURER","superior","executive","8"
"EXECUTIVE TRUSTEE","BOARD MEMBER","superior","executive","6"
"EXECUTIVE VICE","VICE PRESIDENT","superior","executive",""
"EXECUTIVE VICE CHAIR","BOARD VICE PRESIDENT","","",""
"EXECUTIVE VICE PR","EXECUTIVE VICE PRESIDENT","","",""
"EXECUTIVE VICE PRESIDENT","EXECUTIVE VICE PRESIDENT","superior","executive",""
"EXECUTIVE VICE PRESIDENT AND CCO","CHIEF OFFICER","","",""
"EXECUTIVE VICE PRESIDENT AND CHIEF OF PROVIDER SVCS","CHIEF","superior","executive",""
"EXECUTIVE VICE PRESIDENT AND CHIEF OF STAFF","CHIEF","superior","executive",""
"EXECUTIVE VICE PRESIDENT AND CHIEF PHYSIC","CHIEF","superior","executive",""
"EXECUTIVE VICE PRESIDENT AND CHIEF SHARED CLINICAL SVCS","CHIEF","superior","executive",""
"EXECUTIVE VICE PRESIDENT AND CIO","CHIEF INFORMATION OFFICER","","",""
"EXECUTIVE VICE PRESIDENT AND CLO","EXECUTIVE VICE PRESIDENT","","",""
"EXECUTIVE VICE PRESIDENT AND CSO","EXECUTIVE VICE PRESIDENT","","",""
"EXECUTIVE VICE PRESIDENT AND PHYSICIAN IN CHIEF","CHIEF","superior","executive",""
"EXECUTIVE VICE PRESIDENT AND PROVOST","PROVOST","","",""
"EXECUTIVE VICE PRESIDENT CFO","CHIEF FINANCIAL OFFICER","","",""
"EXECUTIVE VICE PRESIDENT CHIEF CLINICAL OFFICER","CHIEF","superior","executive",""
"EXECUTIVE VICE PRESIDENT COO","CHIEF OPERATING OFFICER","","",""
"EXECUTIVE VICE PRESIDENT GENERAL COUNSEL","GENERAL COUNSEL","superior","executive",""
"EXECUTIVE VICE PRESIDENT OF","VICE PRESIDENT","superior","executive",""
"EXECUTIVE VICE PRESIDENT OF ACADEMICS AFFAIRS","VICE PRESIDENT OF ACADEMICS AFFAIRS","","",""
"EXECUTIVE VICE PRESIDENT OF ADMINISTRATION","VICE PRESIDENT","superior","executive",""
"EXECUTIVE VICE PRESIDENT OF BUSINESS DEVELOPMENT","VICE PRESIDENT","superior","executive",""
"EXECUTIVE VICE PRESIDENT OF BUSINESS OPERATIONS","VICE PRESIDENT","superior","executive",""
"EXECUTIVE VICE PRESIDENT OF CHIEF ADMINISTRATION","VICE PRESIDENT","superior","executive",""
"EXECUTIVE VICE PRESIDENT OF CHIEF BUSINESS AND STRATEGY","VICE PRESIDENT","superior","executive",""
"EXECUTIVE VICE PRESIDENT OF CHIEF BUSINESS STRATEGY","EXECUTIVE VICE PRESIDENT","superior","executive",""
"EXECUTIVE VICE PRESIDENT OF CHIEF HUMAN RESOURCES OFFICER","CHIEF HUMAN RESOURCES OFFICER","","",""
"EXECUTIVE VICE PRESIDENT OF CHIEF LEGAL OFFICER","VICE PRESIDENT","superior","executive",""
"EXECUTIVE VICE PRESIDENT OF CHIEF MARKETING OFFICER","VICE PRESIDENT","superior","executive",""
"EXECUTIVE VICE PRESIDENT OF CIO","VICE PRESIDENT","superior","executive",""
"EXECUTIVE VICE PRESIDENT OF CLO","VICE PRESIDENT","superior","executive",""
"EXECUTIVE VICE PRESIDENT OF CMO","VICE PRESIDENT","superior","executive",""
"EXECUTIVE VICE PRESIDENT OF CO-CHIEF LEGAL OFFICER","VICE PRESIDENT","superior","executive",""
"EXECUTIVE VICE PRESIDENT OF COMMONBOND HOUSING","VICE PRESIDENT","superior","executive",""
"EXECUTIVE VICE PRESIDENT OF COMMUNICATIONS","VICE PRESIDENT","superior","executive",""
"EXECUTIVE VICE PRESIDENT OF CONTINUING CARE","VICE PRESIDENT","superior","executive",""
"EXECUTIVE VICE PRESIDENT OF COUNSEL","VICE PRESIDENT","superior","executive",""
"EXECUTIVE VICE PRESIDENT OF CSO","VICE PRESIDENT","superior","executive",""
"EXECUTIVE VICE PRESIDENT OF DEVELOPMENT","VICE PRESIDENT","superior","executive",""
"EXECUTIVE VICE PRESIDENT OF ENTERPRISE MANAGEMENT","VICE PRESIDENT","superior","executive",""
"EXECUTIVE VICE PRESIDENT OF ENTERPRISE SERVICES","VICE PRESIDENT","superior","executive",""
"EXECUTIVE VICE PRESIDENT OF EXTERNAL AFFAIRS","VICE PRESIDENT","superior","executive",""
"EXECUTIVE VICE PRESIDENT OF FINANCE","VICE PRESIDENT OF FINANCE","superior","executive",""
"EXECUTIVE VICE PRESIDENT OF FINANCE AND ADMINISTRATION","VICE PRESIDENT","superior","executive",""
"EXECUTIVE VICE PRESIDENT OF FINANCE AND OPERATIONS","VICE PRESIDENT","superior","executive",""
"EXECUTIVE VICE PRESIDENT OF FOUNDATION","VICE PRESIDENT","superior","executive",""
"EXECUTIVE VICE PRESIDENT OF GOVERNMENT AFFAIRS","VICE PRESIDENT","superior","executive",""
"EXECUTIVE VICE PRESIDENT OF GROUP PRESIDENT","VICE PRESIDENT","superior","executive",""
"EXECUTIVE VICE PRESIDENT OF GROUP PRESIDENT AND MOC","VICE PRESIDENT","superior","executive",""
"EXECUTIVE VICE PRESIDENT OF HEALTH PLAN","VICE PRESIDENT","superior","executive",""
"EXECUTIVE VICE PRESIDENT OF HEALTH PLAN OPERATIONS AND CGO","VICE PRESIDENT","superior","executive",""
"EXECUTIVE VICE PRESIDENT OF HUMAN RESOURCES","VICE PRESIDENT","superior","executive",""
"EXECUTIVE VICE PRESIDENT OF INFORMATION TECHNOLOGY","VICE PRESIDENT","superior","executive",""
"EXECUTIVE VICE PRESIDENT OF LEGAL","VICE PRESIDENT","superior","executive",""
"EXECUTIVE VICE PRESIDENT OF MARKETING","VICE PRESIDENT","superior","executive",""
"EXECUTIVE VICE PRESIDENT OF MEDICAL AFFAIRS","VICE PRESIDENT OF MEDICAL AFFAIRS","","",""
"EXECUTIVE VICE PRESIDENT OF OPERATIONS","VICE PRESIDENT OF OPERATIONS","superior","executive",""
"EXECUTIVE VICE PRESIDENT OF PEOPLE AND CULTURE","VICE PRESIDENT","superior","executive",""
"EXECUTIVE VICE PRESIDENT OF PHILANTHROPY","VICE PRESIDENT","superior","executive",""
"EXECUTIVE VICE PRESIDENT OF PROGRAMS","VICE PRESIDENT","superior","executive",""
"EXECUTIVE VICE PRESIDENT OF PUBLIC AFFAIRS","VICE PRESIDENT","superior","executive",""
"EXECUTIVE VICE PRESIDENT OF REAL ESTATE","VICE PRESIDENT","superior","executive",""
"EXECUTIVE VICE PRESIDENT OF REGIONAL","VICE PRESIDENT","superior","executive",""
"EXECUTIVE VICE PRESIDENT OF SALES AND MARKETING","VICE PRESIDENT","superior","executive",""
"EXECUTIVE VICE PRESIDENT OF SECRETARY","VICE PRESIDENT","superior","executive",""
"EXECUTIVE VICE PRESIDENT OF STRATEGY","VICE PRESIDENT","superior","executive",""
"EXECUTIVE VICE PRESIDENT OF SYSTEMS AMBULATORY OPERATIONS","VICE PRESIDENT","superior","executive",""
"EXECUTIVE VICE PRESIDENT OF SYSTEMS CAO","VICE PRESIDENT","superior","executive",""
"EXECUTIVE VICE PRESIDENT OF SYSTEMS CFO","VICE PRESIDENT","superior","executive",""
"EXECUTIVE VICE PRESIDENT OF SYSTEMS CHIEF CLINICAL OFFICER","VICE PRESIDENT","superior","executive",""
"EXECUTIVE VICE PRESIDENT P","EXECUTIVE VICE PRESIDENT","","",""
"EXECUTIVE VP","VICE PRESIDENT","superior","executive",""
"EXHALTED RUL","BOARD PRESIDENT","","",""
"EXHALTED RULER","BOARD PRESIDENT","","",""
"EXHAULTED RULER","BOARD PRESIDENT","","",""
"EXHIBITION COMMITTEE","BOARD MEMBER","","",""
"EXHIBITS CHAIR","BOARD MEMBER","","",""
"EXITING TRUSTEE","BOARD MEMBER","","",""
"EXOFFICIO","BOARD MEMBER","","",""
"EXOFFICIO AND ADVISORY BOARD CO-CHAIR","BOARD PRESIDENT","duplex","co",""
"EXOFFICIO AND CEO","CEO","","",""
"EXOFFICIO AND CHAIR","BOARD MEMBER","","",""
"EXOFFICIO AND COLLEGE PRESIDENT","BOARD MEMBER","","",""
"EXOFFICIO AND DIRECTOR","DIRECTOR","","",""
"EXOFFICIO AND EXECUTIVE DIRECTOR","EXECUTIVE DIRECTOR","","",""
"EXOFFICIO AND GUILD","BOARD MEMBER","","",""
"EXOFFICIO AND TRUSTEE","BOARD MEMBER","","",""
"EXOFFICIO AND VICE CHAIR","BOARD MEMBER","committee","chair",""
"EXOFFICIO AND VOTING","BOARD MEMBER","","",""
"EXOFFICIO B","BOARD MEMBER","","",""
"EXOFFICIO BOARD","BOARD MEMBER","","",""
"EXOFFICIO BOARD MEMBER","BOARD MEMBER","","",""
"EXOFFICIO CEO","BOARD MEMBER","","",""
"EXOFFICIO CHAIR","BOARD MEMBER","","",""
"EXOFFICIO CHIEF OF FIRE","CHIEF","","",""
"EXOFFICIO COMMITTEE CHAIR","BOARD MEMBER","committee","chair",""
"EXOFFICIO DIRECTOR","BOARD MEMBER","","","20"
"EXOFFICIO EXECUTIVE DIRECTOR","EXECUTIVE DIRECTOR","","",""
"EXOFFICIO FIRE CHIEF","CHIEF","","",""
"EXOFFICIO MAYOR","BOARD MEMBER","","",""
"EXOFFICIO MEMBER","BOARD MEMBER","","",""
"EXOFFICIO MEMBERS","BOARD MEMBER","","",""
"EXOFFICIO OFFICER","BOARD MEMBER","","",""
"EXOFFICIO P","BOARD MEMBER","","",""
"EXOFFICIO PRESIDENT","BOARD MEMBER","","",""
"EXOFFICIO TREASURER","BOARD TREASURER","","",""
"EXOFFICIO TRUSTEE","BOARD MEMBER","","",""
"EXOFFICIO VOTING","BOARD MEMBER","","",""
"EXOFFICIO VOTING DIRECTOR","DIRECTOR","","",""
"EXOFFICIO VOTING MEMBER","BOARD MEMBER","","",""
"EXPERT DIRECTOR","BOARD MEMBER","","",""
"EXTERNAL AFFAIRS","BOARD MEMBER","","",""
"EXTERNAL DIRECTOR","DIRECTOR","","",""
"EXTERNAL VICE PRESIDENT","BOARD VICE PRESIDENT","","",""
"F AND B DIRECTOR","DIRECTOR","","",""
"F AND B MANAGER","MANAGER","","",""
"FACILITIES","BOARD MEMBER","","",""
"FACILITIES CHAIR","BOARD MEMBER","committee","chair",""
"FACILITIES COORDINATOR","BOARD MEMBER","","",""
"FACILITIES DIRECTOR","DIRECTOR OF FACILITIES","","",""
"FACILITIES M","BOARD MEMBER","","",""
"FACILITIES MANAGER","FACILITIES","","",""
"FACILITY CHAIR","BOARD MEMBER","","",""
"FACILITY DIRECTOR","DIRECTOR","","",""
"FACILITY MANAGEMENT","FACILITIES","","",""
"FACILITY MANAGEMENT ADVISOR","BOARD MEMBER","","",""
"FACILITY MANAGEMENT DIRECTOR","BOARD MEMBER","","",""
"FACILITY MANAGER","MANAGER","","",""
"FACILITY MEMBER","BOARD MEMBER","","",""
"FACULTY","FACULTY","","",""
"FACULTY ADVISOR","BOARD MEMBER","","",""
"FACULTY ATHLETICS REPRESENTATIVE","BOARD MEMBER","","",""
"FACULTY BOARD MEMBER","BOARD MEMBER","","",""
"FACULTY CHAIR","FACULTY","","",""
"FACULTY DIRECTOR","DIRECTOR","","",""
"FACULTY LIAISON","BOARD MEMBER","","",""
"FACULTY MANAGER","MANAGER","","",""
"FACULTY MEMBER","FACULTY","","",""
"FACULTY PHYSICIAN","DOCTOR","","",""
"FACULTY REPRESENTATIVE","BOARD MEMBER","","",""
"FACULTY TRUSTEE","BOARD MEMBER","","",""
"FAIR BOARD REPRESENTATIVE","BOARD MEMBER","","",""
"FAIR DIRECTOR","DIRECTOR","","",""
"FAIR MANAGER","MANAGER","","",""
"FAIRHOPE OF REGIONAL","BOARD MEMBER","","",""
"FAMILY DIRECTOR","DIRECTOR","","",""
"FAMILY MEDICINE","DOCTOR","","",""
"FAMILY MEDICINE PHYSICIAN","DOCTOR","","",""
"FAMILY NURSE PRACTITIONER","NURSE","","",""
"FAMILY OFFICER","BOARD MEMBER","","",""
"FAMILY PHYSICIAN","DOCTOR","","",""
"FAMILY PRACTICE","DOCTOR","","",""
"FAMILY PRACTICE PHYSICIAN","DOCTOR","","",""
"FAMILY PRACTITIONER","DOCTOR","","",""
"FAMILY REPRESENTATIVE","BOARD MEMBER","","",""
"FAMILY SERVICE COUNSELOR","COUNSELOR","","",""
"FAMILY SERVICE REPRESENTATIVE","BOARD MEMBER","","",""
"FAMILY SVCS MANAGER","MANAGER","","",""
"FARM DIRECTOR","DIRECTOR","","",""
"FARM MANAGER","MANAGER","","",""
"FD","BOARD MEMBER","","",""
"FDX LEC CHAIR","BOARD MEMBER","","",""
"FDX LEC STR","BOARD MEMBER","","",""
"FDX LEC VCH","BOARD MEMBER","","",""
"FEDERATION DIRECTOR","DIRECTOR","","",""
"FELLOW","BOARD MEMBER","","",""
"FESTIVAL CHAIR","BOARD MEMBER","","",""
"FESTIVAL DIRECTOR","DIRECTOR","","",""
"FHBA LIFE DIRECTOR","DIRECTOR","","",""
"FHC EXECUTIVE DIRECTOR","EXECUTIVE DIRECTOR","","",""
"FIDUCIARY","BOARD MEMBER","","",""
"FIDUCIARY DIRECTOR","BOARD MEMBER","","",""
"FIELD AND EQUIPMENT DIRECTOR","DIRECTOR","","",""
"FIELD COORDINATOR","COORDINATOR","","",""
"FIELD DIRECTOR","FIELD DIRECTOR","","","4"
"FIELD MAINT","BOARD MEMBER","","",""
"FIELD MAINTE","BOARD MEMBER","","",""
"FIELD MAINTENANCE","BOARD MEMBER","","",""
"FIELD MANAGEMENT","BOARD MEMBER","","",""
"FIELD MANAGER","MANAGER","","",""
"FIELD OPERATIONS","OPERATIONS","","",""
"FIELD REPRESENTATIVE","FIELD REPRESENTATIVE","","","4"
"FIELD SALES MANAGER","MANAGER","","",""
"FIELD SALES REPRESENTATIVE","BOARD MEMBER","","",""
"FIELD STAFF","STAFF","","",""
"FIELD SUPERVISOR","SUPERVISOR","","",""
"FIELDS","BOARD MEMBER","","",""
"FIELDS COORDINATOR","BOARD MEMBER","","",""
"FIELDS DIRECTOR","DIRECTOR","","",""
"FIELDS MANAGER","MANAGER","","",""
"FINANCE","FINANCE","","","check for trustee?"
"FINANCE AD","BOARD MEMBER","","",""
"FINANCE ADMINISTRATION","FINANCE","","",""
"FINANCE ADMINISTRATOR","FINANCE MANAGER","","",""
"FINANCE ADVI","FINANCE ADVISOR","","",""
"FINANCE ADVISOR","FINANCE ADVISOR","","","4"
"FINANCE AND ACCOUNTING DIRECTOR","DIRECTOR","","",""
"FINANCE AND ADMINISTRATION","FINANCE AND ADMINISTRATION","","",""
"FINANCE AND ADMINISTRATION DIRECTOR","DIRECTOR","","",""
"FINANCE AND ADMINISTRATION MANAGER","MANAGER","","",""
"FINANCE AND AUDIT CHAIR","BOARD MEMBER","","",""
"FINANCE AND BANKING DIRECTOR","DIRECTOR","","",""
"FINANCE AND HUMAN RESOURCES DIRECTOR","DIRECTOR OF FINANCE","","",""
"FINANCE AND OPERATIONS","OPERATIONS","","",""
"FINANCE AND OPERATIONS DIRECTOR","DIRECTOR OF FINANCE AND OPERATIONS","","",""
"FINANCE AND TREASURER","BOARD TREASURER","","",""
"FINANCE BOARD","BOARD MEMBER","","",""
"FINANCE CHAIR","BOARD MEMBER","committee","chair","*more than a regular board member but not that much hierarchy"
"FINANCE COMMITTEE","BOARD MEMBER","","","10"
"FINANCE COMMITTEE CHAIR","BOARD MEMBER","committee","chair",""
"FINANCE COMMITTEE CO-CHAIR","BOARD MEMBER","duplex","co",""
"FINANCE COMMITTEE MEMBER","BOARD MEMBER","","",""
"FINANCE CONSULTANT","FINANCE ADVISOR","","",""
"FINANCE CONTROLLER","COMPTROLLER","","",""
"FINANCE COORDINATOR","BOARD TREASURER","","",""
"FINANCE DIRECTOR","DIRECTOR OF FINANCE","","",""
"FINANCE MA","FINANCE MANAGER","","",""
"FINANCE MANAGEMENT","FINANCE MANAGER","","",""
"FINANCE MANAGER","FINANCE MANAGER","","",""
"FINANCE OFFICER","BOARD TREASURER","","","*if otherwise"
"FINANCE REPRESENTATIVE","BOARD MEMBER","","",""
"FINANCE REVIEWER","BOARD MEMBER","","",""
"FINANCE S","FINANCIAL SECRETARY","","",""
"FINANCE SCTY","FINANCIAL SECRETARY","","",""
"FINANCE SECRETARY","FINANCIAL SECRETARY","","",""
"FINANCE SECRETARY OF BUSINESS","FINANCIAL SECRETARY","","",""
"FINANCE SECRETARY TREASURER","FINANCIAL SECRETARY","","",""
"FINANCE SECRETARY'Y","FINANCIAL SECRETARY","","","5"
"FINANCE SECT","FINANCIAL SECRETARY","","",""
"FINANCE SENIOR DIRECTOR","DIRECTOR","","",""
"FINANCE TREASURER","BOARD TREASURER","","",""
"FINANCE TRUSTEE","BOARD MEMBER","","",""
"FINANCE VICE CHAIR","BOARD VICE PRESIDENT","","",""
"FINANCE VICE PRESIDENT","BOARD TREASURER","","",""
"FINANCE'L REVIEWER","BOARD MEMBER","","",""
"FINANCE'L SECRETARY","FINANCIAL SECRETARY","","",""
"FIRE CAPTAIN","FIRE OFFICER","","",""
"FIRE CHEIF","BOARD MEMBER","","",""
"FIRE CHIEF","FIRE CHIEF","","","27"
"FIRE CHIEF AND BOARD MEMBER","CHIEF","","",""
"FIRE CHIEF AND DIRECTOR","DIRECTOR","","",""
"FIRE CHIEF AND PRESIDENT","CHIEF","","",""
"FIRE CHIEF AND TRUSTEE","CHIEF","","",""
"FIRE DEPUTY CHIEF","CHIEF","subordinate","deputy",""
"FIRE FIGHTER","FIRE FIGHTER","","","6"
"FIRE LIEUTENANT","FIRE OFFICER","","",""
"FIRE MARSHALL","FIRE OFFICER","","",""
"FIRE POLICE","FIRE FIGHTER","","",""
"FIRE POLICE CAPTAIN","FIRE OFFICER","","",""
"FIREFIGHTER","FIRE FIGHTER","","",""
"FIREMAN","FIRE FIGHTER","","",""
"FISCAL AGENT","BOARD TREASURER","","",""
"FISCAL BUILDING REPRESENTATIVE","BOARD MEMBER","","",""
"FISCAL COORDINATOR","FINANCE","","",""
"FISCAL DIRECTOR","DIRECTOR OF FINANCE","","","5"
"FISCAL MANAGEMENT","FINANCE MANAGER","","",""
"FISCAL MANAGER","MANAGER","","",""
"FISCAL OFFICER","CHIEF FINANCIAL OFFICER","","",""
"FITNESS DIRECTOR","DIRECTOR","","",""
"FLAG DIRECTOR","DIRECTOR","","",""
"FLEET CAPTAI","BOARD MEMBER","","",""
"FLEET CAPTAIN","BOARD MEMBER","","","5"
"FLEET MANAGER","MANAGER","","",""
"FLEET SURGEON","BOARD MEMBER","","",""
"FLOAT LIEUTE","BOARD MEMBER","","",""
"FLOOR LEADER","BOARD MEMBER","","",""
"FLORIN RD AND PBM AND REGIONAL CA","DIRECTOR","","","5"
"FMR BOARD MEMBER","BOARD MEMBER","","",""
"FMR CHAIR","BOARD MEMBER","","",""
"FMR DIRECTOR","DIRECTOR","","",""
"FMR EXECUTIVE DIRECTOR","EXECUTIVE DIRECTOR","","",""
"FMR PRESIDENT","BOARD PRESIDENT","","",""
"FMR TREASURER","BOARD TREASURER","","",""
"FMR VICE PRESIDENT OF DEVELOPMENT","VICE PRESIDENT","","",""
"FNP","NURSE","","",""
"FOOD AND BEVERAGE DIRECTOR","DIRECTOR","","",""
"FOOD AND BEVERAGE MANAGER","MANAGER","","",""
"FOOD BANK DIRECTOR","DIRECTOR","","",""
"FOOD CHAIR","BOARD MEMBER","","",""
"FOOD COORDINATOR","BOARD MEMBER","","",""
"FOOD DIRECTOR","DIRECTOR","","",""
"FOOD MANAGER","MANAGER","","",""
"FOOD PANTRY ASSISTANT","BOARD MEMBER","subordinate","assistant",""
"FOOD PANTRY DIRECTOR","DIRECTOR","","",""
"FOOD PANTRY MANAGER","MANAGER","","",""
"FOOD SERVICE DIRECTOR","DIRECTOR","","",""
"FOOD SHELF DIRECTOR","DIRECTOR","","",""
"FOOTBALL","BOARD MEMBER","","",""
"FOOTBALL ATHLETIC DIRECTOR","DIRECTOR","","",""
"FOOTBALL COACH","COACH","","",""
"FOOTBALL COMMISSIONER","BOARD MEMBER","","",""
"FOOTBALL COMMITTEE","BOARD MEMBER","","",""
"FOOTBALL COORDINATOR","BOARD MEMBER","","",""
"FOOTBALL DIRECTOR","BOARD MEMBER","","","7"
"FOREMAN","FOREMAN","","",""
"FORMAL A REPRESENTATIVE","BOARD MEMBER","","",""
"FORMER","NA","","","63"
"FORUM CHAIR","BOARD MEMBER","","",""
"FORUM OFFICER","BOARD MEMBER","","",""
"FOSTER COORDINATOR","BOARD MEMBER","","",""
"FOSTER DIRECTOR","DIRECTOR","","",""
"FOUND MANAGER","MANAGER","","",""
"FOUNDATION","BOARD MEMBER","","",""
"FOUNDATION BOARD","BOARD MEMBER","","",""
"FOUNDATION BOARD CHAIR","BOARD MEMBER","","",""
"FOUNDATION BOARD MEMBER","BOARD MEMBER","","",""
"FOUNDATION BOARD OF DIRECTOR","DIRECTOR","","",""
"FOUNDATION CHAIR","BOARD MEMBER","","",""
"FOUNDATION COORDINATOR","COORDINATOR","","",""
"FOUNDATION DIRECTOR","DIRECTOR","","",""
"FOUNDATION EXECUTIVE DIRECTOR","EXECUTIVE DIRECTOR","","",""
"FOUNDATION M","BOARD MEMBER","","",""
"FOUNDATION MANAGEMENT","FOUNDATION MANAGER","","",""
"FOUNDATION MANAGER","FOUNDATION MANAGER","","",""
"FOUNDATION MEMBER","BOARD MEMBER","","",""
"FOUNDATION P","BOARD MEMBER","","",""
"FOUNDATION PRESIDENT","BOARD MEMBER","","","MUSEUM BOARD OF THE CITY OF HUNTSVILLE"
"FOUNDATION REPRESENTATIVE","BOARD MEMBER","","",""
"FOUNDATION SECRETARY","BOARD SECRETARY","","",""
"FOUNDATION TREASURER","BOARD TREASURER","","",""
"FOUNDATION TRUSTEE","BOARD MEMBER","","",""
"FOUNDATION VICE CHAIR","BOARD MEMBER","","",""
"FOUNDATION VICE PRESIDENT","BOARD VICE PRESIDENT","","",""
"FOUNDATIONAL DIRECTOR","DIRECTOR","","",""
"FOUNDER","FOUNDER","","",""
"FOUNDERCEO","CEO","","",""
"FOUNDERDIRECTOR","FOUNDER","","",""
"FOUNDEREXECUTIVE DIRECTOR","EXECUTIVE DIRECTOR","","",""
"FOUNDERPRESIDENT","FOUNDER","","",""
"FOUNDING ARTISTIC DIRECTOR","ARTISTIC DIRECTOR","","",""
"FOUNDING CEO","CEO","","",""
"FOUNDING CHAIR","BOARD MEMBER","committee","chair",""
"FOUNDING DIRECTOR","FOUNDER","","",""
"FRATERNAL DIRECTOR","DIRECTOR","","",""
"FRESHMAN CLASS REPRESENTATIVE","BOARD MEMBER","","",""
"FRESHMAN REPRESENTATIVE","BOARD MEMBER","","",""
"FRM DIRECTOR","DIRECTOR","","",""
"FRMR CHIEF PHILANTHROPY OFFICER","CHIEF","","",""
"FRMR EXECUTIVE VICE PRESIDENT","BOARD MEMBER","","",""
"FRMR EXECUTIVE VICE PRESIDENT OF CE HOME AND COMMITTEE CARE","VICE PRESIDENT","","",""
"FRMR SECRETARY","BOARD MEMBER","","",""
"FS","FINANCIAL SECRETARY","","",""
"FSC ELECTED","BOARD MEMBER","","",""
"FSC PRESIDENT","BOARD PRESIDENT","","",""
"FULL BOARD","BOARD MEMBER","","",""
"FULL BOARD MEMBER","BOARD MEMBER","","",""
"FULL BOARD OF DIRECTOR","BOARD MEMBER","","",""
"FULL MEMBER","BOARD MEMBER","","",""
"FUND ADMINISTRATION","FUND ADMINISTRATOR","","",""
"FUND ADMINISTRATOR","FUND ADMINISTRATOR","","","5"
"FUND CHAIR","BOARD MEMBER","","",""
"FUND COORDINATOR","COORDINATOR","","",""
"FUND DEVELOPMENT","BOARD MEMBER","","",""
"FUND DEVELOPMENT CHAIR","BOARD MEMBER","","",""
"FUND DEVELOPMENT DIRECTOR","DIRECTOR","","",""
"FUND DEVELOPMENT VICE PRESIDENT","BOARD VICE PRESIDENT","","",""
"FUND DIRECTOR","DIRECTOR","","",""
"FUND EMPLOYEE","EMPLOYEE","","",""
"FUND MANAGER","DEVELOPMENT","","","DEVELOPMENT"
"FUND RAISER","BOARD MEMBER","","",""
"FUND RAISING","BOARD MEMBER","","",""
"FUND RAISING CHAIR","BOARD MEMBER","","",""
"FUND RAISING DIRECTOR","DIRECTOR","","",""
"FUND RAISING VICE PRESIDENT","BOARD VICE PRESIDENT","","",""
"FUNDRAISER","BOARD MEMBER","","",""
"FUNDRAISER CHAIR","BOARD MEMBER","","",""
"FUNDRAISER COORDINATOR","BOARD MEMBER","","",""
"FUNDRAISER DIRECTOR","BOARD MEMBER","","",""
"FUNDRAISI","BOARD MEMBER","","",""
"FUNDRAISING","BOARD MEMBER","","",""
"FUNDRAISING CHAIR","BOARD MEMBER","committee","chair",""
"FUNDRAISING CO-CHAIR","BOARD MEMBER","committee","chair","COMMITTEE CHAIR"
"FUNDRAISING COMMITTEE","BOARD MEMBER","","",""
"FUNDRAISING COMMITTEE CHAIR","BOARD MEMBER","committee","chair",""
"FUNDRAISING COORDINATOR","BOARD MEMBER","","","6"
"FUNDRAISING DIRECTOR","BOARD MEMBER","","",""
"FUNDRAISING MANAGER","MANAGER","","",""
"FUNDRAISING OFFICER","BOARD MEMBER","","",""
"FUNDRAISING VICE PRESIDENT","BOARD VICE PRESIDENT","","",""
"FUNERAL DIRECTOR","DIRECTOR","","",""
"GALA CHAIR","BOARD MEMBER","committee","chair",""
"GALA COMMITTEE","BOARD MEMBER","","",""
"GALLERY DIRECTOR","DIRECTOR","","",""
"GALLERY MANAGER","MANAGER","","",""
"GAMB MANAGER","MANAGER","","",""
"GAMBLING MANAGEMENT","MANAGER","","",""
"GAMBLING MANAGER","MANAGER","","",""
"GAMES DIRECTOR","DIRECTOR","","",""
"GAMING MANAGER","MANAGER","","",""
"GAMMA","BOARD MEMBER","","",""
"GAMMA CHI","BOARD MEMBER","","",""
"GAMMA EPSILON","BOARD MEMBER","","",""
"GAMMA EXPERIENCE COORDINATOR","BOARD MEMBER","","",""
"GAMMA IOTA","BOARD MEMBER","","",""
"GAMMA MU","BOARD MEMBER","","",""
"GAMMA NU","BOARD MEMBER","","",""
"GAMMA OMICRON","BOARD MEMBER","","",""
"GAMMA PHI","BOARD MEMBER","","",""
"GAMMA PI","BOARD MEMBER","","",""
"GAMMA RHO","BOARD MEMBER","","",""
"GAMMA SIGMA","BOARD MEMBER","","",""
"GAMMA TAU","BOARD MEMBER","","",""
"GAMMA THETA","BOARD MEMBER","","",""
"GAMMA UPSILON","BOARD MEMBER","","",""
"GAMMA XI","BOARD MEMBER","","",""
"GAMMA ZETA","BOARD MEMBER","","",""
"GAR DIRECTOR","DIRECTOR","","",""
"GARDEN CHAIR","BOARD MEMBER","","",""
"GARDEN DIRECTOR","GARDEN DIRECTOR","","",""
"GARDEN MANAGER","MANAGER","","",""
"GAS ENGINEERING MANAGER","MANAGER","","",""
"GAS OPERATIONS MANAGER","OPERATIONS","","",""
"GASTROENTEROLOGIST","DOCTOR","","",""
"GBRAR AND DIRECTOR","DIRECTOR","","",""
"GBTA BOARD MEMBER","BOARD MEMBER","","",""
"GC","GENERAL COUNSEL","","",""
"GC AND CHIEF COMPLIANCE OFFICER","CHIEF","","",""
"GC DIRECTOR","DIRECTOR","","",""
"GENEALOGIST","GENEALOGIST","","",""
"GENEALOGIST GENERAL","GENEALOGIST","","",""
"GENERAL ASSEMBLY MEMBER","BOARD MEMBER","","",""
"GENERAL BOARD","BOARD MEMBER","","",""
"GENERAL BOARD MEMBER","BOARD MEMBER","","","8"
"GENERAL BOARD MEMBERS","BOARD MEMBER","","",""
"GENERAL CHAIR","BOARD PRESIDENT","","",""
"GENERAL CNSL","GENERAL COUNSEL","","",""
"GENERAL CO-CHAIR","BOARD MEMBER","duplex","co",""
"GENERAL COMMITTEE","BOARD MEMBER","","","20"
"GENERAL CONTRACTOR DIRECTOR","DIRECTOR","","",""
"GENERAL COUN","GENERAL COUNSEL","","",""
"GENERAL COUNCEL","GENERAL COUNSEL","","",""
"GENERAL COUNCIL","GENERAL COUNSEL","","",""
"GENERAL COUNS","GENERAL COUNSEL","","",""
"GENERAL COUNSE","GENERAL COUNSEL","","",""
"GENERAL COUNSEL","GENERAL COUNSEL","","",""
"GENERAL COUNSEL AT SSM HEALTH","GENERAL COUNSEL","","",""
"GENERAL DIRECTOR","GENERAL DIRECTOR","","","9"
"GENERAL GOVERNOR","BOARD MEMBER","","",""
"GENERAL MANAGEMENT","GENERAL MANAGER","","",""
"GENERAL MANAGER","GENERAL MANAGER","","",""
"GENERAL MANAGER OFFICER","MANAGER","","",""
"GENERAL MANAGER TRUSTEE","MANAGER","","",""
"GENERAL MEMBER","BOARD MEMBER","","",""
"GENERAL MEMBERSHIP","BOARD MEMBER","","",""
"GENERAL OFFICER","BOARD MEMBER","","",""
"GENERAL OPERATIONS","OPERATIONS","","",""
"GENERAL PRACTITIONER","DOCTOR","","",""
"GENERAL PRESIDENT","PRESIDENT","","",""
"GENERAL REPRESENTATIVE","BOARD MEMBER","","",""
"GENERAL SECRETARY","BOARD SECRETARY","","",""
"GENERAL SECRETARY TREASURER","BOARD TREASURER","","",""
"GENERAL STAFF MEMBER","BOARD MEMBER","","",""
"GENERAL SURGEON","DOCTOR","","",""
"GENERAL TREASURER","BOARD TREASURER","","",""
"GENERAL TRUS","BOARD MEMBER","","",""
"GENERAL TRUSTEE","BOARD MEMBER","","",""
"GENERAL VICE PRESIDENT","VICE PRESIDENT","","",""
"GEOGRAPHIC DIRECTOR","DIRECTOR","","",""
"GEORGETOWN AND BOARD MEMBER","BOARD MEMBER","","",""
"GFA PRESIDENT","BOARD MEMBER","","",""
"GHS TRUSTEE","BOARD MEMBER","","",""
"GIFT SHOP","BOARD MEMBER","","",""
"GIFT SHOP CHAIR","BOARD MEMBER","","",""
"GIFT SHOP MANAGER","GIFT SHOP MANAGER","","",""
"GIFT SHOP TREASURER","BOARD TREASURER","","",""
"GIRL MEMBER","BOARD MEMBER","","",""
"GIRLS COMMISSIONER","BOARD MEMBER","","",""
"GIRLS COORDINATOR","BOARD MEMBER","","",""
"GIRLS DIRECTOR","DIRECTOR","","",""
"GIRLS PROGRAMS DIRECTOR","DIRECTOR","","",""
"GIRLS REPRESENTATIVE","BOARD MEMBER","","",""
"GIRLS TRAVEL DIRECTOR","DIRECTOR","","",""
"GIRLS VICE PRESIDENT","BOARD VICE PRESIDENT","","",""
"GLACIER LAKES DIRECTOR","DIRECTOR","","",""
"GLAZIER INSTRUCTOR","BOARD MEMBER","","",""
"GLOBAL BOARD","BOARD MEMBER","","",""
"GLOBAL BOARD MEMBER","BOARD MEMBER","","",""
"GLOBAL DIRECTOR","DIRECTOR","","",""
"GLOBAL PROGRAMS DIRECTOR","DIRECTOR","","",""
"GLOBAL REPRESENTATIVE","BOARD MEMBER","","",""
"GOLD DIRECTOR","DIRECTOR","","",""
"GOLD STAR REPRESENTATIVE","BOARD MEMBER","","",""
"GOLDEN GATE DIRECTOR","DIRECTOR","","",""
"GOLF","BOARD MEMBER","","",""
"GOLF CHAIR","BOARD MEMBER","committee","chair",""
"GOLF COMMITTEE","BOARD MEMBER","","",""
"GOLF COMMITTEE CHAIR","BOARD MEMBER","committee","chair",""
"GOLF COURSE","GOLF COURSE SUPERINTENDENT","","",""
"GOLF COURSE SUPER","GOLF COURSE SUPERINTENDENT","","",""
"GOLF COURSE SUPERINTENDANT","GOLF COURSE SUPERINTENDENT","","",""
"GOLF COURSE SUPERINTENDENT","GOLF COURSE SUPERINTENDENT","","",""
"GOLF DIRECTOR","DIRECTOR","","",""
"GOLF EVENTS DIRECTOR","DIRECTOR","","",""
"GOLF PRO","ATHLETE","","","4"
"GOLF PROFESS","GOLF PROFESSIONAL","","",""
"GOLF PROFESSIONAL","GOLF PROFESSIONAL","","",""
"GOLF SUPERINTENDENT","GOLF COURSE SUPERINTENDENT","","",""
"GOV AFFAIRS DIRECTOR","DIRECTOR","","",""
"GOV COMMITTEE CHAIR","BOARD MEMBER","committee","chair",""
"GOV COMMITTEE MEMBER","BOARD MEMBER","committee","member",""
"GOV RELATIONS DIRECTOR","DIRECTOR","","",""
"GOVERNANCE","BOARD MEMBER","","",""
"GOVERNANCE BOARD MEMBER","BOARD MEMBER","","",""
"GOVERNANCE CHAIR","BOARD MEMBER","committee","chair",""
"GOVERNANCE COMMITTEE","BOARD MEMBER","","",""
"GOVERNANCE COMMITTEE CHAIR","BOARD MEMBER","committee","chair",""
"GOVERNANCE COMMITTEE CO-CHAIR","BOARD MEMBER","duplex","co",""
"GOVERNANCE DIRECTOR","DIRECTOR","","",""
"GOVERNING BOARD","BOARD MEMBER","","",""
"GOVERNING BOARD MEMBER","BOARD MEMBER","","",""
"GOVERNING BODY","BOARD MEMBER","","",""
"GOVERNING COMMITTEE","BOARD MEMBER","","",""
"GOVERNING COMMITTEE MEMBER","BOARD MEMBER","","",""
"GOVERNING COUNCIL","BOARD MEMBER","","",""
"GOVERNING COUNCIL MEMBER","BOARD MEMBER","","",""
"GOVERNING DIRECTOR","BOARD MEMBER","","",""
"GOVERNING MEMBER","BOARD MEMBER","","",""
"GOVERNING TRUSTEE","BOARD MEMBER","","",""
"GOVERNMENT","BOARD MEMBER","","",""
"GOVERNMENT AFFAIRS CHAIR","BOARD MEMBER","","",""
"GOVERNMENT AFFAIRS COMMITTEE CO-CHAIR","BOARD MEMBER","duplex","co",""
"GOVERNMENT AFFAIRS DIRECTOR","DIRECTOR","","",""
"GOVERNMENT RELATIONS","LEGISLATIVE","","",""
"GOVERNMENT RELATIONS CHAIR","BOARD MEMBER","","",""
"GOVERNMENT RELATIONS DIRECTOR","DIRECTOR","","",""
"GOVERNMENTAL AFFAIRS DIRECTOR","DIRECTOR","","",""
"GOVERNOR","BOARD MEMBER","","",""
"GOVERNOR AND REGIONAL","BOARD MEMBER","regional","regional",""
"GOVERNOR AND REGIONAL US REGI","BOARD MEMBER","regional","regional",""
"GOVERNOR BOARD","BOARD MEMBER","","",""
"GOVERNOR BOARD REPRESENTATIVE","BOARD MEMBER","","",""
"GOVERNOR CHAIR","BOARD MEMBER","","",""
"GOVERNOR COMMITTEE","BOARD MEMBER","","",""
"GOVERNOR COMMITTEE CHAIR","BOARD MEMBER","","",""
"GOVERNOR COMMITTEE MEMBER","BOARD MEMBER","","",""
"GOVERNOR COUNCIL MEMBER","BOARD MEMBER","","",""
"GOVERNOR DIS","BOARD MEMBER","","",""
"GOVERNOR ELE","BOARD MEMBER","","",""
"GOVERNOR M","BOARD MEMBER","","",""
"GOVERNOR REG","BOARD MEMBER","","",""
"GOVERNOR REGIONAL","BOARD MEMBER","","",""
"GOVERNOR'S COMMISSION MEMBER","BOARD MEMBER","","",""
"GRAD GOV","BOARD MEMBER","","",""
"GRAD GOVERNOR","BOARD MEMBER","","",""
"GRAD REPRESENTATIVE","BOARD MEMBER","","",""
"GRADE","BOARD MEMBER","","",""
"GRADE CO-VICE PRESIDENT","VICE PRESIDENT","duplex","co","5"
"GRADE DIRECTOR","BOARD MEMBER","","","6"
"GRADE RE","BOARD MEMBER","","",""
"GRADE REPRESENTATIVE","BOARD MEMBER","","",""
"GRADE VICE PRESIDENT","BOARD VICE PRESIDENT","","",""
"GRADUATE STUDENT REPRESENTATIVE","BOARD MEMBER","","",""
"GRAND","BOARD MEMBER","","",""
"GRAND CHANCELLOR","BOARD PRESIDENT","","",""
"GRAND CHAPLA","BOARD MEMBER","","",""
"GRAND CHAPLAIN","BOARD MEMBER","","",""
"GRAND COMMANDER","BOARD PRESIDENT","","",""
"GRAND CONDUC","BOARD MEMBER","","",""
"GRAND CONDUCTRESS","BOARD MEMBER","","",""
"GRAND DEPUTY","BOARD MEMBER","subordinate","deputy",""
"GRAND DIRECTOR","DIRECTOR","","",""
"GRAND GENERAL","BOARD VICE PRESIDENT","","",""
"GRAND JUNIOR WARDEN","BOARD VICE PRESIDENT","","",""
"GRAND KNIGHT","BOARD PRESIDENT","superior","grand","8"
"GRAND LECTURER","BOARD MEMBER","","",""
"GRAND MARSHA","BOARD MEMBER","","",""
"GRAND MARSHAL","BOARD MEMBER","","",""
"GRAND MASTER","BOARD PRESIDENT","superior","grand",""
"GRAND MASTER OF CEREMONIES","BOARD MEMBER","","",""
"GRAND MATRON","BOARD PRESIDENT","","",""
"GRAND PRELATE","BOARD MEMBER","","",""
"GRAND PRESIDENT","BOARD PRESIDENT","","",""
"GRAND RECORDER","BOARD SECRETARY","","",""
"GRAND REPRESENTATIVE","BOARD MEMBER","","",""
"GRAND SCRIBE","BOARD SECRETARY","","",""
"GRAND SECRETARY","BOARD SECRETARY","","","5"
"GRAND SENIOR WARDEN","BOARD VICE PRESIDENT","","",""
"GRAND SENTIN","BOARD MEMBER","","",""
"GRAND TREASURER","BOARD TREASURER","","","5"
"GRAND TRUSTEE","BOARD MEMBER","","",""
"GRAND VICE PRESIDENT","BOARD VICE PRESIDENT","","",""
"GRAND WARDEN","BOARD VICE PRESIDENT","","",""
"GRAND WARDER","BOARD MEMBER","","",""
"GRANT CHAIR","BOARD MEMBER","","",""
"GRANT COMMITTEE CHAIR","BOARD MEMBER","committee","chair",""
"GRANT COMMITTEE MEMBER","BOARD MEMBER","committee","member",""
"GRANT COORDINATOR","BOARD MEMBER","","",""
"GRANT DIRECTOR","DIRECTOR","","",""
"GRANT MANAGER","MANAGER","","",""
"GRANT WRITER","BOARD MEMBER","","",""
"GRANTS","BOARD MEMBER","","",""
"GRANTS CHAIR","BOARD MEMBER","committee","chair",""
"GRANTS COMMITTEE","BOARD MEMBER","","",""
"GRANTS COMMITTEE CHAIR","BOARD MEMBER","committee","chair",""
"GRANTS COORDINATOR","BOARD MEMBER","","",""
"GRANTS DIRECTOR","DIRECTOR","","",""
"GRANTS MANAGER","MANAGER","","",""
"GRAPHIC DESIGNER","COMMUNICATIONS","","",""
"GREENBRIER DIRECTOR","DIRECTOR","","",""
"GREENS CHAIR","BOARD MEMBER","","",""
"GREENS SUPER","GOLF COURSE SUPERINTENDENT","","",""
"GREENS SUPERINTENDENT","GOLF COURSE SUPERINTENDENT","","",""
"GRIEVANCE","BOARD MEMBER","","",""
"GRIEVANCE CHAIR","BOARD MEMBER","committee","chair",""
"GRIEVANCE COMMITTEE","BOARD MEMBER","","","4"
"GRIEVANCE OFFICER","BOARD MEMBER","","",""
"GRIEVANCE REPRESENTATIVE","BOARD MEMBER","","",""
"GRIEVER","BOARD MEMBER","","",""
"GROUNDS","BOARD MEMBER","","",""
"GROUNDS CHAIR","BOARD MEMBER","","",""
"GROUNDS COMMITTEE CHAIR","BOARD MEMBER","committee","chair",""
"GROUNDS DIRECTOR","DIRECTOR","","",""
"GROUNDS KEEPER","MAINTENANCE","","",""
"GROUNDS MANAGER","MANAGER","","",""
"GROUNDS SUPE","MANAGER","","",""
"GROUNDS SUPER","FOREMAN","","",""
"GROUNDS SUPERINTENDENT","FACILITIES","","",""
"GROUNDSKEEPER","MAINTENANCE","","",""
"GROUP BOARD REPRESENTATIVE","BOARD MEMBER","","",""
"GROUP CHAIR","BOARD MEMBER","","",""
"GROUP REPRESENTATIVE","BOARD MEMBER","","",""
"GROUP VICE PRESIDENT","VICE PRESIDENT","","",""
"GROWER DIRECTOR","DIRECTOR","","",""
"GTR FT LAUDERDALE AND BOARD MEMBER","BOARD MEMBER","","",""
"GUARD","BOARD MEMBER","","","5"
"GUARD REPRESENTATIVE","BOARD MEMBER","","",""
"GUIDE","BOARD MEMBER","","",""
"GUILD ASSN EXECUTIVE DIRECTOR","EXECUTIVE DIRECTOR","","",""
"GUILD CHAIR","BOARD MEMBER","committee","chair",""
"GUILD PRESIDENT","BOARD PRESIDENT","","",""
"GUILD REPRESENTATIVE","BOARD MEMBER","","",""
"GYNECOLOGIST","DOCTOR","","",""
"H EDUCATOR","BOARD MEMBER","","",""
"HALL MANAGER","MANAGER","","",""
"HANDICAP CHAIR","BOARD MEMBER","","",""
"HARBORMASTER","BOARD MEMBER","","",""
"HBA ASSOCIATE DIRECTOR","DIRECTOR","subordinate","associate",""
"HBA BUILDER DIRECTOR","DIRECTOR","","",""
"HCC","BOARD MEMBER","","",""
"HCE","EMPLOYEE","","",""
"HEAD","CEO","","",""
"HEAD ADMINISTRATOR","ADMINISTRATOR","","",""
"HEAD BASKETBALL COACH","COACH","","",""
"HEAD BLDG REPRESENTATIVE","BOARD MEMBER","","",""
"HEAD BUILDING REPRESENTATIVE","BOARD MEMBER","","",""
"HEAD CHEF","CHEF","","",""
"HEAD COACH","SPORTS","","",""
"HEAD COACH AND DIRECTOR","COACH","","",""
"HEAD COACH AND FOOTBALL","COACH","","",""
"HEAD COACH AND MEN'S BASKETBALL","COACH","","",""
"HEAD COACH MEN'S BASKETBALL","COACH","","",""
"HEAD DIRECTOR","DIRECTOR","","",""
"HEAD FOOTBALL COACH","COACH","","",""
"HEAD GOLF PRO","GOLF PROFESSIONAL","","",""
"HEAD GOLF PROFESSIONAL","GOLF PROFESSIONAL","","",""
"HEAD LIBRARIAN","LIBRARIAN","","",""
"HEAD MASTER","CEO","","",""
"HEAD MEN'S BASKETBALL COACH","COACH","","",""
"HEAD OF DELEGATION","BOARD MEMBER","","",""
"HEAD OF FINANCE","DIRECTOR OF FINANCE","","",""
"HEAD OF HUMAN RESOURCES","DIRECTOR OF HUMAN RESOURCES","","",""
"HEAD OF LOWER SCHOOL","HEAD OF DIVISION","","",""
"HEAD OF MARKETING AND COMMUNICATIONS","DIRECTOR OF MARKETING AND COMMUNICATIONS","","",""
"HEAD OF MIDDLE SCHOOL","HEAD OF DIVISION","","",""
"HEAD OF OPERATIONS","OPERATIONS","","",""
"HEAD OF PRODUCT","BOARD MEMBER","","",""
"HEAD OF RESEARCH","BOARD MEMBER","","",""
"HEAD OF SCHO","CEO","","",""
"HEAD OF SCHOOL","CEO","","",""
"HEAD OF SCHOOL AND PRESIDENT","CEO","","",""
"HEAD OF SCHOOL AND TRUSTEE","CEO","","",""
"HEAD OF SCHOOLS","CEO","","",""
"HEAD OF UPPER SCHOOL","HEAD OF DIVISION","","",""
"HEAD PRO","GOLF PROFESSIONAL","","",""
"HEAD REFEREE","BOARD MEMBER","","",""
"HEAD TEACHER","TEACHER","superior","head",""
"HEAD TENNIS PRO","COACH","","",""
"HEAD TENNIS PROFESSIONAL","COACH","","",""
"HEAD TRUSTEE","BOARD PRESIDENT","","",""
"HEAD UMPIRE","BOARD MEMBER","","",""
"HEADMASTER","CEO","","","*if paid"
"HEALTH AND SAF","BOARD MEMBER","","",""
"HEALTH AND SAFETY","BOARD MEMBER","","",""
"HEALTH AND SAFETY DIRECTOR","DIRECTOR","","",""
"HEALTH AND SAFETY OFFICER","BOARD MEMBER","","",""
"HEALTH BENEF","BOARD MEMBER","","",""
"HEALTH BENEFIT REPRESENTATIVE","BOARD MEMBER","","",""
"HEALTH BENEFITS REPRESENTATIVE","BOARD MEMBER","","",""
"HEALTH CARE ADMINISTRATOR","ADMINISTRATOR","","",""
"HEALTH CENTER BOARD MEMBER","BOARD MEMBER","","",""
"HEALTH DIRECTOR","DIRECTOR","","",""
"HEALTH OFFICER","BOARD MEMBER","","",""
"HEALTH PLAN DIRECTOR","DIRECTOR","","",""
"HEALTH PLAN REPRESENTATIVE","BOARD MEMBER","","",""
"HEALTH REPRESENTATIVE","BOARD MEMBER","","",""
"HEALTH SERVICES ADMINISTRATOR","ADMINISTRATOR","","",""
"HEALTHCARE ADMINISTRATOR","ADMINISTRATOR","","",""
"HELPER","ASSISTANT","","",""
"HERALD","BOARD MEMBER","","",""
"HFC ADVISORY BOARD MEMBER","BOARD MEMBER","","","5"
"HIG","EMPLOYEE","","",""
"HIGH PRIEST","BOARD PRESIDENT","","",""
"HIGH PRIEST AND PROPHET","BOARD MEMBER","","",""
"HIGH RHO","BOARD MEMBER","","",""
"HIGH SCHOOL","BOARD MEMBER","","",""
"HIGH SCHOOL DIRECTOR","DIRECTOR","","",""
"HIGH SCHOOL PRINCIPAL","HEAD OF DIVISION","","",""
"HIGH SCHOOL REPRESENTATIVE","BOARD MEMBER","","",""
"HIGH SCHOOL VICE PRESIDENT","BOARD VICE PRESIDENT","","",""
"HIGHEST COMP","EMPLOYEE","","",""
"HIGHEST COMPENSATED","EMPLOYEE","","",""
"HIGHEST COMPENSATED EMPLOY","EMPLOYEE","","",""
"HIGHEST COMPENSATED EMPLOYEE","EMPLOYEE","","",""
"HIGHEST PAID","EMPLOYEE","","",""
"HIGHEST PAID EMPLOYEE","EMPLOYEE","","",""
"HIGHLY COMPENSATED","EMPLOYEE","","",""
"HIGHLY COMPENSATED EMPLOYE","EMPLOYEE","","",""
"HIGHLY COMPENSATED EMPLOYEE","EMPLOYEE","","",""
"HISTORIAN","BOARD MEMBER","","",""
"HISTORIAN GENERAL","HISTORIAN","","",""
"HL DIRECTOR","DIRECTOR","","",""
"HMC DIRECTOR","DIRECTOR","","",""
"HOCKEY DIRECTOR","DIRECTOR","","",""
"HOCKEY OPERATIONS","OPERATIONS","","",""
"HON ADVANCEMENT BOARD","BOARD MEMBER","","",""
"HON BOARD MEMBER","BOARD MEMBER","duplex","advisory",""
"HON CO-CHAIR","BOARD MEMBER","committee","chair",""
"HON DIRECTOR","DIRECTOR","","",""
"HON PRESIDENT","BOARD MEMBER","","",""
"HON TRUSTEE","BOARD MEMBER","","",""
"HONORARY","BOARD MEMBER","duplex","advisory",""
"HONORARY ADVISOR","BOARD MEMBER","","",""
"HONORARY BOARD","BOARD MEMBER","duplex","advisory",""
"HONORARY BOARD MEMBER","BOARD MEMBER","duplex","advisory",""
"HONORARY BOARD OF DIRECTOR","DIRECTOR","","",""
"HONORARY CHAIR","BOARD MEMBER","duplex","advisory",""
"HONORARY CO-CHAIR","BOARD MEMBER","duplex","co",""
"HONORARY DIRECTOR","BOARD MEMBER","duplex","advisory",""
"HONORARY LIF","BOARD MEMBER","","",""
"HONORARY LIFE DIRECTOR","BOARD MEMBER","","",""
"HONORARY LIFE MEMBER","BOARD MEMBER","","",""
"HONORARY LIFE TRUSTEE","BOARD MEMBER","","",""
"HONORARY LIFETIME MEMBER","BOARD MEMBER","","",""
"HONORARY MEMBER","BOARD MEMBER","duplex","advisory",""
"HONORARY PRESIDENT","BOARD MEMBER","duplex","advisory","*slightly higher cuz honored"
"HONORARY SECRETARY","BOARD SECRETARY","","",""
"HONORARY TRUSTEE","BOARD MEMBER","duplex","advisory",""
"HONORARY TRUSTEES","BOARD MEMBER","","",""
"HONORARY VICE CHAIR","BOARD MEMBER","","",""
"HONORARY VICE PRESIDENT","BOARD MEMBER","","",""
"HONORAY DIRECTOR","DIRECTOR","","",""
"HOOPS DIRECTOR","DIRECTOR","","",""
"HOS","CEO","","",""
"HOSP CEO","CEO","","",""
"HOSPICE CLINICAL DIRECTOR","DIRECTOR","","",""
"HOSPICE DIRECTOR","DIRECTOR","","",""
"HOSPICE MEDICAL DIRECTOR","DIRECTOR","","",""
"HOSPICE PHYSICIAN","DOCTOR","","",""
"HOSPITAL","BOARD MEMBER","","",""
"HOSPITAL ADMINISTRATOR","ADMINISTRATOR","","",""
"HOSPITAL CEO","CEO","","",""
"HOSPITAL CFO","CHIEF FINANCIAL OFFICER","","",""
"HOSPITAL DIRECTOR","DIRECTOR","","",""
"HOSPITAL PRESIDENT","PRESIDENT","","",""
"HOSPITAL REPRESENTATIVE","BOARD MEMBER","","",""
"HOSPITALIST","DOCTOR","","",""
"HOSPITALITY","BOARD MEMBER","","",""
"HOSPITALITY CHAIR","BOARD MEMBER","","",""
"HOSPITALITY COORDINATOR","BOARD MEMBER","","",""
"HOSPITALITY DIRECTOR","DIRECTOR","","",""
"HOSPITALITY MANAGER","MANAGER","","",""
"HOTBA LIFE DIRECTOR","DIRECTOR","","",""
"HOTEL DIRECTOR","DIRECTOR","","",""
"HOUSE","BOARD MEMBER","","",""
"HOUSE AND GROUNDS","BOARD MEMBER","","",""
"HOUSE CHAIR","BOARD MEMBER","","",""
"HOUSE COMMITTEE","BOARD MEMBER","","",""
"HOUSE COMMITTEE CHAIR","BOARD MEMBER","committee","chair",""
"HOUSE COMMITTEE MEMBER","BOARD MEMBER","","",""
"HOUSE DIRECTOR","DIRECTOR","","",""
"HOUSE MANAGEMENT","BOARD MEMBER","","",""
"HOUSE MANAGER","MANAGER","","",""
"HOUSE OF DELEGATES","BOARD MEMBER","","",""
"HOUSE PARENT","STAFF","","",""
"HOUSE REPRESENTATIVE","BOARD MEMBER","","",""
"HOUSE SUPERVISOR","SUPERVISOR","","",""
"HOUSING DIRECTOR","DIRECTOR","","",""
"HOUSING MANAGER","MANAGER","","",""
"HRRV BOARD MEMBER","BOARD MEMBER","","",""
"HS DIRECTOR","DIRECTOR","","",""
"HS PRINCIPAL","PRINCIPAL","","",""
"HS REPRESENTATIVE","BOARD MEMBER","","",""
"HUMAN RELATIONS DIRECTOR","DIRECTOR","","",""
"HUMAN RESOURCES","HUMAN RESOURCES","","",""
"HUMAN RESOURCES CHAIR","BOARD MEMBER","committee","chair",""
"HUMAN RESOURCES COMMITTEE","BOARD MEMBER","committee","hr",""
"HUMAN RESOURCES COMMITTEE CHAIR","BOARD MEMBER","committee","chair",""
"HUMAN RESOURCES DIRECTOR","DIRECTOR OF HUMAN RESOURCES","","","5"
"HUMAN RESOURCES MANAGER","MANAGER","","",""
"HUMAN RESOURCES OFFICER","HUMAN RESOURCES","","",""
"HUMAN RESOURCES REPRESENTATIVE","BOARD MEMBER","","",""
"HUMAN RESOURCES VICE PRESIDENT","VICE PRESIDENT OF HUMAN RESOURCES","","",""
"HUMAN SERVICES CHAIR","BOARD MEMBER","committee","chair",""
"IAMAW","BOARD MEMBER","","",""
"IASB BOARD MEMBER","BOARD MEMBER","","",""
"IBEW TRUSTEE","BOARD MEMBER","","",""
"ICE DIRECTOR","BOARD MEMBER","","",""
"ICE SCHEDULE","BOARD MEMBER","","",""
"ICE SCHEDULER","BOARD MEMBER","","",""
"II","BOARD MEMBER","","",""
"IIABA DIRECTOR","DIRECTOR","","",""
"III","BOARD MEMBER","","",""
"IL REPRESENTATIVE","BOARD MEMBER","","",""
"IM PRESIDENT","BOARD MEMBER","","",""
"IMAM","IMAM","","",""
"IMED PRESIDENT","BOARD MEMBER","","",""
"IMM CHAIR","BOARD MEMBER","committee","chair","5"
"IMM PR","BOARD MEMBER","","",""
"IMM PRESIDENT","BOARD MEMBER","","","5"
"IMMD CHAIR","BOARD MEMBER","","",""
"IMMD PRESIDENT","BOARD MEMBER","","",""
"IMME PRESIDENT","BOARD MEMBER","","",""
"IMMED PAST","BOARD MEMBER","","",""
"IMMEDIATE PAST","BOARD MEMBER","","",""
"IMMEDIATE REGIONAL","BOARD MEMBER","regional","regional",""
"IMPACT DIRECTOR","DIRECTOR","","",""
"IMPRESARIO","BOARD MEMBER","","",""
"IN HOUSE COUNSEL","ATTORNEY","","",""
"IN HOUSE DIRECTOR","DIRECTOR","","",""
"IN RESIDENCE","BOARD MEMBER","","",""
"INCORPORATOR","BOARD MEMBER","","",""
"INCORPORATOR AND DIRECTOR","DIRECTOR","","",""
"IND DIRECTOR","DIRECTOR","","",""
"IND TRUSTEE","BOARD MEMBER","","",""
"INDEPENDENT","BOARD MEMBER","","",""
"INDEPENDENT CONTRACTOR","BOARD MEMBER","","",""
"INDEPENDENT CONTRACTOR AND BOARD OF DIRECTOR","DIRECTOR","","",""
"INDEPENDENT DIRECTOR","BOARD MEMBER","","",""
"INDEPENDENT TRUSTEE","BOARD MEMBER","","",""
"INDIV TRUSTEE OR DIRECTOR","BOARD MEMBER","","",""
"INDIVIDUAL","BOARD MEMBER","","",""
"INDIVIDUAL DIRECTOR","BOARD MEMBER","","",""
"INDIVIDUAL M","BOARD MEMBER","","",""
"INDIVIDUAL TRUSTEE","BOARD MEMBER","","",""
"INDIVIDUAL TRUSTEE AND FDN","BOARD MEMBER","","",""
"INDIVIDUAL TRUSTEE AND MAC","BOARD MEMBER","","",""
"INDIVIDUAL TRUSTEE AND SYSTEMS","BOARD MEMBER","","",""
"INDIVIDUAL TRUSTEE DIRECTOR","DIRECTOR","","",""
"INDIVIDUAL TRUSTEE OR DIRECTOR","BOARD MEMBER","","",""
"INDIVIDUAL TRUSTEES OR DIRECTOR","DIRECTOR","","",""
"INDUSTRIAL RELATIONS DIRECTOR","DIRECTOR","","",""
"INDUSTRIAL REPRESENTATIVE","BOARD MEMBER","","",""
"INDUSTRY DIRECTOR","DIRECTOR","","",""
"INDUSTRY REPRESENTATIVE","BOARD MEMBER","","",""
"INF MARLBORO AND BOARD MEMBER","BOARD MEMBER","","",""
"INFLUENCE CHAIR","BOARD MEMBER","committee","chair",""
"INFORMATION","BOARD MEMBER","","",""
"INFORMATION DIRECTOR","DIRECTOR","","",""
"INFORMATION OFFICER","BOARD MEMBER","","","5"
"INFORMATION SYSTEMS","DIRECTOR OF INFORMATION TECHNOLOGY","","",""
"INFORMATION SYSTEMS DIRECTOR","DIRECTOR","","",""
"INFORMATION TECHNOLOGY","TECHNOLOGY","","",""
"INFORMATION TECHNOLOGY DIRECTOR","DIRECTOR OF INFORMATION TECHNOLOGY","","",""
"INFORMATION TECHNOLOGY MANAGER","INFORMATION TECHNOLOGY MANAGER","","",""
"INITIAL AND DIRECTOR","DIRECTOR","","",""
"INITIAL DIRECTOR","DIRECTOR","","",""
"INNER GUARD","BOARD MEMBER","","","17"
"INSIDE GUARD","BOARD MEMBER","","","13"
"INSIDE SENTRY","BOARD MEMBER","","",""
"INSPECTOR","BOARD MEMBER","","",""
"INSTITUTE DIRECTOR","CEO","","",""
"INSTITUTIONAL","BOARD MEMBER","","",""
"INSTITUTIONAL DIRECTOR","DIRECTOR","","",""
"INSTITUTIONAL TRUSTEE","BOARD MEMBER","","","4"
"INSTRUCTOR","INSTRUCTOR","","",""
"INSURANCE","BOARD MEMBER","","",""
"INSURANCE CHAIR","BOARD MEMBER","","",""
"INSURANCE DIRECTOR","DIRECTOR","","",""
"INSURANCE REPRESENTATIVE","BOARD MEMBER","","",""
"INTAKE DIRECTOR","DIRECTOR","","",""
"INTEGRATION","BOARD MEMBER","","",""
"INTEGRATION CHAIR","BOARD MEMBER","","",""
"INTERM EXECUTIVE DIRECTOR","EXECUTIVE DIRECTOR","","",""
"INTERN","INTERN","","",""
"INTERNAL AUDIT DIRECTOR","DIRECTOR","","",""
"INTERNAL AUDIT MANAGER","AUDITOR","","",""
"INTERNAL AUDITOR","AUDITOR","","",""
"INTERNAL DIRECTOR","DIRECTOR","","",""
"INTERNAL MEDICINE","DOCTOR","","",""
"INTERNAL MEDICINE PHYSICIAN","DOCTOR","","",""
"INTERNAL VICE PRESIDENT","BOARD VICE PRESIDENT","","",""
"INTERNATIONA","BOARD MEMBER","","",""
"INTERNIST","DOCTOR","","",""
"INTL DIRECTOR","DIRECTOR","","",""
"INTL PRESIDENT","BOARD PRESIDENT","","",""
"INTL REPRESENTATIVE","STAFF REPRESENTATIVE","","",""
"INTL VICE PRESIDENT","BOARD VICE PRESIDENT","","",""
"INTRAMURAL DIRECTOR","DIRECTOR","","",""
"INVENTORY MANAGER","MANAGER","","",""
"INVEST COMMITTEE","BOARD MEMBER","","",""
"INVEST COMMITTEE CHAIR","BOARD MEMBER","committee","chair",""
"INVESTIGATOR","STAFF","","",""
"INVESTMENT ADVISOR","FINANCE ADVISOR","","",""
"INVESTMENT CHAIR","BOARD MEMBER","","",""
"INVESTMENT COMMITTEE","BOARD MEMBER","","",""
"INVESTMENT COMMITTEE CHAIR","BOARD MEMBER","committee","chair",""
"INVESTMENT COMMITTEE MEMBER","BOARD MEMBER","","",""
"INVESTMENT DIRECTOR","DIRECTOR","","",""
"INVESTMENT MANAGER","MANAGER","","",""
"INVESTMENT OFFICER","INVESTMENT OFFICER","","",""
"INVMT COMMITTEE MEMBER","BOARD MEMBER","committee","member",""
"INVOCATOR","BOARD MEMBER","","",""
"INVSTMT OFFICER","INVESTMENT OFFICER","","",""
"IOTA","BOARD MEMBER","","",""
"IOTA CHI","BOARD MEMBER","","",""
"IOTA LAMBDA","BOARD MEMBER","","",""
"IOTA NU","BOARD MEMBER","","",""
"IOTA OMEGA","BOARD MEMBER","","",""
"IOTA PHI","BOARD MEMBER","","",""
"IOTA PI","BOARD MEMBER","","",""
"IOTA PSI","BOARD MEMBER","","",""
"IOTA RHO","BOARD MEMBER","","",""
"IOTA SIGMA","BOARD MEMBER","","",""
"IOTA TAU","BOARD MEMBER","","",""
"IOTA XI","BOARD MEMBER","","",""
"IPP","BOARD MEMBER","","",""
"IS MANAGER","MANAGER","","",""
"ISA DIRECTOR","DIRECTOR","","",""
"IT","TECHNOLOGY","","",""
"IT CHAIR","BOARD MEMBER","","",""
"IT COORDINATOR","COORDINATOR","","",""
"IT DIRECTOR","DIRECTOR OF INFORMATION TECHNOLOGY","","",""
"IT INFRASTRUCTURE MANAGER","MANAGER","","",""
"IT MANAGER","INFORMATION TECHNOLOGY MANAGER","","",""
"IT OFFICER","BOARD MEMBER","","",""
"IT OPERATIONS AND SUPPORT DIRECTOR","DIRECTOR","","",""
"IT OPERATIONS MANAGER","OPERATIONS","","",""
"IUF BOARD DIRECTOR","BOARD MEMBER","","",""
"JANITOR","JANITOR","","",""
"JERSEY DIRECTOR","DIRECTOR","","",""
"JOHNSON","NO TITLE","","",""
"JOINT MASTER","BOARD PRESIDENT","","",""
"JOINT PROTECTIVE BOARD","BOARD MEMBER","","",""
"JOINT SECRETARY","BOARD SECRETARY","","",""
"JOINT TREASURER","BOARD TREASURER","duplex","co",""
"JOURNAL EDIT","BOARD MEMBER","","",""
"JOURNAL EDITOR","BOARD MEMBER","","",""
"JOURNAL EDITOR IN CHIEF","CHIEF","","",""
"JOURNEYMAN","LINEMAN","","",""
"JOURNEYMAN L","LINEMAN","","",""
"JOURNEYMAN LINEMAN","LINEMAN","","",""
"JUDGE","BOARD MEMBER","","",""
"JUDGE ADVISOR","BOARD MEMBER","","",""
"JUDGE ADVOC","BOARD MEMBER","","",""
"JUDGE ADVOCA","BOARD MEMBER","","","7"
"JUDGE ADVOCATE","BOARD MEMBER","","","23"
"JUDICIAL COUNSELOR","BOARD MEMBER","","",""
"JUDICIAL DIRECTOR","DIRECTOR","","",""
"JUDICIAL REGIONAL","BOARD MEMBER","","",""
"JUNIOR","JUNIOR","","","4"
"JUNIOR ADVISOR","BOARD MEMBER","","",""
"JUNIOR ATHLETE REPRESENTATIVE","BOARD MEMBER","subordinate","junior",""
"JUNIOR BOARD","BOARD MEMBER","","",""
"JUNIOR BOARD MEMBER","BOARD MEMBER","","",""
"JUNIOR BOARD OF DIRECTOR","DIRECTOR","subordinate","junior",""
"JUNIOR CHAIR","BOARD MEMBER","","",""
"JUNIOR CLASS REPRESENTATIVE","BOARD MEMBER","subordinate","junior",""
"JUNIOR COMMANDER","BOARD VICE PRESIDENT","","",""
"JUNIOR DEACO","BOARD MEMBER","","",""
"JUNIOR DEACON","BOARD MEMBER","","",""
"JUNIOR DIRECTOR","JUNIOR DIRECTOR","subordinate","",""
"JUNIOR GOVERNOR","BOARD VICE PRESIDENT","subordinate","junior","8"
"JUNIOR GRAND WARDEN","BOARD VICE PRESIDENT","","",""
"JUNIOR HIGH REPRESENTATIVE","BOARD MEMBER","subordinate","junior",""
"JUNIOR MEMBER","BOARD MEMBER","","",""
"JUNIOR PRESIDENT","BOARD MEMBER","subordinate","junior",""
"JUNIOR REGENT","BOARD MEMBER","","",""
"JUNIOR REPRESENTATIVE","BOARD MEMBER","subordinate","junior",""
"JUNIOR SAGAMORE","BOARD VICE PRESIDENT","","",""
"JUNIOR SECRETARY","BOARD SECRETARY","","",""
"JUNIOR STAFF COMMODORE","BOARD MEMBER","","",""
"JUNIOR STEWA","BOARD MEMBER","","",""
"JUNIOR STEWARD","BOARD MEMBER","subordinate","junior",""
"JUNIOR TREASURER","BOARD TREASURER","subordinate","junior",""
"JUNIOR TRUSTEE","BOARD MEMBER","","",""
"JUNIOR V COMMANDER","BOARD VICE PRESIDENT","","",""
"JUNIOR V COMMITTEE","BOARD VICE PRESIDENT","","",""
"JUNIOR VICE CDR","BOARD VICE PRESIDENT","","",""
"JUNIOR VICE CHAIR","BOARD VICE PRESIDENT","","",""
"JUNIOR VICE CMDR","BOARD VICE PRESIDENT","","",""
"JUNIOR VICE COMMAN","BOARD VICE PRESIDENT","","",""
"JUNIOR VICE COMMAND","BOARD VICE PRESIDENT","subordinate","junior",""
"JUNIOR VICE COMMANDANT","BOARD MEMBER","subordinate","junior",""
"JUNIOR VICE COMMANDE","BOARD MEMBER","subordinate","junior",""
"JUNIOR VICE COMMANDER","BOARD VICE PRESIDENT","subordinate","","18"
"JUNIOR VICE COMMITTEE","BOARD VICE PRESIDENT","subordinate","junior","12"
"JUNIOR VICE PRESIDENT","BOARD VICE PRESIDENT","subordinate","junior","6"
"JUNIOR WARDE","BOARD VICE PRESIDENT","subordinate","junior",""
"JUNIOR WARDEN","BOARD VICE PRESIDENT","subordinate","junior","14"
"JUNIOR WORT","BOARD MEMBER","subordinate","junior",""
"JUNIOR WORTHY PRESIDENT","BOARD MEMBER","","",""
"JV REPRESENTATIVE","BOARD MEMBER","","",""
"JW","BOARD VICE PRESIDENT","","",""
"JWV NMI REPRESENTATIVE","BOARD MEMBER","","","JEWISH WAR VETERANS NATIONAL MEMORIAL, INC"
"JWVA NMI REPRESENTATIVE","BOARD MEMBER","","",""
"KAPPA","BOARD MEMBER","","",""
"KAPPA CHI","BOARD MEMBER","","",""
"KAPPA MU","BOARD MEMBER","","",""
"KAPPA NU","BOARD MEMBER","","",""
"KAPPA OMEGA","BOARD MEMBER","","",""
"KAPPA OMICRON","BOARD MEMBER","","",""
"KAPPA PHI","BOARD MEMBER","","",""
"KAPPA PI","BOARD MEMBER","","",""
"KAPPA PSI","BOARD MEMBER","","",""
"KAPPA RHO","BOARD MEMBER","","",""
"KAPPA SIGMA","BOARD MEMBER","","",""
"KAPPA TAU","BOARD MEMBER","","",""
"KAPPA UPSILON","BOARD MEMBER","","",""
"KAPPA XI","BOARD MEMBER","","",""
"KE","EMPLOYEE","","",""
"KE VICE PRESIDENT OF OPERATIONS","VICE PRESIDENT","","",""
"KEEPER OF RECORDS","BOARD SECRETARY","","",""
"KEEPER OF WAMPUM","BOARD TREASURER","","",""
"KENNEL MANAGER","MANAGER","","",""
"KENNEL TECHNOLOGY AND ADOPTION COUNSELOR","ADOPTION COUNSELOR","","","7"
"KEY","EMPLOYEE","","",""
"KEY ACCOUNT MANAGER COMMERCIAL SERVICES","MANAGER","","",""
"KEY EMPLOYEE","EMPLOYEE","","",""
"KEY EMPLOYEEb","EMPLOYEE","","",""
"KEY VOLUNTEER","VOLUNTEER","","",""
"KING","BOARD MEMBER","","",""
"KITCHEN","BOARD MEMBER","","",""
"KITCHEN DIRECTOR","DIRECTOR","","",""
"KITCHEN MANAGER","MANAGER","","",""
"KNIGHT","BOARD MEMBER","","",""
"L EXECUTIVE COUNCIL","BOARD MEMBER","committee","executive","9"
"L VICE PRESIDENT","VICE PRESIDENT","","","13"
"LAB DIRECTOR","DIRECTOR","","",""
"LAB MANAGER","MANAGER","","",""
"LAB REPRESENTATIVE","BOARD MEMBER","","",""
"LABOR","BOARD MEMBER","","",""
"LABOR CHAIR","BOARD MEMBER","","",""
"LABOR COMMITTEE","BOARD MEMBER","","",""
"LABOR DIRECTOR","DIRECTOR","","",""
"LABOR MANAGEMENT REPRESENTATIVE","BOARD MEMBER","","",""
"LABOR RELATIONS","HUMAN RESOURCES","","",""
"LABOR RELATIONS COMMITTEE","BOARD MEMBER","","","F-016: former board standard"
"LABOR REPRESENTATIVE","BOARD MEMBER","","",""
"LABOR TRUSTEE","BOARD MEMBER","","",""
"LABORER","STAFF","","",""
"LACROSSE DIRECTOR","DIRECTOR","","",""
"LADELEGATE","BOARD MEMBER","","",""
"LAKE RD AND LAKE HARMONY OF REGIONAL","NO TITLE","","",""
"LAMBDA","BOARD MEMBER","","",""
"LAMBDA MU","BOARD MEMBER","","",""
"LAMBDA NU","BOARD MEMBER","","",""
"LAMBDA OMICRON","BOARD MEMBER","","",""
"LAMBDA XI","BOARD MEMBER","","",""
"LAND MANAGER","MANAGER","","",""
"LARGE AFFILIATE REPRESENTATIVE","BOARD MEMBER","","",""
"LARGE ASSOCIATION REPRESENTATIVE","BOARD MEMBER","","",""
"LARGE ASSOCIATION REPRESENTATIVE DATE","BOARD MEMBER","","",""
"LARGE BOARD REPRESENTATIVE","BOARD MEMBER","","",""
"LARGE BOARD REPRESENTATIVE DATE","BOARD MEMBER","","",""
"LARGE COMPANY DIRECTOR","DIRECTOR","","",""
"LARGE FIRM REPRESENTATIVE","BOARD MEMBER","","",""
"LAW PROFESSOR","PROFESSOR","","",""
"LAWYER","LAWYER","","",""
"LAY DIRECTOR","DIRECTOR","","",""
"LAY LEADER","BOARD MEMBER","","",""
"LAY MEMBER","BOARD MEMBER","","",""
"LBI DIRECTOR","DIRECTOR","","",""
"LCA SECRETARY","BOARD SECRETARY","","",""
"LCIF COORDINATOR","BOARD MEMBER","","",""
"LEAD CLINICIAN","DOCTOR","","",""
"LEAD DIRECTOR","DIRECTOR","","",""
"LEAD INDEPENDENT DIRECTOR","DIRECTOR","","",""
"LEAD INSTRUCTOR","INSTRUCTOR","","",""
"LEAD KNIGHT","BOARD VICE PRESIDENT","","",""
"LEAD LINEMAN","LINEMAN","","",""
"LEAD ORGANIZER","ORGANIZER","","",""
"LEAD PASTOR","PASTOR","","",""
"LEAD PHARMACIST","BOARD MEMBER","","",""
"LEAD PHYSICIAN","DOCTOR","","",""
"LEAD REPRESENTATIVE","BOARD MEMBER","","",""
"LEAD TEACHER","HEAD TEACHER","","",""
"LEADER","BOARD MEMBER","","",""
"LEADERSHIP","BOARD MEMBER","","",""
"LEADERSHIP CHAIR","BOARD MEMBER","","",""
"LEADERSHIP COUNCIL","BOARD MEMBER","","",""
"LEADERSHIP DEVELOPMENT","BOARD MEMBER","","",""
"LEADERSHIP DEVELOPMENT DIRECTOR","DIRECTOR","","",""
"LEADERSHIP DIRECTOR","DIRECTOR","","",""
"LEADERSHIP TEAM","BOARD MEMBER","","",""
"LEADING KNIG","BOARD MEMBER","superior","leading","8"
"LEADING KNIGHT","BOARD VICE PRESIDENT","superior","leading","15"
"LEADING MANAGEMENT","BOARD MEMBER","","",""
"LEAGUE COORDINATOR","BOARD MEMBER","","",""
"LEAGUE DIRECTOR","DIRECTOR","","",""
"LEAGUE INFORMATION OFFICER","BOARD MEMBER","","",""
"LEAGUE PRESIDENT","BOARD PRESIDENT","","",""
"LEAGUE REPRESENTATIVE","BOARD MEMBER","","",""
"LEAGUE SECRETARY","BOARD SECRETARY","","",""
"LEAGUES DIRECTOR","DIRECTOR","","",""
"LEARN TO SKATE DIRECTOR","DIRECTOR","","",""
"LEARNING CHAIR","BOARD MEMBER","","",""
"LEARNING OFFICER","BOARD MEMBER","","",""
"LEBANON DIRECTOR","BOARD MEMBER","","",""
"LECT KNIGHT","BOARD VICE PRESIDENT","","",""
"LECTUR KNIGHT","BOARD MEMBER","","",""
"LECTURE KNIGHT","BOARD VICE PRESIDENT","","",""
"LECTURER","BOARD MEMBER","","","5"
"LECTURING KN","BOARD VICE PRESIDENT","","","7"
"LECTURING KNIGHT","BOARD VICE PRESIDENT","","","10"
"LECTURINGKNIGHT","BOARD VICE PRESIDENT","","",""
"LECTURNG KNIGHT","BOARD VICE PRESIDENT","","",""
"LEG CHAIR","BOARD MEMBER","","",""
"LEG COMMITTEE CHAIR","BOARD MEMBER","committee","chair",""
"LEG REPRESENTATIVE","BOARD MEMBER","","",""
"LEGACY DIRECTOR","DIRECTOR","","",""
"LEGAL","BOARD MEMBER","","",""
"LEGAL ADVISO","BOARD MEMBER","","",""
"LEGAL ADVISOR","BOARD MEMBER","","",""
"LEGAL ADVISORY","LEGAL ADVISOR","","",""
"LEGAL AFFAIRS","BOARD MEMBER","","",""
"LEGAL CHAIR","BOARD MEMBER","","",""
"LEGAL CONSULTANT","BOARD MEMBER","","",""
"LEGAL COUNCI","BOARD MEMBER","","",""
"LEGAL COUNCIL","BOARD MEMBER","","",""
"LEGAL COUNSE","BOARD MEMBER","","",""
"LEGAL COUNSEL","BOARD MEMBER","","",""
"LEGAL DIRECTOR","DIRECTOR OF LEGAL AFFAIRS","","",""
"LEGAL OFFICER","BOARD MEMBER","","",""
"LEGAL REPRESENTATIVE","BOARD MEMBER","","",""
"LEGAL SECRETARY","BOARD SECRETARY","","",""
"LEGAL SERVICES DIRECTOR","DIRECTOR","","",""
"LEGIS COMMITTEE CHAIR","BOARD MEMBER","committee","chair",""
"LEGIS REPRESENTATIVE","BOARD MEMBER","","",""
"LEGISLATION","BOARD MEMBER","","",""
"LEGISLATIVE","BOARD MEMBER","","","6"
"LEGISLATIVE ASSEMBLY MEMBER","BOARD MEMBER","","",""
"LEGISLATIVE CHAIR","BOARD MEMBER","committee","chair",""
"LEGISLATIVE COMMITTEE","BOARD MEMBER","","",""
"LEGISLATIVE COMMITTEE CHAIR","BOARD MEMBER","committee","chair",""
"LEGISLATIVE DIRECTOR","DIRECTOR","","",""
"LEGISLATIVE LIAISON","BOARD MEMBER","","",""
"LEGISLATIVE REPRESENTATIVE","BOARD MEMBER","","",""
"LEGISLATIVE VICE PRESIDENT","BOARD VICE PRESIDENT","","",""
"LEGISLATOR","BOARD MEMBER","","",""
"LENDING DIRECTOR","DIRECTOR","","",""
"LENDING MANAGER","MANAGER","","",""
"LIAISON","BOARD MEMBER","","",""
"LIAISON MEMBER","BOARD MEMBER","","",""
"LIAISON OFFICER","BOARD MEMBER","","",""
"LIASION","BOARD MEMBER","","",""
"LIBRARIAN","LIBRARIAN","","",""
"LIBRARIAN GENERAL","LIBRARIAN","superior","",""
"LIBRARY DIRECTOR","LIBRARY DIRECTOR","","","5"
"LIBRARY MANAGER","MANAGER","","",""
"LIBRARY REPRESENTATIVE","BOARD MEMBER","","",""
"LIC REPRESENTATIVE","BOARD MEMBER","","",""
"LICENSED PRACTICAL NURSE","NURSE","","",""
"LIEUT","FIRE OFFICER","","",""
"LIEUTE","FIRE OFFICER","","",""
"LIEUTENA","FIRE OFFICER","","",""
"LIEUTENANT","FIRE OFFICER","","",""
"LIEUTENANT COMMANDER","BOARD VICE PRESIDENT","","",""
"LIEUTENANT GOVERNOR","BOARD MEMBER","","",""
"LIFE BOARD MEMBER","BOARD MEMBER","","",""
"LIFE BOARD OF DIRECTOR","DIRECTOR","","",""
"LIFE DIRECTOR","BOARD MEMBER","committee","lifetime",""
"LIFE DIRECTOR AND EXECUTIVE CTTEE","BOARD MEMBER","committee","executive","10"
"LIFE DIRECTOR AND VOTING","BOARD MEMBER","","",""
"LIFE DIRECTOR PRESIDENT","BOARD MEMBER","","",""
"LIFE GOVERNOR","BOARD MEMBER","","",""
"LIFE MEMBER","BOARD MEMBER","committee","lifetime",""
"LIFE MEMBERS","BOARD MEMBER","","",""
"LIFE OFFICER","BOARD MEMBER","","",""
"LIFE TIME DIRECTOR","BOARD MEMBER","","",""
"LIFE TRUSTEE","BOARD MEMBER","committee","lifetime",""
"LIFEGUARD DIRECTOR","DIRECTOR","","",""
"LIFEGUARD MANAGER","MANAGER","","",""
"LIFETIME","BOARD MEMBER","committee","lifetime",""
"LIFETIME BOARD MEMBER","BOARD MEMBER","committee","lifetime","6"
"LIFETIME DIRECTOR","BOARD MEMBER","committee","lifetime",""
"LIFETIME MEMBER","BOARD MEMBER","committee","lifetime",""
"LIFETIME TRUSTEE","BOARD MEMBER","committee","lifetime",""
"LIMERICK OF REGIONAL","BOARD MEMBER","regional","regional",""
"LINCOLN REGIONAL DIRECTOR","DIRECTOR","regional","regional",""
"LINE CREW FOREMAN","BOARD MEMBER","","",""
"LINE FOREMAN","FOREMAN","","",""
"LINE SUPERIN","FOREMAN","","",""
"LINE SUPERINTENDENT","FOREMAN","","",""
"LINEMAN","LINEMAN","","",""
"LINEWORKER","LINEMAN","","",""
"LION TAMER","BOARD MEMBER","","",""
"LIST","NO TITLE","","",""
"LITIGATION DIRECTOR","DIRECTOR","","",""
"LIVINGSTON CHAIR","PROFESSOR","","","4"
"LOAN COMMITTEE CHAIR","BOARD MEMBER","committee","chair",""
"LOAN MANAGER","MANAGER","","",""
"LOAN OFFICER","LOAN OFFICER","","",""
"LOBBYIST","BOARD MEMBER","","",""
"LOCATION DIRECTOR","BOARD MEMBER","","",""
"LODGE CHIEF","CHIEF","","",""
"LODGE MANAGER","MANAGER","","",""
"LODGE SECRETARY","BOARD SECRETARY","","",""
"LODGE TREASURER","BOARD TREASURER","","",""
"LODGE TRUSTEE","BOARD MEMBER","","",""
"LODGING","BOARD MEMBER","","",""
"LODGING DIRECTOR","DIRECTOR","","",""
"LODGING MEMBER","BOARD MEMBER","","",""
"LOGISTICS","BOARD MEMBER","","",""
"LOGISTICS DIRECTOR","DIRECTOR","","",""
"LOGISTICS MANAGER","MANAGER","","",""
"LONG RANGE PLANNING","BOARD MEMBER","","",""
"LONG RANGE PLANNING CHAIR","BOARD MEMBER","","",""
"LOUNGE MANAGER","MANAGER","","",""
"LOW INCOME REPRESENTATIVE","BOARD MEMBER","","",""
"LOWER SCHOOL","HEAD OF DIVISION","","",""
"LOWER SCHOOL DIRECTOR","HEAD OF DIVISION","","",""
"LOWER SCHOOL HEAD","HEAD OF DIVISION","","",""
"LOWER SCHOOL PRINCIPAL","HEAD OF DIVISION","","",""
"LOYAL KNIGHT","BOARD VICE PRESIDENT","","","23"
"LPN","NURSE","","","5"
"LRC","BOARD MEMBER","","","6"
"LT","FIRE OFFICER","","","12"
"LT COMMANDER","BOARD VICE PRESIDENT","","",""
"LT GOVERNOR","BOARD VICE PRESIDENT","","",""
"LT GOVERNOR DIRECTOR","BOARD MEMBER","","",""
"LT GOVERNOR DIV","BOARD MEMBER","","",""
"LT GOVERNOR REGIONAL","BOARD MEMBER","","",""
"LTG","BOARD MEMBER","","",""
"LUNCHEON CHAIR","BOARD MEMBER","","",""
"M + DIRECTOR","DIRECTOR","","",""
"M AND F THERAPIST","BOARD MEMBER","","",""
"MADAM PRESIDENT","BOARD MEMBER","","",""
"MADAM TRUSTEE","BOARD MEMBER","","",""
"MAINT CRAFT","BOARD MEMBER","","",""
"MAINT CRAFT DIRECTOR","DIRECTOR","","",""
"MAINT DIRECTOR","DIRECTOR","","",""
"MAINTENANCE","MAINTENANCE","","","4"
"MAINTENANCE CHAIR","BOARD MEMBER","","",""
"MAINTENANCE CRAFT DIRECTOR","DIRECTOR","","",""
"MAINTENANCE DIRECTOR","DIRECTOR","","",""
"MAINTENANCE MANAGER","MANAGER","","",""
"MAINTENANCE OFFICER","BOARD MEMBER","","",""
"MAINTENANCE REPRESENTATIVE","BOARD MEMBER","","",""
"MAINTENANCE SUPERVISOR","MAINTENANCE","","",""
"MAJOR GIFT OFFICER","DEVELOPMENT OFFICER","","",""
"MAJOR GIFTS","DIRECTOR OF MAJOR GIFTS","","",""
"MAJOR GIFTS OFFICER","DEVELOPMENT OFFICER","","",""
"MAL","BOARD MEMBER","","",""
"MAMBER","BOARD MEMBER","","",""
"MANAGEMENT","BOARD MEMBER","","",""
"MANAGEMENT BOARD","BOARD MEMBER","","",""
"MANAGEMENT CHAIR","BOARD MEMBER","","",""
"MANAGEMENT COMMITTEE","BOARD MEMBER","committee","management",""
"MANAGEMENT COMMITTEE MEMBER","BOARD MEMBER","","",""
"MANAGEMENT COMPANY","MANAGER","","",""
"MANAGEMENT DIRECTOR","DIRECTOR","","",""
"MANAGEMENT REPRESENTATIVE","BOARD MEMBER","","",""
"MANAGEMENT TRUSTEE","BOARD MEMBER","","",""
"MANAGEMENT TRUSTEE ALT","BOARD MEMBER","","",""
"MANAGEMENT TRUSTEES","BOARD MEMBER","","","5"
"MANAGER","MANAGER","","",""
"MANAGER AND LLC","MANAGER","","",""
"MANAGER COORDINATOR","MANAGER","","",""
"MANAGER DIRECTOR","DIRECTOR","","",""
"MANAGER ENGINEER","MANAGER","","",""
"MANAGER HEALTHCARE ACCOUNTING","MANAGER","","",""
"MANAGER LIAISON","MANAGER","","",""
"MANAGER OF ACCOUNTING","MANAGER","","",""
"MANAGER OF ADMINISTRATION","MANAGER","","",""
"MANAGER OF BUSINESS DEVELOPMENT","MANAGER","","",""
"MANAGER OF CREDIT SOLUTION","MANAGER","","",""
"MANAGER OF ENGIN","MANAGER","","",""
"MANAGER OF ENGINEERING","MANAGER","","",""
"MANAGER OF ENGINEERING AND OPERATIONS","OPERATIONS","","",""
"MANAGER OF F","MANAGER","","",""
"MANAGER OF FINANCE","MANAGER","","",""
"MANAGER OF FINANCE AND ACCOUNTING","MANAGER","","",""
"MANAGER OF FINANCE AND ADMINISTRATION","MANAGER","","",""
"MANAGER OF HUMAN RESOURCES","MANAGER","","",""
"MANAGER OF INFORMATION TECHNOLOGY","MANAGER","","",""
"MANAGER OF IT","MANAGER","","",""
"MANAGER OF MARKETING PRACTICE OPERATIONS","OPERATIONS","","",""
"MANAGER OF MEMBER SERVICES","MANAGER","","",""
"MANAGER OF O","MANAGER OF OPERATIONS","","",""
"MANAGER OF OPERATIONS","OPERATIONS","","",""
"MANAGER OF PHARMACY","MANAGER","","",""
"MANAGER OF REHABILITATION","MANAGER","","",""
"MANAGER OF SALES","MANAGER","","",""
"MANAGER OR CEO","MANAGER","","",""
"MANAGER OUTPATIENT DIAGNOSTIC","MANAGER","","",""
"MANAGER OUTPATIENT DIAGNOSTIC M","MANAGER","","",""
"MANAGER PHARMACY","MANAGER","","",""
"MANAGERIAL TRUSTEE","BOARD MEMBER","","",""
"MANAGING ARTISTIC DIRECTOR","ARTISTIC DIRECTOR","superior","managing",""
"MANAGING ATTORNEY","ATTORNEY","","",""
"MANAGING DIRECTOR","MANAGING DIRECTOR","","","*if paid"
"MANAGING DIRECTOR AND REGIONAL","BOARD MEMBER","regional","regional",""
"MANAGING DIRECTOR OF BUSINESS DEVELOPMENT","DIRECTOR","","",""
"MANAGING DIRECTOR OF COMMUNICATIONS","DIRECTOR","","",""
"MANAGING DIRECTOR OF DEVELOPMENT","DIRECTOR","","",""
"MANAGING DIRECTOR OF EXTERNAL AFFAIRS","DIRECTOR","","",""
"MANAGING DIRECTOR OF FINANCE","DIRECTOR","","",""
"MANAGING DIRECTOR OF HUMAN RESOURCES","DIRECTOR OF HUMAN RESOURCES","","",""
"MANAGING DIRECTOR OF MARKETING","DIRECTOR","","",""
"MANAGING DIRECTOR OF OPERATIONS","DIRECTOR","","",""
"MANAGING DIRECTOR OF PROGRAMS","DIRECTOR","","",""
"MANAGING DIRECTOR OF RESEARCH","DIRECTOR","","",""
"MANAGING DIRECTOR OF STRATEGY","DIRECTOR","","",""
"MANAGING EDITOR","EDITOR","superior","",""
"MANAGING MEMBER","BOARD MEMBER","","",""
"MANAGING PARTNER","MANAGING DIRECTOR","","",""
"MANAGING PROGRAMS DIRECTOR","DIRECTOR","","",""
"MANAGING TRUSTEE","BOARD MEMBER","","",""
"MANG DIRECTOR OF COMMITTEE SVCS","DIRECTOR","","",""
"MANITOWOC DIRECTOR","DIRECTOR","","",""
"MANUFACT DIRECTOR","DIRECTOR","","",""
"MANUFACTURER","BOARD MEMBER","","",""
"MANUFACTURER DIVISION DIRECTOR","DIRECTOR","","",""
"MARICOPA DIRECTOR","DIRECTOR","","",""
"MARKETING","MARKETING","","",""
"MARKETING AND COMMITTEE","BOARD MEMBER","","",""
"MARKETING AND COMMITTEE DIRECTOR","DIRECTOR","","",""
"MARKETING AND COMMUNICATIONS CHAIR","BOARD MEMBER","","",""
"MARKETING AND COMMUNICATIONS DIRECTOR","DIRECTOR","","",""
"MARKETING AND DEVELOPMENT DIRECTOR","DIRECTOR","","",""
"MARKETING AND PR","BOARD MEMBER","","",""
"MARKETING AND SOCIAL MEDIA DIRECTOR","DIRECTOR","","",""
"MARKETING CEO","CEO","","",""
"MARKETING CFO","CHIEF FINANCIAL OFFICER","","",""
"MARKETING CHAIR","BOARD MEMBER","committee","chair",""
"MARKETING CO-DIRECTOR","DIRECTOR","duplex","co",""
"MARKETING COMMITTEE","BOARD MEMBER","committee","marketing","4"
"MARKETING COMMITTEE CHAIR","BOARD MEMBER","committee","chair",""
"MARKETING COORDINATOR","BOARD MEMBER","","",""
"MARKETING DIRECTOR","DIRECTOR OF MARKETING","","",""
"MARKETING MANAGER","MANAGER","","",""
"MARKETING OFFICER","MARKETING","","",""
"MARKETING PRESIDENT","PRESIDENT","","",""
"MARKETING REPRESENTATIVE","MARKETING","","",""
"MARKETING VICE PRESIDENT","BOARD VICE PRESIDENT","","",""
"MARSHAL","BOARD MEMBER","","",""
"MARSHALL","BOARD MEMBER","","",""
"MASTER","BOARD PRESIDENT","","","13"
"MASTER AT ARMS","BOARD MEMBER","","",""
"MASTER OF CEO","BOARD MEMBER","","",""
"MASTER OF CEREMONIES","BOARD MEMBER","","",""
"MASTER OF KADOSH","BOARD PRESIDENT","","",""
"MASTER WARDEN","BOARD MEMBER","","",""
"MASTERS REPRESENTATIVE","BOARD MEMBER","","",""
"MAYOR","BOARD MEMBER","","",""
"MB DIRECTOR","DIRECTOR","","",""
"MBA REPRESENTATIVE","BOARD MEMBER","","",""
"MBB TRUSTEE","BOARD MEMBER","","",""
"MBEIC CHAIR","BOARD MEMBER","","",""
"MC REPRESENTATIVE","BOARD MEMBER","","",""
"MCC VICE PRESIDENT OF COMMITTEE","VICE PRESIDENT","","",""
"MCC VICE PRESIDENT OF DEVELOPMENT","VICE PRESIDENT","","",""
"MCC VICE PRESIDENT OF OPERATIONS","VICE PRESIDENT","","",""
"MCHS CEO","CEO","","",""
"MCHS CFO","CHIEF FINANCIAL OFFICER","","",""
"MCHS COO","BOARD MEMBER","","",""
"MD","DOCTOR","","","9"
"MD AND DIRECTOR","BOARD MEMBER","","",""
"MD AND PRESIDENT","BOARD MEMBER","","",""
"MD DENTIST","BOARD MEMBER","","",""
"MDS COORDINATOR","NURSE","","",""
"MEADOWHEATH AND REGIONAL OF REGIONAL","NO TITLE","","",""
"MEASURER","BOARD MEMBER","","",""
"MECHANIC","MAINTENANCE","","",""
"MED DIRECTOR","MEDICAL DIRECTOR","","",""
"MED STAFF PRESIDENT","PRESIDENT OF MEDICAL STAFF","","",""
"MEDIA","BOARD MEMBER","","",""
"MEDIA AND COMMUNICATIONS DIRECTOR","DIRECTOR","","",""
"MEDIA AND MARKETING","BOARD MEMBER","","",""
"MEDIA CHAIR","BOARD MEMBER","","",""
"MEDIA COORDINATOR","BOARD MEMBER","","",""
"MEDIA DIRECTOR","DIRECTOR","","",""
"MEDIA MANAGER","MANAGER","","",""
"MEDIA RELATIONS","BOARD MEMBER","","",""
"MEDICAL","BOARD MEMBER","","",""
"MEDICAL ADVI","BOARD MEMBER","","",""
"MEDICAL ADVISOR","BOARD MEMBER","","",""
"MEDICAL ADVISORY BOARD","BOARD MEMBER","","",""
"MEDICAL COORDINATOR","COORDINATOR","","",""
"MEDICAL DIRECTOR","MEDICAL DIRECTOR","","",""
"MEDICAL DIRECTOR AND PHYSICIAN","MEDICAL DIRECTOR","","",""
"MEDICAL DOCT","DOCTOR","","",""
"MEDICAL DOCTOR","DOCTOR","","",""
"MEDICAL EXAMINING BOARD","BOARD MEMBER","","","F-016: former board standard"
"MEDICAL EXECUTIVE COMMITTEE","BOARD MEMBER","","",""
"MEDICAL OFFICER","MEDICAL OFFICER","","","4"
"MEDICAL PHYSICIST","SCIENTIST","","",""
"MEDICAL PROVIDER","DOCTOR","","",""
"MEDICAL REPRESENTATIVE","BOARD MEMBER","","",""
"MEDICAL STAF","BOARD MEMBER","","",""
"MEDICAL STAFF","DOCTOR","","",""
"MEDICAL STAFF PRESIDENT","PRESIDENT OF MEDICAL STAFF","","",""
"MEDICAL STAFF REPRESENTATIVE","BOARD MEMBER","","",""
"MEDICAL STAFF VICE PRESIDENT","PRESIDENT OF MEDICAL STAFF","","",""
"MEDICAL STUDENT REPRESENTATIVE","BOARD MEMBER","","",""
"MEDICAL VICE PRESIDENT","VICE PRESIDENT OF MEDICAL AFFAIRS","","",""
"MEDICAL VICE PRESIDENT OF AMBULATORY SERVICES","VICE PRESIDENT","","",""
"MEDICAL VICE PRESIDENT OF CROSS FUNCTIONAL CARE","VICE PRESIDENT","","",""
"MEDIUM ASSOCIATION REPRESENTATIVE","BOARD MEMBER","","",""
"MEET COORDINATOR","BOARD MEMBER","","",""
"MEET DIRECTOR","DIRECTOR","","",""
"MEET MANAGER","MANAGER","","",""
"MEETING DIRECTOR","DIRECTOR","","",""
"MEETINGS DIRECTOR","DIRECTOR","","",""
"MEMBER","BOARD MEMBER","","",""
"MEMBER @ LAR","BOARD MEMBER","","",""
"MEMBER @ LARGE","BOARD MEMBER","","",""
"MEMBER AND ASSOCIATE","BOARD MEMBER","","",""
"MEMBER AND AT AND LARGE","BOARD MEMBER","","",""
"MEMBER AND ATTENDING PHYSICIAN","DOCTOR","","",""
"MEMBER AND BOARD","BOARD MEMBER","","",""
"MEMBER AND BOARD OF TRUSTEES","BOARD MEMBER","","",""
"MEMBER AND BOT","BOARD MEMBER","","",""
"MEMBER AND EC","BOARD MEMBER","","",""
"MEMBER AND EQUALITY PAC","BOARD MEMBER","","",""
"MEMBER AND EXOFFICIO","BOARD MEMBER","","",""
"MEMBER AND JOINED","BOARD MEMBER","","",""
"MEMBER AND NAT'L COMMISSION","BOARD MEMBER","","",""
"MEMBER AND NAT'L COMMITTEE'N AND REG'L BOARD CHAIR","BOARD MEMBER","","",""
"MEMBER AND PHYSICIAN","BOARD MEMBER","","",""
"MEMBER AND REGIONAL","BOARD MEMBER","","",""
"MEMBER AND VOTING","BOARD MEMBER","","",""
"MEMBER AND YEARS TO SERVE","BOARD MEMBER","","",""
"MEMBER AT L","BOARD MEMBER","","",""
"MEMBER AT LA","BOARD MEMBER","duplex","at large","6"
"MEMBER AT LG","BOARD MEMBER","duplex","at large",""
"MEMBER AT LGE","BOARD MEMBER","duplex","at large",""
"MEMBER AT LRG","BOARD MEMBER","duplex","at large",""
"MEMBER BOARD","BOARD MEMBER","","","22"
"MEMBER BOARD DIRECTOR","DIRECTOR","","",""
"MEMBER BOARD GO","BOARD MEMBER","","",""
"MEMBER BOARD GOVERNOR","BOARD MEMBER","","",""
"MEMBER BOARD OF DIRECTOR","BOARD MEMBER","","",""
"MEMBER BOARD OF DIRECTORS","BOARD MEMBER","","",""
"MEMBER BOARD OF REGENTS","BOARD MEMBER","","",""
"MEMBER BOARD OF TRUSTEE","BOARD MEMBER","","",""
"MEMBER BOARD OF TRUSTEES","BOARD MEMBER","","",""
"MEMBER BOARD REPRESENTATIVE","BOARD MEMBER","","",""
"MEMBER CHAIR","BOARD MEMBER","","",""
"MEMBER COMMITTEE CHAIR","BOARD MEMBER","committee","chair",""
"MEMBER COORDINATOR","BOARD MEMBER","","",""
"MEMBER DIRECTOR","BOARD MEMBER","","",""
"MEMBER E","BOARD MEMBER","","",""
"MEMBER EDUCATOR","BOARD MEMBER","","",""
"MEMBER ENGAGEMENT","MEMBERSHIP","","",""
"MEMBER ENGAGEMENT DIRECTOR","BOARD MEMBER","","",""
"MEMBER ENGAGEMENT OFFICER","BOARD MEMBER","","",""
"MEMBER EXECUTIVE","BOARD MEMBER","","",""
"MEMBER EXIT","BOARD MEMBER","","","9"
"MEMBER EXPERIENCE DIRECTOR","BOARD MEMBER","","",""
"MEMBER FALL","BOARD MEMBER","","","*raw title: MEMBER UNTIL FALL 2019--FALL should be removed as it indicates time?"
"MEMBER LIAISON","BOARD MEMBER","","",""
"MEMBER MANAGER","MANAGER","","",""
"MEMBER OF ADMINISTRATION COMMITTEE","BOARD MEMBER","","",""
"MEMBER OF BOARD","BOARD MEMBER","","",""
"MEMBER OF BOARD OF DIRECTOR","BOARD MEMBER","","",""
"MEMBER OF BOARD OF GOVERNOR","BOARD MEMBER","","",""
"MEMBER OF BOARD OF GOVERNORS","BOARD MEMBER","","",""
"MEMBER OF BOARD OF REGENTS","BOARD MEMBER","","",""
"MEMBER OF BOARD OF TRUSTEES","BOARD MEMBER","","",""
"MEMBER OF COMMITTEE","BOARD MEMBER","","",""
"MEMBER OF COUN","BOARD MEMBER","","",""
"MEMBER OF COUNCIL","BOARD MEMBER","","",""
"MEMBER OF EDUCATION","BOARD MEMBER","","",""
"MEMBER OF ENDOWMENT BOARD","BOARD MEMBER","","",""
"MEMBER OF EXECUTIVE","BOARD MEMBER","","",""
"MEMBER OF EXECUTIVE BOARD","BOARD MEMBER","","",""
"MEMBER OF EXECUTIVE COMMITTEE","BOARD MEMBER","committee","executive",""
"MEMBER OF EXPERIENCE","VICE PRESIDENT OF MEMBERSHIP","","",""
"MEMBER OF FINANCE COMMITTEE","BOARD MEMBER","","",""
"MEMBER OF GOVERNING SESSIO","BOARD MEMBER","","",""
"MEMBER OF GOVERNOR BODY","BOARD MEMBER","","",""
"MEMBER OF INVEST COMMITTEE","BOARD MEMBER","","",""
"MEMBER OF INVESTMENT COMMITTEE","BOARD MEMBER","","",""
"MEMBER OF S COMMITTEE","BOARD MEMBER","","",""
"MEMBER OF SHIP COMMITTEE","BOARD MEMBER","","",""
"MEMBER OF STEERING COMMITTEE","BOARD MEMBER","","",""
"MEMBER OF TH","BOARD MEMBER","","",""
"MEMBER OF TRUSTEE BOARD","BOARD MEMBER","","","7"
"MEMBER OFFICER","BOARD MEMBER","","",""
"MEMBER PART","BOARD MEMBER","","",""
"MEMBER REGIONAL","BOARD MEMBER","","",""
"MEMBER RELATIONS","MEMBERSHIP","","",""
"MEMBER REPRESENTATIVE","BOARD MEMBER","","",""
"MEMBER SECRETARY","BOARD SECRETARY","","",""
"MEMBER SERVI","BOARD MEMBER","","",""
"MEMBER SERVICE","MEMBERSHIP","","",""
"MEMBER SERVICE MANAGER","MANAGER","","",""
"MEMBER SERVICE REPRESENTATIVE","BOARD MEMBER","","",""
"MEMBER SERVICES","MEMBERSHIP","","",""
"MEMBER SERVICES DIRECTOR","DIRECTOR","","",""
"MEMBER SERVICES MANAGER","MANAGER","","",""
"MEMBER TRUSTEE","BOARD MEMBER","","",""
"MEMBER VICE PRESIDENT","BOARD VICE PRESIDENT","","",""
"MEMBER VOTING","BOARD MEMBER","","",""
"MEMBERATLARGE","BOARD MEMBER","","",""
"MEMBERBOARD OF REPRESENTATIVE","BOARD MEMBER","","",""
"MEMBERDIRECTOR","BOARD MEMBER","","",""
"MEMBERS","BOARD MEMBER","","",""
"MEMBERS AT L","BOARD MEMBER","","",""
"MEMBERSHI","BOARD MEMBER","","",""
"MEMBERSHIP","BOARD MEMBER","","",""
"MEMBERSHIP AND DIRECTOR","DIRECTOR","","",""
"MEMBERSHIP AND OUTREACH VICE PRESIDENT AND COORDINATOR","BOARD VICE PRESIDENT","","",""
"MEMBERSHIP AND PR","MEMBERSHIP","","",""
"MEMBERSHIP CHAIR","BOARD MEMBER","committee","chair",""
"MEMBERSHIP CHAIR AND REGIONAL","BOARD MEMBER","","",""
"MEMBERSHIP CO-DIRECTOR","DIRECTOR","duplex","co",""
"MEMBERSHIP COMMITTEE CHAIR","BOARD MEMBER","committee","chair",""
"MEMBERSHIP COMMITTEE CO-CHAIR","BOARD MEMBER","duplex","co",""
"MEMBERSHIP COORDINATOR","BOARD MEMBER","","",""
"MEMBERSHIP DIRECTOR","BOARD MEMBER","","",""
"MEMBERSHIP MANAGER","MANAGER","","",""
"MEMBERSHIP O","BOARD MEMBER","","",""
"MEMBERSHIP OFFICER","BOARD MEMBER","","","5"
"MEMBERSHIP REPRESENTATIVE","BOARD MEMBER","","",""
"MEMBERSHIP S","BOARD SECRETARY","","",""
"MEMBERSHIP SECRETARY","BOARD SECRETARY","","",""
"MEMBERSHIP SERVICES","BOARD MEMBER","","",""
"MEMBERSHIP TRUSTEE","BOARD MEMBER","","",""
"MEMBERSHIP V","BOARD VICE PRESIDENT","","","4"
"MEMBERSHIP VICE CHAIR","BOARD MEMBER","","",""
"MEMBERSHIP VICE PRESIDENT","BOARD VICE PRESIDENT","","",""
"MEMBERSHIPS","BOARD MEMBER","","",""
"MEMBERSHP CHAIR","BOARD MEMBER","","",""
"MEMEBR","BOARD MEMBER","","",""
"MEN'S BASKETBALL COACH","COACH","","",""
"MENTAL HEALTH DIRECTOR","DIRECTOR","","",""
"MENTORING","BOARD MEMBER","","",""
"MENTORING CHAIR","BOARD MEMBER","","",""
"MENTORSHIP CHAIR","BOARD MEMBER","","",""
"MERCHANDISE","BOARD MEMBER","","",""
"MERCHANDISE CHAIR","BOARD MEMBER","committee","chair",""
"MERCHANDISE COORDINATOR","BOARD MEMBER","","",""
"MERCHANDISE DIRECTOR","DIRECTOR","","",""
"MERCHANDISE MANAGER","MANAGER","","",""
"METER READER","STAFF","","",""
"MGT TRUSTEE","BOARD MEMBER","","",""
"MHC REPRESENTATIVE","BOARD MEMBER","","",""
"MID REGIONAL AND DIRECTOR","DIRECTOR","regional","regional",""
"MID REGIONAL DIRECTOR","DIRECTOR","regional","regional",""
"MIDDLE SCHOO","BOARD MEMBER","","",""
"MIDDLE SCHOOL DIRECTOR","DIRECTOR","","",""
"MIDDLE SCHOOL HEAD","HEAD OF DIVISION","","",""
"MIDDLE SCHOOL PRINCIPAL","HEAD OF DIVISION","","",""
"MIDDLE SCHOOL REPRESENTATIVE","BOARD MEMBER","","",""
"MIDDLE SCHOOL VICE PRESIDENT","BOARD VICE PRESIDENT","","",""
"MIDDLE TN REPRESENTATIVE","BOARD MEMBER","","",""
"MINISTER","PASTOR","","",""
"MINISTRY DIRECTOR","DIRECTOR","","",""
"MINISTRY MARKETING","MARKETING","","","4"
"MINISTRY MARKETING EXECUTIVE","CEO","","",""
"MIS DIRECTOR","DIRECTOR","","",""
"MISSION DIRECTOR","DIRECTOR","","",""
"MISSIONARY","MISSIONARY","","",""
"MISSIONS DIRECTOR","DIRECTOR","","",""
"MITE COORDINATOR","BOARD MEMBER","","",""
"MITE DIRECTOR","DIRECTOR","","",""
"ML BOARD REPRESENTATIVE","BOARD MEMBER","","",""
"MLS CHAIR","BOARD MEMBER","","",""
"MLS DIRECTOR","DIRECTOR","","",""
"MLS PRESIDENT","BOARD MEMBER","","",""
"MNAR DIRECTOR","DIRECTOR","","",""
"MNG DIRECTOR","DIRECTOR","","",""
"MODERATOR","BOARD PRESIDENT","","",""
"MOGA DIRECTOR","BOARD MEMBER","","",""
"MORTGAGE LOAN OFFICER","LOAN OFFICER","","",""
"MORTGAGE LOAN ORIGINATOR","LOAN OFFICER","","",""
"MORTGAGE ORIGINATOR","LOAN OFFICER","","",""
"MORTGAGE SALES MANAGER","MANAGER","","",""
"MOTOR CARRIER DIRECTOR","DIRECTOR","","",""
"MOTOR VEHICLE CRAFT DIRECTOR","DIRECTOR","","",""
"MOTOR VEHICLE DIRECTOR","DIRECTOR","","",""
"MOUNT CARMEL CFO","BOARD MEMBER","","",""
"MPMA DIVISION REPRESENTATIVE","BOARD MEMBER","","",""
"MR","NO TITLE","","",""
"MROC DIRECTOR","DIRECTOR","","",""
"MS","NO TITLE","","",""
"MS PRINCIPAL","PRINCIPAL","","",""
"MS REGIONAL DIRECTOR","BOARD MEMBER","","",""
"MSA DIRECTOR","DIRECTOR","","",""
"MUNICIPALITY REPRESENTATIVE","BOARD MEMBER","","",""
"MUSEM GUIDE","MUSEUM GUIDE","","",""
"MUSEUM ADMINISTRATOR","ADMINISTRATOR","","",""
"MUSEUM BOARD MEMBER","BOARD MEMBER","","",""
"MUSEUM CEO","CEO","","",""
"MUSEUM CHAIR","BOARD MEMBER","committee","chair",""
"MUSEUM CURATOR","CURATOR","","",""
"MUSEUM DIRECTOR","CEO","","",""
"MUSEUM DIRECTOR OF FINANCE","DIRECTOR OF FINANCE","","",""
"MUSEUM MANAGER","MANAGER","","",""
"MUSIC","BOARD MEMBER","","",""
"MUSIC DIRECTOR","MUSIC DIRECTOR","","",""
"MUSICAL DIRECTOR","DIRECTOR OF MUSIC","","",""
"MUSICAL PROGRAMMING CHAIR","BOARD MEMBER","committee","chair",""
"MUSICIAN","MUSICIAN","","","5"
"MUSICIAN REPRESENTATIVE","BOARD MEMBER","","",""
"MUSICIAN TRUSTEE","BOARD MEMBER","","",""
"MUTUAL BENEFITS REPRESENTATIVE","BOARD MEMBER","","",""
"MVS CRAFT DIRECTOR","DIRECTOR","","",""
"MVS DIRECTOR","DIRECTOR","","",""
"MWAHA REPRESENTATIVE","BOARD MEMBER","","",""
"N AND A","NO TITLE","","",""
"N DUNLAP SAVOY OF REGIONAL","BOARD MEMBER","regional","regional",""
"N REGIONAL DIRECTOR","DIRECTOR","regional","regional",""
"NABIP DIRECTOR","DIRECTOR","","",""
"NACO-REPRESENTATIVE","BOARD MEMBER","","",""
"NACS TRUSTEE","BOARD MEMBER","","",""
"NADA DIRECTOR","DIRECTOR","","",""
"NAESP REPRESENTATIVE","BOARD MEMBER","","",""
"NAHB REPRESENTATIVE","BOARD MEMBER","","",""
"NAR DIRECTOR","DIRECTOR","","",""
"NAS COUNCIL MEMBER","BOARD MEMBER","","",""
"NASN DIRECTOR","DIRECTOR","","",""
"NAT'L BOARD MEMBER","BOARD MEMBER","","",""
"NAT'L DIRECTOR","DIRECTOR","","",""
"NAT'L EXECUTIVE","BOARD MEMBER","","",""
"NAT'L EXECUTIVE COMMITTEE","BOARD MEMBER","","",""
"NAT'L PRESIDENT","BOARD PRESIDENT","","",""
"NAT'L REPRESENTATIVE REGIONAL","BOARD MEMBER","regional","regional",""
"NAT'L TRUSTEE","BOARD MEMBER","","",""
"NAT'L VICE PRESIDENT","BOARD VICE PRESIDENT","","",""
"NATL BUSINESS AGENT REGIONAL","BUSINESS AGENT","","",""
"NATL DIRECTOR","DIRECTOR","","",""
"NATL EXECUTIVE BOARD MEMBER","BOARD MEMBER","","",""
"NATL EXECUTIVE COMMITTEE","BOARD MEMBER","","",""
"NCCC COMMITTEE MEMBER","BOARD MEMBER","","",""
"NCTM REPRESENTATIVE","BOARD MEMBER","","",""
"ND VICE PRESIDENT","BOARD VICE PRESIDENT","","",""
"NEA DIRECTOR","BOARD MEMBER","","",""
"NEC","BOARD MEMBER","","",""
"NECA REPRESENTATIVE","BOARD MEMBER","","",""
"NEGOTIATING COMMITTEE","BOARD MEMBER","","",""
"NEGOTIATION","BOARD MEMBER","","",""
"NEGOTIATIONS","BOARD MEMBER","","",""
"NEGOTIATIONS CHAIR","BOARD MEMBER","","",""
"NEGOTIATOR","BOARD MEMBER","","",""
"NEIGHBORHOOD REPRESENTATIVE","BOARD MEMBER","","",""
"NEONATOLOGIST","DOCTOR","","",""
"NETWORK ADMINISTRATOR","TECHNOLOGY","","",""
"NETWORK CHAIR","BOARD MEMBER","","",""
"NETWORK DIRECTOR","DIRECTOR","","",""
"NETWORK LEADER DIRECTOR","DIRECTOR","","",""
"NETWORK OPERATIONS MANAGER","OPERATIONS","","",""
"NEUROLOGIST","DOCTOR","","",""
"NEUROSURGEON","SURGEON","","",""
"NEWS EDITOR","BOARD MEMBER","","",""
"NEWSLETTER","BOARD MEMBER","","",""
"NEWSLETTER CHAIR","BOARD MEMBER","","",""
"NEWSLETTER DIRECTOR","DIRECTOR","","",""
"NEWSLETTER E","BOARD MEMBER","","",""
"NEWSLETTER EDIT","BOARD MEMBER","","",""
"NEWSLETTER EDITOR","BOARD MEMBER","","",""
"NINTH GRADE REPRESENTATIVE","BOARD MEMBER","","",""
"NINTH REGIONAL","BOARD MEMBER","","",""
"NLB REPRESENTATIVE","BOARD MEMBER","","",""
"NLC REPRESENTATIVE","BOARD MEMBER","","",""
"NLD MEMBER","BOARD MEMBER","","",""
"NMAJMH PRESIDENT","CEO","","","National Museum of American Jewish Military History"
"NMC","BOARD MEMBER","","",""
"NMED","BOARD MEMBER","","",""
"NOBLE GRAND","BOARD PRESIDENT","","",""
"NOM CHAIR","BOARD MEMBER","","",""
"NOMAR AND DIRECTOR","DIRECTOR","","",""
"NOMCOM","BOARD MEMBER","","",""
"NOMINATING","BOARD MEMBER","","",""
"NOMINATING CHAIR","BOARD MEMBER","committee","chair",""
"NOMINATING COMMITTEE","BOARD MEMBER","","",""
"NOMINATING COMMITTEE CHAIR","BOARD MEMBER","committee","chair",""
"NOMINATING DIRECTOR","DIRECTOR","","",""
"NOMINATION CHAIR","BOARD MEMBER","","",""
"NOMINATION COMMITTEE CHAIR","BOARD MEMBER","committee","chair",""
"NOMINATIONS","BOARD MEMBER","","",""
"NOMINATIONS CHAIR","BOARD MEMBER","","",""
"NOMINATIONS COMMITTEE CHAIR","BOARD MEMBER","committee","chair",""
"NON BOARD MEMBER","BOARD MEMBER","","",""
"NON COMPENSATED BOARD","BOARD MEMBER","","",""
"NON COMPENSATED DIRECTOR","DIRECTOR","","",""
"NON COMPENSATED TRUSTEE","BOARD MEMBER","","",""
"NON DIRECTOR","DIRECTOR","","",""
"NON DIRECTOR INTL VICE PRESIDENT","BOARD VICE PRESIDENT","","",""
"NON DIRECTOR REGIONAL VICE PRESIDENT","BOARD VICE PRESIDENT","","",""
"NON EXECUTIVE DIRECTOR","BOARD MEMBER","","",""
"NON FIDUCIARY DIRECTOR","BOARD MEMBER","","",""
"NON REGIONAL DIRECTOR","DIRECTOR","regional","regional",""
"NON RESIDENT","BOARD MEMBER","","",""
"NON VOTE DIRECTOR","DIRECTOR","","",""
"NON VOTING CEO","CEO","","",""
"NONE","NO TITLE","","","6"
"NONVOTING DIRECTOR","DIRECTOR","","",""
"NONVOTING MEMBER","BOARD MEMBER","","",""
"NORTHEAST REGIONAL DIRECTOR","DIRECTOR","regional","regional","4"
"NORTHWEST REGIONAL DIRECTOR","DIRECTOR","regional","regional","4"
"NP","NURSE","","",""
"NPGA DIRECTOR","DIRECTOR","","",""
"NSPS DIRECTOR","DIRECTOR","","",""
"NTA DIRECTOR","DIRECTOR","","",""
"NTL COMMISSIONER","BOARD MEMBER","","",""
"NU","BOARD MEMBER","","",""
"NUMBER","NO TITLE","","",""
"NUMBER I","BOARD MEMBER","","",""
"NUMBER II","BOARD MEMBER","","",""
"NUMBER III","BOARD MEMBER","","",""
"NUMBER IV","BOARD MEMBER","","",""
"NUMBER IX","BOARD MEMBER","","",""
"NUMBER V","BOARD MEMBER","","",""
"NUMBER VICE PRESIDENT","BOARD MEMBER","","",""
"NUMBER VII","BOARD MEMBER","","",""
"NUMBER VIII","BOARD MEMBER","","",""
"NURSE","NURSE","","","5"
"NURSE ANESTHETIST","NURSE","","",""
"NURSE MANAGER","MANAGER","","",""
"NURSE MANAGER OF RN","MANAGER","","",""
"NURSE PRACTI","NURSE","","",""
"NURSE PRACTICIONER","NURSE","","",""
"NURSE PRACTIONER","NURSE","","",""
"NURSE PRACTITIONER","NURSE","","","12"
"NURSE SUPERVISOR","NURSE","","",""
"NURSE TRAINER","NURSE","","",""
"NURSE TRAINER EXECUTIVE","NURSE","","",""
"NURSING","DIRECTOR OF NURSING","","",""
"NURSING DIRECTOR","DIRECTOR OF NURSING","","",""
"NURSING HOME ADMINISTRATOR","ADMINISTRATOR","","",""
"NURSING MANAGER","MANAGER","","",""
"NURSING SUPERVISOR","NURSE","","",""
"NVOP BOARD MEMBER","BOARD MEMBER","","",""
"NWF REPRESENTATIVE","BOARD MEMBER","","",""
"NYSARC AND INC AND BOARD OF GOVERNOR","BOARD MEMBER","","",""
"NYSARC BOARD OF GV","BOARD MEMBER","","",""
"O AND TRUSTEE TITLE","NO TITLE","","",""
"OA LODGE CHIEF","CHIEF","","",""
"OAHU DIRECTOR","DIRECTOR","","",""
"OB AND GYN","DOCTOR","","",""
"OB AND GYN DIRECTOR","DIRECTOR","","",""
"OB AND GYN PHYSICIAN","DOCTOR","","",""
"OB GYN","DOCTOR","","",""
"OBGYN","DOCTOR","","",""
"OBSERVER","BOARD MEMBER","","",""
"OBSTETRICIAN","DOCTOR","","",""
"OCCUPATIONAL THERAPIST","THERAPIST","","",""
"OCP DIRECTOR","DIRECTOR","","",""
"ODF DIRECTOR","BOARD MEMBER","","",""
"OF COUNSEL","BOARD MEMBER","","",""
"OF TITLE","NO TITLE","","",""
"OFFICE ADMINISTRATION","OFFICE ADMINISTRATOR","","",""
"OFFICE ADMINISTRATOR","OFFICE ADMINISTRATOR","","",""
"OFFICE ASSISTANT","ADMINISTRATIVE ASSISTANT","","",""
"OFFICE CLERK","CLERK","","",""
"OFFICE COORDINATOR","COORDINATOR","","",""
"OFFICE DIRECTOR","DIRECTOR","","",""
"OFFICE MANAGEMENT","OFFICE MANAGER","","",""
"OFFICE MANAGER","OFFICE MANAGER","","",""
"OFFICE SECRETARY","SECRETARY","","",""
"OFFICE STAFF","STAFF","","",""
"OFFICER","BOARD MEMBER","","",""
"OFFICER AT L","BOARD MEMBER","","",""
"OFFICER CHAIR","BOARD MEMBER","","",""
"OFFICER COORDINATOR","BOARD MEMBER","","",""
"OFFICER DIRECTOR","DIRECTOR","","",""
"OFFICER MANAGER","MANAGER","","",""
"OFFICER MEMBER","BOARD MEMBER","","",""
"OFFICER OF BOARD","BOARD MEMBER","","",""
"OFFICER OF BOARD OF DIRECTOR","DIRECTOR","","",""
"OFFICER OF DAY","BOARD MEMBER","","",""
"OFFICER OF TRUSTEE","BOARD MEMBER","","",""
"OFFICER PRESIDENT","BOARD PRESIDENT","","",""
"OFFICER REPRESENTATIVE","BOARD MEMBER","","",""
"OFFICER SECRETARY","BOARD SECRETARY","","",""
"OFFICER TREASURER","BOARD TREASURER","","",""
"OFFICIO AND A","BOARD MEMBER","","","6"
"OFFICIO BOARD MEMBER","BOARD MEMBER","","","5"
"OFFICIO M","BOARD MEMBER","","","18"
"OFFICIO MEMBER","BOARD MEMBER","","","19"
"OFFICIO TRUSTEE","BOARD MEMBER","","","6"
"OFICIO","BOARD MEMBER","","",""
"OMBUDSMAN","BOARD MEMBER","","",""
"OMEGA","BOARD MEMBER","","",""
"OMICRON","BOARD MEMBER","","",""
"ON PREMISE SIGN DIRECTOR","DIRECTOR","","",""
"ON SITE DIRECTOR","DIRECTOR","","",""
"ONCOLOGIST","DOCTOR","","",""
"OPERATING BOARD","BOARD MEMBER","","",""
"OPERATING COMMITTEE","BOARD MEMBER","","",""
"OPERATING COMMITTEE MEMBER","BOARD MEMBER","","",""
"OPERATING DIRECTOR","DIRECTOR","","",""
"OPERATING MANAGER","MANAGER","","",""
"OPERATING OFFICER","CHIEF OPERATING OFFICER","","",""
"OPERATIONS","OPERATIONS","","","9"
"OPERATIONS ADMINISTRATOR","OPERATIONS MANAGER","","",""
"OPERATIONS ADVISOR","OPERATIONS","","",""
"OPERATIONS AND FINANCE DIRECTOR","DIRECTOR","","",""
"OPERATIONS ASSISTANT","OPERATIONS","subordinate","assistant",""
"OPERATIONS CHAIR","OPERATIONS","committee","chair",""
"OPERATIONS CHIEF","CHIEF","","",""
"OPERATIONS COMMITTEE","BOARD MEMBER","","",""
"OPERATIONS COMMITTEE CHAIR","OPERATIONS","committee","chair",""
"OPERATIONS CONSULTANT","OPERATIONS","","",""
"OPERATIONS COORDINATOR","OPERATIONS","","",""
"OPERATIONS DIRECTOR","DIRECTOR OF OPERATIONS","","","*if no officer flag"
"OPERATIONS EXECUTIVE","OPERATIONS","","",""
"OPERATIONS FOREMAN","OPERATIONS","","",""
"OPERATIONS GROUP REPRESENTATIVE","OPERATIONS","","",""
"OPERATIONS LEAD","OPERATIONS","","",""
"OPERATIONS M","OPERATIONS","","",""
"OPERATIONS MANAGEMENT","OPERATIONS","","",""
"OPERATIONS MANAGER","OPERATIONS MANAGER","","","*if no officer flag"
"OPERATIONS MEMBER","OPERATIONS","","",""
"OPERATIONS O","OPERATIONS","","",""
"OPERATIONS OFFICER","OPERATIONS","","",""
"OPERATIONS PRESIDENT","OPERATIONS","","",""
"OPERATIONS REPRESENTATIVE","OPERATIONS","","",""
"OPERATIONS SECRETARY","OPERATIONS","","",""
"OPERATIONS SENIOR DIRECTOR","DIRECTOR","","",""
"OPERATIONS SUPERINTENDENT","OPERATIONS","","",""
"OPERATIONS SUPERVISOR","OPERATIONS","","",""
"OPERATIONS TREASURER","BOARD TREASURER","","",""
"OPERATIONS TRUSTEE","OPERATIONS","","",""
"OPERATIONS V","OPERATIONS","","",""
"OPERATIONS VICE CHAIR","OPERATIONS","committee","chair",""
"OPERATIONS VICE PRESIDENT","OPERATIONS","","",""
"OR DIRECTOR","DIRECTOR","","",""
"ORATOR","BOARD MEMBER","","",""
"ORCH REPRESENTATIVE","BOARD MEMBER","","",""
"ORCHESTRA DIRECTOR","DIRECTOR","","",""
"ORCHESTRA MANAGER","MANAGER","","",""
"ORCHESTRA PARENT REPRESENTATIVE","BOARD MEMBER","","",""
"ORCHESTRA REPRESENTATIVE","BOARD MEMBER","","",""
"ORCHESTRA VICE PRESIDENT","BOARD VICE PRESIDENT","","",""
"ORDINARY MEMBER","BOARD MEMBER","","",""
"ORGANIST","BOARD MEMBER","","",""
"ORGANIZATION","BOARD MEMBER","","",""
"ORGANIZATION AND EXECUTIVE VICE PRESIDENT","BOARD VICE PRESIDENT","","",""
"ORGANIZATION DIRECTOR","ORGANIZATION DIRECTOR","","","9"
"ORGANIZATIONAL DIRECTOR","DIRECTOR","","",""
"ORGANIZATIONAL MEMBER","BOARD MEMBER","","",""
"ORGANIZER","ORGANIZER","","","5"
"ORGANIZER AND DIRECTOR","DIRECTOR","","",""
"ORGANIZING","ORGANIZER","","",""
"ORGANIZING CHAIR","BOARD MEMBER","","",""
"ORGANIZING DIRECTOR","DIRECTOR","","",""
"ORGANIZING SECRETARY","BOARD SECRETARY","","",""
"ORIENTAL GUI","BOARD MEMBER","","",""
"ORIENTAL GUIDE","BOARD MEMBER","","","4"
"ORTHOPAEDIC SURGEON","DOCTOR","","","DOCTOR"
"ORTHOPEDIC PHYSICIAN","DOCTOR","","",""
"ORTHOPEDIC SURGEON","DOCTOR","","","5"
"ORTHOPEDIST","DOCTOR","","",""
"OTHER","BOARD MEMBER","","",""
"OTHER DIRECTOR","BOARD MEMBER","","",""
"OTHER MEMBER","BOARD MEMBER","","",""
"OTHER OFFICER","BOARD MEMBER","","",""
"OUTER GUARD","BOARD MEMBER","","",""
"OUTGOING","OUTGOING","","",""
"OUTPATIENT THERAPIST AND CO-OPERATIONS BOARD DIRECTOR","DIRECTOR","duplex","co",""
"OUTREACH","BOARD MEMBER","","",""
"OUTREACH CHAIR","BOARD MEMBER","committee","chair",""
"OUTREACH CO-CHAIR","BOARD MEMBER","duplex","co",""
"OUTREACH COMMITTEE","BOARD MEMBER","","",""
"OUTREACH COMMITTEE CHAIR","BOARD MEMBER","committee","chair",""
"OUTREACH COORDINATOR","COORDINATOR","","",""
"OUTREACH DIRECTOR","OUTREACH DIRECTOR","","",""
"OUTREACH MANAGER","OUTREACH MANAGER","","",""
"OUTSIDE BOARD MEMBER","BOARD MEMBER","","",""
"OUTSIDE DIRECTOR","DIRECTOR","","",""
"OUTSIDE GUAR","BOARD MEMBER","","",""
"OUTSIDE GUARD","BOARD MEMBER","","","4"
"OUTSIDE MEMBER","BOARD MEMBER","","",""
"OVERSEER","BOARD MEMBER","","",""
"OWCP REPRESENTATIVE","BOARD MEMBER","","",""
"OWNER","BOARD MEMBER","","",""
"OWNER AND DIRECTOR","DIRECTOR","","",""
"OWNER DIRECTOR","DIRECTOR","","",""
"OWNER REPRESENTATIVE","BOARD MEMBER","","",""
"P","BOARD MEMBER","","",""
"P AND DIRECTOR","DIRECTOR","","",""
"P AND TRUSTEE","BOARD MEMBER","","",""
"PAC","BOARD MEMBER","","",""
"PAC CHAIR","BOARD MEMBER","committee","chair",""
"PAC DIRECTOR","DIRECTOR","","",""
"PAC REPRESENTATIVE","BOARD MEMBER","","",""
"PAC TREASURER","BOARD TREASURER","","",""
"PAGEANT DIRECTOR","DIRECTOR","","",""
"PAID BY RELATIONS ORGANIZATION","NO TITLE","","",""
"PAID BY RELATIONS ORGANIZATIONS","BOARD MEMBER","","",""
"PAMG TRUSTEE","BOARD MEMBER","","",""
"PAN","BOARD MEMBER","","",""
"PANAMA REGIONAL AND BOARD MEMBER","BOARD MEMBER","","",""
"PANHELLENIC AFFAIRS VICE PRESIDENT","BOARD VICE PRESIDENT","","",""
"PANHELLENIC DEL","BOARD MEMBER","","","9"
"PANHELLENIC DELEGATE","BOARD MEMBER","","","5"
"PANHELLENIC VICE PRESIDENT","BOARD VICE PRESIDENT","","",""
"PANTRY COORDINATOR","BOARD MEMBER","","",""
"PANTRY DIRECTOR","DIRECTOR","","",""
"PANTRY MANAGER","MANAGER","","",""
"PANTRY REPRESENTATIVE","BOARD MEMBER","","",""
"PARADE CHAIR","BOARD MEMBER","","",""
"PARAMEDIC","PARAMEDIC","","",""
"PARENT","BOARD MEMBER","","",""
"PARENT AND BOARD MEMBER","BOARD MEMBER","","",""
"PARENT AND EXOFFICIO SCHOOL B","BOARD MEMBER","","",""
"PARENT BOARD MEMBER","BOARD MEMBER","","",""
"PARENT CHAIR","BOARD MEMBER","","",""
"PARENT COORDINATOR","BOARD MEMBER","","",""
"PARENT DIRECTOR","DIRECTOR","","",""
"PARENT LIAIS","BOARD MEMBER","","",""
"PARENT LIAISON","BOARD MEMBER","","",""
"PARENT MEMBER","BOARD MEMBER","","",""
"PARENT PRESIDENT","PRESIDENT","","",""
"PARENT REPRESENTATIVE","BOARD MEMBER","","","9"
"PARENT TRUSTEE","BOARD MEMBER","","",""
"PARK DIRECTOR","DIRECTOR","","",""
"PARK MANAGER","MANAGER","","",""
"PARLAMENTARI","BOARD MEMBER","","",""
"PARLAMENTARIAN","BOARD MEMBER","","",""
"PARLIAMENTARIAN","BOARD MEMBER","","",""
"PARLIMENTARI","BOARD MEMBER","","",""
"PARLIMENTARIAN","BOARD MEMBER","","",""
"PARTNER","CONSULTANT","","",""
"PARTNER DIRECTOR","DIRECTOR","","",""
"PARTNER REPRESENTATIVE","BOARD MEMBER","","",""
"PARTNERSHIP DIRECTOR","DIRECTOR","","",""
"PARTNERSHIPS DIRECTOR","DIRECTOR","","",""
"PASTOR","PASTOR","","","24"
"PASTOR AND DIRECTOR","DIRECTOR","","",""
"PASTOR AND PRESIDENT","PASTOR","","",""
"PASTOR DIRECTOR","DIRECTOR","","",""
"PASTOR PRESIDENT","PASTOR","","",""
"PASTORAL ADVISOR","BOARD MEMBER","","",""
"PASTPRESIDENT","BOARD MEMBER","","",""
"PATHOLOGIST","DOCTOR","","",""
"PATIENT CARE EXECUTIVE","CHIEF NURSING OFFICER","","",""
"PATIENT REPRESENTATIVE","BOARD MEMBER","","",""
"PATROL LEADER","BOARD MEMBER","","",""
"PATROL REPRESENTATIVE","BOARD MEMBER","","",""
"PATRON","BOARD MEMBER","","",""
"PAYMASTER","BOARD MEMBER","","",""
"PAYROLL MANAGER","MANAGER","","",""
"PC REPRESENTATIVE ALT","BOARD MEMBER","duplex","alternate",""
"PD","BOARD MEMBER","","",""
"PDC REPRESENTATIVE","BOARD MEMBER","","",""
"PEDIATRIC PHYSICIAN","DOCTOR","","",""
"PEDIATRIC SURGEON","DOCTOR","","",""
"PEDIATRICIAN","DOCTOR","","",""
"PEER REVIEW CHAIR","BOARD MEMBER","committee","chair",""
"PEER REVIEWER","BOARD MEMBER","","",""
"PEEWEE DIRECTOR","DIRECTOR","","",""
"PENSACOLA AND BOARD MEMBER","BOARD MEMBER","","",""
"PERFUSIONIST","PERFUSIONIST","","",""
"PERMANENT ADVISORY COMMITTEE","BOARD MEMBER","duplex","advisory",""
"PERMANENT DIRECTOR","DIRECTOR","","",""
"PERMANENT REPRESENTATIVE","BOARD MEMBER","","",""
"PERMANENT TRUSTEE","BOARD MEMBER","","",""
"PERSIDENT","BOARD PRESIDENT","","",""
"PERSONAL REPRESENTATIVE","BOARD MEMBER","","",""
"PERSONNEL","BOARD MEMBER","","",""
"PERSONNEL CHAIR","BOARD MEMBER","committee","chair","4"
"PERSONNEL COMMITTEE","BOARD MEMBER","","",""
"PERSONNEL COMMITTEE CHAIR","BOARD MEMBER","committee","chair",""
"PERSONNEL DIRECTOR","DIRECTOR","","",""
"PERSONNEL MANAGER","MANAGER","","",""
"PERSONNEL SECRETARY","BOARD MEMBER","","",""
"PESIDENT","BOARD PRESIDENT","","",""
"PH CEO","BOARD MEMBER","","",""
"PH CFO","CHIEF FINANCIAL OFFICER","","",""
"PH CHIEF ADMINISTRATION OFFICER","CHIEF","","",""
"PH PHYSICIAN","DOCTOR","","",""
"PH PRESIDENT","CEO","","",""
"PH SENIOR VICE PRESIDENT","SENIOR VICE PRESIDENT","","",""
"PHARMACIST","PHARMACIST","","",""
"PHARMACIST IN CHARGE","PHARMACIST","","",""
"PHARMACY","MEDICAL DIRECTOR","","",""
"PHARMACY DIRECTOR","MEDICAL DIRECTOR","","",""
"PHARMACY MANAGER","PHARMACIST","","",""
"PHARMACY SERVICES","PHARMACIST","","",""
"PHASE REPRESENTATIVE","BOARD MEMBER","","",""
"PHC","BOARD MEMBER","","",""
"PHI","BOARD MEMBER","","",""
"PHILANTHROPY","PHILANTHROPY","","","Communications?"
"PHILANTHROPY CHAIR","BOARD MEMBER","","",""
"PHILANTHROPY COORDINATOR","BOARD MEMBER","","",""
"PHILANTHROPY DIRECTOR","DIRECTOR","","",""
"PHILD","BOARD MEMBER","","",""
"PHOTOGRAPHER","BOARD MEMBER","","",""
"PHOTOGRAPHY","BOARD MEMBER","","",""
"PHS PRESIDENT AND CEO","CEO","","",""
"PHYCHIATRIST","DOCTOR","","",""
"PHYS PRACTICE","DOCTOR","","",""
"PHYSCIAN","DOCTOR","","",""
"PHYSIATRIST","DOCTOR","","",""
"PHYSICAL","THERAPIST","","",""
"PHYSICAL SCIENCES REPRESENTATIVE","BOARD MEMBER","","",""
"PHYSICAL THERAPIST","THERAPIST","","","4"
"PHYSICAN","DOCTOR","","",""
"PHYSICIAN","DOCTOR","","",""
"PHYSICIAN ADVISOR","DOCTOR","","",""
"PHYSICIAN AND BOARD DIRECTOR","BOARD MEMBER","","",""
"PHYSICIAN AND BOARD MEMBER","DOCTOR","","",""
"PHYSICIAN AND CARDIOLOGY","DOCTOR","","",""
"PHYSICIAN AND DIRECTOR","DIRECTOR","","",""
"PHYSICIAN AND MEDICAL DIRECTOR","DIRECTOR","","",""
"PHYSICIAN AND OB AND GYN","DOCTOR","","",""
"PHYSICIAN AND PROFESSOR","DOCTOR","","",""
"PHYSICIAN AND TRUSTEE","DOCTOR","","",""
"PHYSICIAN AS","DOCTOR","","",""
"PHYSICIAN ASSISTANT","DOCTOR","subordinate","assistant","5"
"PHYSICIAN DIRECTOR","DIRECTOR","","",""
"PHYSICIAN EMPLOYEE","DOCTOR","","",""
"PHYSICIAN HOSPITALIST","DOCTOR","","",""
"PHYSICIAN MEMBER","BOARD MEMBER","","",""
"PHYSICIAN OB AND GYN","DOCTOR","","",""
"PHYSICIAN RADATION ONCOLOGY","BOARD MEMBER","","",""
"PHYSICIAN REPRESENTATIVE","BOARD MEMBER","","",""
"PHYSICIAN RETIREE","BOARD MEMBER","","",""
"PHYSICIAN REVIEWER","BOARD MEMBER","","",""
"PHYSICIAN SCH JUNIOR","BOARD MEMBER","subordinate","junior",""
"PHYSICIAN SPECIALTY","BOARD MEMBER","","",""
"PHYSICIAN SURGEON","DOCTOR","","","4"
"PHYSICIAN TRUSTEE","BOARD MEMBER","","",""
"PHYSICIAN'S ASSISTANT","DOCTOR","subordinate","assistant","health care operations category needed? otherwise, better to nurse?"
"PHYSICIAN: SPECIALTY","BOARD MEMBER","","",""
"PHYSICIANS ASSISTANT","DOCTOR","subordinate","assistant",""
"PHYSICIST","SCIENTIST","","",""
"PI","BOARD MEMBER","","",""
"PIHL REPRESENTATIVE","BOARD MEMBER","","",""
"PILOT","PILOT","","",""
"PINELLAS AND BOARD MEMBER","BOARD MEMBER","","",""
"PIPE MAJOR","BOARD MEMBER","","",""
"PISTOL DIRECTOR","DIRECTOR","","",""
"PLACE","BOARD MEMBER","","",""
"PLACE MEMBER","BOARD MEMBER","","",""
"PLACEMENT CHAIR","BOARD MEMBER","","",""
"PLACEMENT DIRECTOR","DIRECTOR","","",""
"PLAN ADMINISTRATION","FUND ADMINISTRATOR","","",""
"PLAN ADMINISTRATOR","FUND ADMINISTRATOR","","",""
"PLAN DIRECTOR","DIRECTOR","","",""
"PLAN MANAGER","MANAGER","","",""
"PLANNING","BOARD MEMBER","","",""
"PLANNING CHAIR","BOARD MEMBER","","",""
"PLANNING COMMITTEE","BOARD MEMBER","","",""
"PLANNING COMMITTEE CHAIR","BOARD MEMBER","committee","chair",""
"PLANNING DIRECTOR","DIRECTOR","","",""
"PLANT MANAGER","MANAGER","","",""
"PLANT OPERATIONS","OPERATIONS","","",""
"PLANT REPRESENTATIVE","BOARD MEMBER","","",""
"PLATINUM DIRECTOR","DIRECTOR","","",""
"PLATOON REPRESENTATIVE","BOARD MEMBER","","",""
"PLAYER AGENT","BOARD MEMBER","","","15"
"PLAYER AND DIRECTOR","DIRECTOR","","",""
"PLAYER DEVELOPMENT","BOARD MEMBER","","",""
"PLAYER DEVELOPMENT DIRECTOR","DIRECTOR","","",""
"PLAYER DIRECTOR","DIRECTOR","","",""
"PLAYER REPRESENTATIVE","BOARD MEMBER","","",""
"PLAYERS AGENT","BOARD MEMBER","","",""
"PLAYERS REPRESENTATIVE","BOARD MEMBER","","",""
"PLEDGEHOLDER","BOARD MEMBER","","",""
"PMAA DIRECTOR","BOARD MEMBER","","",""
"PMSI DIRECTOR","DIRECTOR","","",""
"PNC","BOARD MEMBER","","",""
"PO BOX AND LORDSBURG OF REGIONAL","NO TITLE","","",""
"POCAHONTAS","BOARD PRESIDENT","","",""
"PODIATRIST","DOCTOR","","",""
"POL DIRECTOR","DIRECTOR","","",""
"POLICE CHIEF","CHIEF","","",""
"POLICY CHAIR","BOARD MEMBER","committee","chair",""
"POLICY COMMITTEE","BOARD MEMBER","","",""
"POLICY COMMITTEE CHAIR","BOARD MEMBER","committee","chair",""
"POLICY COUNC","BOARD MEMBER","","",""
"POLICY COUNCIL","BOARD MEMBER","","",""
"POLICY COUNCIL CHAIR","BOARD MEMBER","","",""
"POLICY COUNCIL MEMBER","BOARD MEMBER","","",""
"POLICY COUNCIL REPRESENTATIVE","BOARD MEMBER","","",""
"POLICY DIRECTOR","DIRECTOR","","",""
"POLITICAL DIRECTOR","POLITICAL DIRECTOR","","","4"
"POLITICAL REPRESENTATIVE","BOARD MEMBER","","",""
"POOL","BOARD MEMBER","","",""
"POOL CHAIR","BOARD MEMBER","","",""
"POOL DIRECTOR","DIRECTOR","","",""
"POOL MANAGER","MANAGER","","",""
"POOL OPERATIONS","OPERATIONS","","",""
"PORT CAPTAIN","BOARD MEMBER","","",""
"PORTFOLIO MANAGER","MANAGER","","",""
"POS","BOARD MEMBER","","",""
"POSITION","BOARD MEMBER","","",""
"POST ADJUTAN","BOARD SECRETARY","","",""
"POST ADJUTANT","BOARD SECRETARY","","",""
"POST CHAPLAIN","BOARD MEMBER","","",""
"POST COMMAND","BOARD PRESIDENT","","",""
"POST COMMANDER","BOARD PRESIDENT","","","5"
"POST DIRECTOR","DIRECTOR","","",""
"POST FINANCE OFFICER","BOARD TREASURER","","",""
"POST JUNIOR VICE COMMANDER","BOARD VICE PRESIDENT","","",""
"POST QUARTERMASTER","BOARD TREASURER","","",""
"POST SENIOR VICE COMMANDER","BOARD VICE PRESIDENT","","",""
"POST SERVICE OFFICER","BOARD MEMBER","","",""
"POST TRUSTEE","BOARD MEMBER","","",""
"POTENTATE","BOARD PRESIDENT","","","4"
"POTOMAC CHESAPEAKE DIRECTOR","DIRECTOR","","",""
"POWHATAN","BOARD MEMBER","","",""
"PRACTICE DIRECTOR","DIRECTOR","","",""
"PRACTICE DIVISION DIRECTOR","DIRECTOR","","",""
"PRACTICE MANAGER","MANAGER","","",""
"PRACTITIONER DIRECTOR","DIRECTOR","","",""
"PRAZE VICE PRESIDENT","BOARD VICE PRESIDENT","","",""
"PRC","BOARD MEMBER","","",""
"PRD","BOARD MEMBER","","",""
"PREDIDENT","BOARD PRESIDENT","","",""
"PREIDENT","BOARD PRESIDENT","","",""
"PREISDENT","BOARD PRESIDENT","","",""
"PRELATE","BOARD MEMBER","","","6"
"PREPAREDNESS COORDINATOR","BOARD MEMBER","","",""
"PRESBYTER","BOARD MEMBER","","",""
"PRESCEO","BOARD MEMBER","","",""
"PRESCHOOL DIRECTOR","DIRECTOR","","",""
"PRESDENT","BOARD PRESIDENT","","",""
"PRESDIDENT","BOARD PRESIDENT","","",""
"PRESDIE","BOARD MEMBER","","",""
"PRESDIENT","BOARD PRESIDENT","","",""
"PRESDIRECTOR","BOARD PRESIDENT","","",""
"PRESEDENT","BOARD PRESIDENT","","",""
"PRESEIDENT","BOARD PRESIDENT","","",""
"PRESENT","BOARD MEMBER","","",""
"PRESIDENT","BOARD PRESIDENT","","","*if trustee flag is true, sanity check all board positions with trustee flag"
"PRESIDENT +","BOARD MEMBER","","",""
"PRESIDENT A","BOARD PRESIDENT","","",""
"PRESIDENT ADVISOR","BOARD MEMBER","","",""
"PRESIDENT AN","PRESIDENT","","","4"
"PRESIDENT AND ASSISTANT CHIEF","CHIEF","subordinate","assistant",""
"PRESIDENT AND B","BOARD PRESIDENT","","",""
"PRESIDENT AND BA","PRESIDENT","","",""
"PRESIDENT AND BOARD","BOARD PRESIDENT","","",""
"PRESIDENT AND BOARD OF TRUSTEES","BOARD PRESIDENT","","",""
"PRESIDENT AND BU","PRESIDENT","","",""
"PRESIDENT AND BUSINESS AGENT","PRESIDENT","","",""
"PRESIDENT AND CHAIR","PRESIDENT","","",""
"PRESIDENT AND CHIEF STEWARD","CHIEF","","",""
"PRESIDENT AND COACH","BOARD PRESIDENT","","",""
"PRESIDENT AND COMMANDER","BOARD PRESIDENT","","",""
"PRESIDENT AND CPO","PRESIDENT","","",""
"PRESIDENT AND DE","BOARD PRESIDENT","","",""
"PRESIDENT AND DELEGATE","BOARD PRESIDENT","","",""
"PRESIDENT AND DIRECTOR","DIRECTOR","","",""
"PRESIDENT AND E","BOARD PRESIDENT","","",""
"PRESIDENT AND EXECUTIVE COMMITTEE","BOARD PRESIDENT","","",""
"PRESIDENT AND FINANCE","BOARD PRESIDENT","","",""
"PRESIDENT AND FIRE CHIEF","CHIEF","","",""
"PRESIDENT AND FOUNDATION","PRESIDENT","","",""
"PRESIDENT AND HEAD OF SCHOOL","CEO","","",""
"PRESIDENT AND MEDICAL STAFF","PRESIDENT OF MEDICAL STAFF","","",""
"PRESIDENT AND MINISTER","PASTOR","","",""
"PRESIDENT AND ORGANIZER","PRESIDENT","","",""
"PRESIDENT AND P","BOARD PRESIDENT","","",""
"PRESIDENT AND PART TIME","BOARD PRESIDENT","","",""
"PRESIDENT AND PASTOR","PASTOR","","",""
"PRESIDENT AND REGIONAL","PRESIDENT","regional","regional","4"
"PRESIDENT AND REGIONAL COMMUNITIES","PRESIDENT","","",""
"PRESIDENT AND S","BOARD PRESIDENT","","",""
"PRESIDENT AND TREASURER","BOARD PRESIDENT","","",""
"PRESIDENT AND TREASURER AND AND DIRECTOR","DIRECTOR","","",""
"PRESIDENT APPOINTEE","BOARD MEMBER","","",""
"PRESIDENT APPOINTEE: OUTSIDE ORGANIZATION REPRESENTATIVE","BOARD MEMBER","","",""
"PRESIDENT APPOINTMENT","BOARD MEMBER","","",""
"PRESIDENT ARTISTIC DIRECTOR","DIRECTOR","","",""
"PRESIDENT BOARD","BOARD PRESIDENT","","",""
"PRESIDENT BOARD CHAIR","BOARD PRESIDENT","","",""
"PRESIDENT BOARD MEMBER","BOARD PRESIDENT","","",""
"PRESIDENT BOARD OF DIRECTOR","DIRECTOR","","",""
"PRESIDENT BOARD OF TRUSTEES","BOARD PRESIDENT","","",""
"PRESIDENT CEO","CEO","","","should be split to president of board and ceo"
"PRESIDENT CEO DIRECTOR","DIRECTOR","","",""
"PRESIDENT CHAIR","BOARD PRESIDENT","","",""
"PRESIDENT COMMITTEE","BOARD PRESIDENT","","",""
"PRESIDENT COUNCIL","BOARD MEMBER","","",""
"PRESIDENT DESIGNATE","BOARD VICE PRESIDENT","","",""
"PRESIDENT DIRECTOR","BOARD PRESIDENT","","",""
"PRESIDENT DIRECTOR OF BUSINESS REPRESENTATIVE","DIRECTOR","","",""
"PRESIDENT DIVISION","BOARD MEMBER","","",""
"PRESIDENT E","BOARD VICE PRESIDENT","","",""
"PRESIDENT ELEC","BOARD VICE PRESIDENT","","",""
"PRESIDENT EXECUTIVE","BOARD PRESIDENT","","",""
"PRESIDENT EXECUTIVE DIRECTOR","EXECUTIVE DIRECTOR","","",""
"PRESIDENT F","BOARD MEMBER","","",""
"PRESIDENT FOUNDATION","PRESIDENT","","",""
"PRESIDENT FY","BOARD PRESIDENT","","",""
"PRESIDENT GENERAL","BOARD PRESIDENT","","",""
"PRESIDENT GENERAL MANAGER","MANAGER","","",""
"PRESIDENT IN","BOARD PRESIDENT","","",""
"PRESIDENT JUNIOR","BOARD PRESIDENT","","",""
"PRESIDENT KLEF","BOARD MEMBER","","",""
"PRESIDENT MANAGER","MANAGER","","",""
"PRESIDENT MED STAFF","PRESIDENT OF MEDICAL STAFF","","",""
"PRESIDENT MEDICAL STAFF","PRESIDENT OF MEDICAL STAFF","","",""
"PRESIDENT MEMBER","BOARD MEMBER","","",""
"PRESIDENT NO","BOARD PRESIDENT","","",""
"PRESIDENT NOMINEE","BOARD MEMBER","","",""
"PRESIDENT OF BOARD","BOARD PRESIDENT","","",""
"PRESIDENT OF BOARD OF DIRECTOR","DIRECTOR","","",""
"PRESIDENT OF COLLEGE","PRESIDENT","","",""
"PRESIDENT OF FOUNDATION","PRESIDENT","","",""
"PRESIDENT OF MED STAFF","PRESIDENT OF MEDICAL STAFF","","",""
"PRESIDENT OF MEDICAL STAFF","PRESIDENT OF MEDICAL STAFF","","","4"
"PRESIDENT OF OPERATIONS","OPERATIONS","","",""
"PRESIDENT P","BOARD PRESIDENT","","",""
"PRESIDENT PART TIME","BOARD PRESIDENT","","",""
"PRESIDENT PASTOR","PASTOR","","",""
"PRESIDENT POST ACUTE","BOARD MEMBER","","",""
"PRESIDENT PRESIDENT","BOARD PRESIDENT","","",""
"PRESIDENT PRO TEM","BOARD VICE PRESIDENT","","",""
"PRESIDENT PT","BOARD PRESIDENT","","",""
"PRESIDENT REGIONAL","BOARD MEMBER","regional","regional",""
"PRESIDENT REGIONAL F","BOARD MEMBER","","",""
"PRESIDENT REPRESENTATIVE","BOARD MEMBER","","",""
"PRESIDENT SCH O","PRESIDENT","","",""
"PRESIDENT SECRETARY","BOARD PRESIDENT","","",""
"PRESIDENT TH","BOARD PRESIDENT","","",""
"PRESIDENT TILL","BOARD PRESIDENT","","",""
"PRESIDENT TREASURER","BOARD PRESIDENT","","","4"
"PRESIDENT TREASURER DIRECTOR","DIRECTOR","","",""
"PRESIDENT TRUSTEE","BOARD PRESIDENT","","",""
"PRESIDENT VOTING","BOARD MEMBER","","",""
"PRESIDENT'S COUNCIL","BOARD MEMBER","","",""
"PRESIDING JU","BOARD PRESIDENT","","",""
"PRESIDING JUSTICE","BOARD PRESIDENT","","",""
"PRESIDING OFFICER","BOARD PRESIDENT","","",""
"PRESS SECRETARY","BOARD MEMBER","","",""
"PREV EXECUTIVE DIRECTOR","EXECUTIVE DIRECTOR","","",""
"PRGM DIRECTOR","DIRECTOR","","",""
"PRIEST","PASTOR","","",""
"PRIMARY","BOARD MEMBER","","",""
"PRIMARY CARE PHYSICIAN","DOCTOR","","",""
"PRIMARY DIRECTOR","BOARD MEMBER","","",""
"PRIMARY RECRUITMENT DIRECTOR","BOARD MEMBER","","",""
"PRINCIPAL","PRINCIPAL","","",""
"PRINCIPAL AND CEO","CEO","","",""
"PRINCIPAL AND DIRECTOR","DIRECTOR","","",""
"PRINCIPAL AND EXECUTIVE DIRECTOR","EXECUTIVE DIRECTOR","","",""
"PRINCIPAL COUNCILLOR","BOARD MEMBER","","",""
"PRINCIPAL DIRECTOR","DIRECTOR","","",""
"PRINCIPAL IN","PRINCIPAL","","",""
"PRINCIPAL INVESTIGATOR","SCIENTIST","","",""
"PRINCIPAL OFFICER","BOARD PRESIDENT","","","6"
"PRINCIPAL SCIENTIST","SCIENTIST","","",""
"PRISIDENT","BOARD PRESIDENT","","",""
"PRIVACY OFFICER","COMPLIANCE OFFICER","","",""
"PRIVATE DIRECTOR","DIRECTOR","","",""
"PRIVATE SECT","BOARD MEMBER","","",""
"PRIVATE SECTOR","BOARD MEMBER","","",""
"PRIVATE SECTOR BOARD MEMBER","BOARD MEMBER","","",""
"PRIVATE SECTOR TRUSTEE","BOARD MEMBER","","",""
"PRO","BOARD MEMBER","","",""
"PRO BONO DIRECTOR","DIRECTOR","","",""
"PROCUREMENT DIRECTOR","DIRECTOR","","",""
"PROD ARTISTIC DIRECTOR","ARTISTIC DIRECTOR","","",""
"PRODUCER","PRODUCER","","",""
"PRODUCER DIRECTOR","DIRECTOR","","",""
"PRODUCER MEMBER","BOARD MEMBER","","",""
"PRODUCER TRUSTEE","BOARD MEMBER","","",""
"PRODUCING ARTISTIC DIRECTOR","ARTISTIC DIRECTOR","","",""
"PRODUCING DIRECTOR","PRODUCING DIRECTOR","","",""
"PRODUCT MANAGER","MANAGER","","",""
"PRODUCT SECTION CHAIR","BOARD MEMBER","","",""
"PRODUCTION","BOARD MEMBER","","",""
"PRODUCTION ASSISTANT","PRODUCTION ASSISTANT","subordinate","assistant",""
"PRODUCTION DIRECTOR","DIRECTOR","","",""
"PRODUCTION MANAGER","PRODUCTION MANAGER","","",""
"PROF","PROFESSOR","","",""
"PROF DEVELOPMENT","BOARD MEMBER","","",""
"PROF DEVELOPMENT CHAIR","BOARD MEMBER","","",""
"PROF DEVELOPMENT DIRECTOR","BOARD MEMBER","","",""
"PROF OF LAW","PROFESSOR","","",""
"PROFESSIONAL","BOARD MEMBER","","",""
"PROFESSIONAL DEVELOPMENT","BOARD MEMBER","","",""
"PROFESSIONAL DEVELOPMENT CHAIR","BOARD MEMBER","","",""
"PROFESSIONAL DEVELOPMENT DIRECTOR","DIRECTOR","","",""
"PROFESSIONAL DIRECTOR","DIRECTOR","","",""
"PROFESSIONAL STAFF","STAFF","","",""
"PROFESSIONAL VICE PRESIDENT","BOARD VICE PRESIDENT","","",""
"PROFESSIONALS DIRECTOR","DIRECTOR","","",""
"PROFESSOR","PROFESSOR","","","11"
"PROFESSOR AND CHAIR","PROFESSOR","","",""
"PROFESSOR AND PHYSICIAN","DOCTOR","","",""
"PROFESSOR OF ECONOMICS","PROFESSOR","","",""
"PROFESSOR OF LAW","PROFESSOR","","",""
"PROGRAMMING","BOARD MEMBER","","","*weird instance of a board member"
"PROGRAMMING CHAIR","BOARD MEMBER","","",""
"PROGRAMMING CHAIR AND REGIONAL","BOARD MEMBER","","",""
"PROGRAMMING CO-CHAIR","BOARD MEMBER","committee","chair",""
"PROGRAMMING COMMITTEE CO-CHAIR","BOARD MEMBER","duplex","co",""
"PROGRAMMING DIRECTOR","DIRECTOR","","",""
"PROGRAMMING VICE PRESIDENT","BOARD VICE PRESIDENT","","",""
"PROGRAMS","BOARD MEMBER","","",""
"PROGRAMS ADMINISTRATION","PROGRAMS MANAGER","","",""
"PROGRAMS ADMINISTRATOR","PROGRAMS MANAGER","","",""
"PROGRAMS ADVISOR","BOARD MEMBER","","",""
"PROGRAMS ASSISTANT","ASSISTANT","","",""
"PROGRAMS CHAIR","BOARD MEMBER","committee","chair",""
"PROGRAMS CO-DIRECTOR","DIRECTOR","duplex","co",""
"PROGRAMS COMMITTEE","BOARD MEMBER","","",""
"PROGRAMS COMMITTEE CHAIR","BOARD MEMBER","committee","chair",""
"PROGRAMS COMMITTEE CO-CHAIR","BOARD MEMBER","duplex","co",""
"PROGRAMS COORDINATOR","PROGRAMS COORDINATOR","","",""
"PROGRAMS DEVELOPMENT","BOARD MEMBER","","",""
"PROGRAMS DIRECTOR","DIRECTOR OF PROGRAMS","","",""
"PROGRAMS EMPLOYEE","BOARD MEMBER","","",""
"PROGRAMS LEAD","BOARD MEMBER","","",""
"PROGRAMS LEADER","PROGRAMS MANAGER","","",""
"PROGRAMS MANAGEMENT","BOARD MEMBER","","",""
"PROGRAMS MANAGER","PROGRAMS MANAGER","","",""
"PROGRAMS OFFICER","PROGRAMS OFFICER","","",""
"PROGRAMS REPRESENTATIVE","BOARD MEMBER","","",""
"PROGRAMS SECRETARY","BOARD MEMBER","","",""
"PROGRAMS SPECIALIST","PROGRAMS","","",""
"PROGRAMS SUPERVISOR","PROGRAMS MANAGER","","",""
"PROGRAMS VICE PRESIDENT","BOARD VICE PRESIDENT","","",""
"PROJECTS","BOARD MEMBER","","",""
"PROJECTS CHAIR","BOARD MEMBER","committee","chair",""
"PROJECTS COORDINATOR","BOARD MEMBER","","",""
"PROJECTS DIRECTOR","PROJECTS DIRECTOR","","","4"
"PROJECTS MANAGEMENT","PROJECT MANAGER","","",""
"PROJECTS MANAGER","PROJECT MANAGER","","",""
"PROJECTS OFFICER","BOARD MEMBER","","",""
"PROJECTS VICE PRESIDENT","VICE PRESIDENT OF PROJECTS","","","5"
"PROMOTION","BOARD MEMBER","","",""
"PROMOTION AND EDUCATION REPRESENTATIVE","BOARD MEMBER","","",""
"PROMOTIONS","BOARD MEMBER","","",""
"PROPERTIES","BOARD MEMBER","","",""
"PROPERTY","BOARD MEMBER","","",""
"PROPERTY CHAIR","BOARD MEMBER","","",""
"PROPERTY COMMITTEE","BOARD MEMBER","","",""
"PROPERTY COORDINATOR","BOARD MEMBER","","",""
"PROPERTY DIRECTOR","DIRECTOR","","",""
"PROPERTY MANAGEMENT","BOARD MEMBER","","",""
"PROPERTY MANAGER","MANAGER","","",""
"PROPHET","BOARD MEMBER","","",""
"PROPHETESS","BOARD MEMBER","","",""
"PROVIDER","BOARD MEMBER","","",""
"PROVINCE DIRECTOR AND REGIONAL","BOARD MEMBER","","",""
"PROVOST","PROVOST","","",""
"PROVOST AND DEAN OF COLLEGE","PROVOST","","",""
"PROVOST AND DEAN OF FACULTY","PROVOST","","",""
"PROVOST AND EXECUTIVE VICE PRESIDENT","PROVOST","","",""
"PROVOST AND SENIOR VICE PRESIDENT","PROVOST","","",""
"PROVOST AND SENIOR VICE PRESIDENT OF ACADEMICS AFFAIRS","PROVOST","","",""
"PROVOST AND VICE PRESIDENT","PROVOST","","",""
"PROVOST AND VICE PRESIDENT ACADEMICS","PROVOST","","",""
"PROVOST AND VICE PRESIDENT OF ACADEMICS AFFAIRS","PROVOST","","",""
"PROVOST MARS","BOARD MEMBER","","",""
"PROVOST MARSHAL","BOARD MEMBER","","",""
"PROVOST MARSHALL","BOARD MEMBER","","",""
"PROXY","BOARD MEMBER","","",""
"PRSEIDENT","BOARD PRESIDENT","","",""
"PRSIDENT","BOARD PRESIDENT","","",""
"PS DIRECTOR","DIRECTOR","","",""
"PSHS JEB MEMBER","BOARD MEMBER","","",""
"PSI","BOARD MEMBER","","",""
"PSL BOARD MEMBER","BOARD MEMBER","","",""
"PSYCHIATRIC NURSE","NURSE","","",""
"PSYCHIATRIC NURSE PRACTITIONER","NURSE","","",""
"PSYCHIATRIST","DOCTOR","","",""
"PSYCHOLOGIST","THERAPIST","","",""
"PT","THERAPIST","","",""
"PT CFO AND CHIEF TRANSFORMATIONAL INVESTMENTS AND VALUE INTEGRATION OFFICER","CHIEF","","",""
"PT DIRECTOR","BOARD MEMBER","","",""
"PTA CAUCUS REPRESENTATIVE","BOARD MEMBER","","",""
"PTA COUNCIL REPRESENTATIVE","BOARD MEMBER","","",""
"PTA PRESIDENT","BOARD MEMBER","","",""
"PTA REPRESENTATIVE","BOARD MEMBER","","",""
"PTA SECRETARY","BOARD SECRETARY","","",""
"PTA TREASURER","BOARD TREASURER","","",""
"PTA VICE PRESIDENT","BOARD VICE PRESIDENT","","",""
"PTAC REPRESENTATIVE","BOARD MEMBER","","",""
"PTO PRESIDENT","BOARD MEMBER","","",""
"PTO REPRESENTATIVE","BOARD MEMBER","","",""
"PUBLIC AFFAIRS","BOARD MEMBER","","",""
"PUBLIC AFFAIRS DIRECTOR","DIRECTOR OF PUBLIC AFFAIRS","","",""
"PUBLIC AFFAIRS MANAGER","MANAGER","","",""
"PUBLIC BOARD MEMBER","BOARD MEMBER","","",""
"PUBLIC DIRECTOR","BOARD MEMBER","","",""
"PUBLIC IMAGE","BOARD MEMBER","","",""
"PUBLIC IMAGE CHAIR","BOARD MEMBER","","",""
"PUBLIC INFORMATION","BOARD MEMBER","","",""
"PUBLIC INFORMATION OFFICER","BOARD MEMBER","","",""
"PUBLIC MEMBER","BOARD MEMBER","","",""
"PUBLIC POLIC","BOARD MEMBER","","",""
"PUBLIC POLICY","BOARD MEMBER","","",""
"PUBLIC POLICY CHAIR","BOARD MEMBER","","",""
"PUBLIC POLICY DIRECTOR","DIRECTOR","","",""
"PUBLIC RELATIONS","BOARD MEMBER","","",""
"PUBLIC RELATIONS AND MARKETING","BOARD MEMBER","","",""
"PUBLIC RELATIONS CHAIR","BOARD MEMBER","committee","chair","4"
"PUBLIC RELATIONS COMMITTEE CHAIR","BOARD MEMBER","committee","chair",""
"PUBLIC RELATIONS COORDINATOR","BOARD MEMBER","","",""
"PUBLIC RELATIONS DIRECTOR","BOARD MEMBER","","",""
"PUBLIC RELATIONS MANAGER","MANAGER","","",""
"PUBLIC RELATIONS OFFICER","BOARD MEMBER","","",""
"PUBLIC RELATIONS VICE PRESIDENT","BOARD VICE PRESIDENT","","",""
"PUBLIC REPRESENTATIVE","BOARD MEMBER","","",""
"PUBLIC SEAT","BOARD MEMBER","","","6"
"PUBLIC SECTO","BOARD MEMBER","","",""
"PUBLIC TRUSTEE","BOARD MEMBER","","",""
"PUBLICATION","BOARD MEMBER","","",""
"PUBLICATIONS","BOARD MEMBER","","",""
"PUBLICATIONS CHAIR","BOARD MEMBER","","",""
"PUBLICATIONS COMMITTEE CHAIR","BOARD MEMBER","committee","chair",""
"PUBLICATIONS DIRECTOR","DIRECTOR","","",""
"PUBLICIST","BOARD MEMBER","","",""
"PUBLICITY","BOARD MEMBER","","","5"
"PUBLICITY CHAIR","BOARD MEMBER","committee","chair",""
"PUBLICITY COMMITTEE","BOARD MEMBER","","",""
"PUBLICITY COORDINATOR","BOARD MEMBER","","",""
"PUBLICITY DIRECTOR","DIRECTOR","","",""
"PUBLICITY MANAGER","MANAGER","","",""
"PUBLICITY SECRETARY","BOARD MEMBER","","",""
"PUBLISHER","PUBLISHER","","",""
"PURCHASER","BOARD MEMBER","","",""
"PURCHASING","BOARD MEMBER","","",""
"PURCHASING AGENT","BOARD MEMBER","","",""
"PURCHASING DIRECTOR","DIRECTOR","","",""
"PURSER","BOARD TREASURER","","",""
"PWO REPRESENTATIVE","BOARD MEMBER","","",""
"PYSCHIATRIST","DOCTOR","","",""
"QA DIRECTOR","DIRECTOR","","",""
"QTR MASTER","BOARD TREASURER","","",""
"QTRMASTER","BOARD TREASURER","","",""
"QUALITY ASSURANCE MANAGER","MANAGER","","",""
"QUALITY DIRECTOR","DIRECTOR","","",""
"QUALITY MANAGER","MANAGER","","",""
"QUARTER MAST","BOARD TREASURER","","",""
"QUARTER MASTER","BOARD TREASURER","","",""
"QUARTERMASTE","BOARD TREASURER","","","11"
"QUARTERMASTER","BOARD TREASURER","","","19"
"QUARTERMASTER AND ADJUTANT","BOARD TREASURER","","",""
"QUATERMASTER","BOARD TREASURER","","",""
"R AND F EXECUTIVE COUNCIL","BOARD MEMBER","","",""
"R COMMODORE","BOARD VICE PRESIDENT","","",""
"RABBI","PASTOR","","",""
"RACE CHAIR","BOARD MEMBER","","",""
"RACE COMMITTEE","BOARD MEMBER","","",""
"RACE DIRECTOR","DIRECTOR","","",""
"RADIATION ONCOLOGIST","DOCTOR","","",""
"RADIOLOGIST","DOCTOR","","",""
"RAM CEO","CEO","","",""
"RANGE DIRECTOR","DIRECTOR","","",""
"RANGE MANAGER","MANAGER","","",""
"RANGE MASTER","BOARD MEMBER","","",""
"RANGE OFFICER","BOARD MEMBER","","",""
"RANK AND FILE","BOARD MEMBER","","",""
"RD VICE PRESIDENT","BOARD MEMBER","","",""
"REAL ESTATE CHAIR","BOARD MEMBER","committee","chair",""
"REAR COMMODO","BOARD VICE PRESIDENT","","",""
"REAR COMMODORE","BOARD VICE PRESIDENT","","","11"
"RECD SECRETARY","BOARD SECRETARY","","",""
"RECEIVER","BOARD TREASURER","","",""
"RECEPTIONIST","ADMINISTRATIVE ASSISTANT","","",""
"RECORD SECRETARY","BOARD SECRETARY","","",""
"RECORDER","BOARD SECRETARY","","",""
"RECORDING","BOARD SECRETARY","","",""
"RECORDING AND CORRESPONDING SECRETARY","BOARD SECRETARY","","",""
"RECORDING CLERK","BOARD SECRETARY","","",""
"RECORDING COORDINATOR","BOARD MEMBER","","",""
"RECORDING CORRESPONDING SECRETARY","BOARD SECRETARY","","",""
"RECORDING DIRECTOR","DIRECTOR","","",""
"RECORDING FINANCE SECRETARY","FINANCIAL SECRETARY","","",""
"RECORDING S","BOARD SECRETARY","","",""
"RECORDING SECRETARY","BOARD SECRETARY","","",""
"RECORDING SECRETARY OF BUSINESS AGENT","BUSINESS AGENT","","",""
"RECORDING SECRETARY P","BOARD SECRETARY","","",""
"RECORDING SECT","BOARD SECRETARY","","",""
"RECORDING TREASURER","BOARD TREASURER","","",""
"RECORDS ADMINISTRATOR","BOARD SECRETARY","","",""
"RECREATION DIRECTOR","DIRECTOR","","",""
"RECREATIONAL","BOARD MEMBER","","",""
"RECREATIONAL DIRECTOR","DIRECTOR","","",""
"RECRUITER","RECRUITMENT","","",""
"RECRUITING DIRECTOR","DIRECTOR","","",""
"RECRUITMENT","BOARD MEMBER","","","4"
"RECRUITMENT ADVISOR","BOARD MEMBER","","",""
"RECRUITMENT CHAIR","BOARD MEMBER","committee","chair",""
"RECRUITMENT DIRECTOR","DIRECTOR","","",""
"RECSECRETARY","BOARD SECRETARY","","",""
"RECTOR","BOARD MEMBER","","",""
"REED","BOARD MEMBER","","",""
"REF COORDINATOR","BOARD MEMBER","","",""
"REFEREE","BOARD MEMBER","","",""
"REFEREE ADMINISTRATOR","BOARD MEMBER","","",""
"REFEREE ASSISTANT","BOARD MEMBER","subordinate","assistant",""
"REFEREE COORDINATOR","SPORTS","","","5"
"REFEREE DIRECTOR","DIRECTOR","","",""
"REFERENDUM BOARD","BOARD MEMBER","","",""
"REFLECTIONS","BOARD MEMBER","","",""
"REG","BOARD MEMBER","","",""
"REG ADMINISTRATION ASSISTANT","ADMINISTRATIVE ASSISTANT","","",""
"REG CHAIR","BOARD MEMBER","","",""
"REG DIRECTOR","BOARD MEMBER","","",""
"REG LIA NV","BOARD MEMBER","","",""
"REG MANAGER","REGIONAL MANAGER","","",""
"REG PRESIDENT","BOARD MEMBER","","",""
"REG REGIONAL","BOARD MEMBER","","",""
"REG REGIONAL OFFICER","BOARD MEMBER","regional","regional",""
"REG REPRESENTATIVE","BOARD MEMBER","","",""
"REG VICE PRESIDENT","BOARD VICE PRESIDENT","","",""
"REG'L MANAGER HEALTH CARE","MANAGER","","",""
"REGENT","BOARD MEMBER","","",""
"REGENT AND BOARD MEMBER","BOARD MEMBER","","",""
"REGENT AND REGIONAL","BOARD MEMBER","","",""
"REGENT AND TRUSTEE","BOARD MEMBER","","",""
"REGIONAL","BOARD MEMBER","","","15"
"REGIONAL #","BOARD MEMBER","","",""
"REGIONAL # DIRECTOR","BOARD MEMBER","regional","regional",""
"REGIONAL # PRESIDENT","BOARD MEMBER","","",""
"REGIONAL A DIRECTOR","DIRECTOR","regional","regional",""
"REGIONAL A REPRESENTATIVE","BOARD MEMBER","regional","regional",""
"REGIONAL ACCOUNT DIRECTOR","DIRECTOR","regional","regional",""
"REGIONAL AD","BOARD MEMBER","","",""
"REGIONAL ADMINISTRATION","ADMINISTRATOR","regional","regional","4"
"REGIONAL ADMINISTRATION ASSISTANT","ADMINISTRATIVE ASSISTANT","","",""
"REGIONAL ADMINISTRATOR","BOARD MEMBER","regional","regional",""
"REGIONAL ADMINISTRATOR DIRECTOR","DIRECTOR","regional","regional",""
"REGIONAL ADVI","BOARD MEMBER","","",""
"REGIONAL ADVISOR","BOARD MEMBER","regional","regional",""
"REGIONAL ADVOCATE","BOARD MEMBER","","",""
"REGIONAL ALLIANCE","BOARD MEMBER","","",""
"REGIONAL ALTERNATE","BOARD MEMBER","","",""
"REGIONAL ALTERNATE REPRESENTATIVE","BOARD MEMBER","","",""
"REGIONAL ALUMNI REPRESENTATIVE","BOARD MEMBER","regional","regional",""
"REGIONAL AMERICAN TRUSTEE","BOARD MEMBER","","",""
"REGIONAL AND BOARD MEMBER","BOARD MEMBER","","",""
"REGIONAL AND DEPARTMENT COMMANDER","BOARD MEMBER","","",""
"REGIONAL AND DEPUTY COMMANDER","BOARD MEMBER","","",""
"REGIONAL AND DIRECTOR","DIRECTOR","regional","regional",""
"REGIONAL AND PRESIDENT","BOARD MEMBER","","",""
"REGIONAL AND REGIONAL","BOARD MEMBER","","",""
"REGIONAL AND REGIONAL DIRECTOR","DIRECTOR","regional","regional",""
"REGIONAL AND TREASURER","BOARD MEMBER","","",""
"REGIONAL AND TRUSTEE","BOARD MEMBER","","",""
"REGIONAL AND VICE PRESIDENT","BOARD VICE PRESIDENT","","",""
"REGIONAL ASSOCIATE DIRECTOR","DIRECTOR","subordinate","associate",""
"REGIONAL ATHLETIC DIRECTOR","DIRECTOR","regional","regional",""
"REGIONAL ATLANTIC VICE DIRECTOR","DIRECTOR","regional","regional",""
"REGIONAL ATTORNEY","BOARD MEMBER","","",""
"REGIONAL AUDITOR","AUDITOR","regional","regional",""
"REGIONAL B DIRECTOR","DIRECTOR","regional","regional",""
"REGIONAL B REPRESENTATIVE","BOARD MEMBER","regional","regional",""
"REGIONAL BOARD","BOARD MEMBER","","",""
"REGIONAL BOARD CHAIR","BOARD MEMBER","","",""
"REGIONAL BOARD DIRECTOR","BOARD MEMBER","","",""
"REGIONAL BOARD MEMBER","BOARD MEMBER","regional","regional",""
"REGIONAL BOARD OF DIRECTOR","BOARD MEMBER","","",""
"REGIONAL BOARD PRESIDENT","BOARD MEMBER","","",""
"REGIONAL BOARD REPRESENTATIVE","BOARD MEMBER","regional","regional","7"
"REGIONAL BUREAU CHIEF","CHIEF","regional","regional",""
"REGIONAL CAMPAIGNS DIRECTOR","DIRECTOR","regional","regional",""
"REGIONAL CENTRA","BOARD MEMBER","","",""
"REGIONAL CEO","CEO","regional","regional",""
"REGIONAL CFO","CHIEF FINANCIAL OFFICER","","",""
"REGIONAL CHAIR","BOARD MEMBER","regional","regional",""
"REGIONAL CHAIR DIRECTOR","DIRECTOR","regional","regional",""
"REGIONAL CHAIR REPRESENTATIVE","BOARD MEMBER","regional","regional",""
"REGIONAL CHAMBER DIRECTOR","DIRECTOR","regional","regional",""
"REGIONAL CHAMBER REPRESENTATIVE","BOARD MEMBER","regional","regional",""
"REGIONAL CHAP","BOARD MEMBER","","",""
"REGIONAL CHAPLAIN","BOARD MEMBER","","",""
"REGIONAL CHIEF","CHIEF","regional","regional",""
"REGIONAL CHIEF MEDICAL OFFICER","CHIEF","regional","regional",""
"REGIONAL CHPT DIRECTOR","BOARD MEMBER","","",""
"REGIONAL CLERK","BOARD MEMBER","","",""
"REGIONAL CMDR","BOARD MEMBER","regional","regional",""
"REGIONAL CO-DIRECTOR","DIRECTOR","regional","regional",""
"REGIONAL COAST DIRECTOR","DIRECTOR","regional","regional",""
"REGIONAL COAST REGIONAL AND DIRECTOR","DIRECTOR","regional","regional",""
"REGIONAL COMMAND","BOARD MEMBER","","",""
"REGIONAL COMMANDER","BOARD MEMBER","regional","regional",""
"REGIONAL COMMISSIONER","BOARD MEMBER","","",""
"REGIONAL COMMITTEE","BOARD MEMBER","","",""
"REGIONAL COMMITTEE CHAIR","BOARD MEMBER","regional","regional",""
"REGIONAL COMPANY DIRECTOR","DIRECTOR","regional","regional",""
"REGIONAL CONSTRUCTION MANAGER","MANAGER","regional","regional",""
"REGIONAL COO","BOARD MEMBER","","",""
"REGIONAL COORDINATOR","COORDINATOR","regional","regional",""
"REGIONAL COUNCIL","BOARD MEMBER","","",""
"REGIONAL COUNCIL DIRECTOR","REGIONAL DIRECTOR","","",""
"REGIONAL COUNCIL LIAISON","BOARD MEMBER","","",""
"REGIONAL COUNCIL MEMBER","BOARD MEMBER","","",""
"REGIONAL COUNCIL OF ADMINISTRATION MEMBER","BOARD MEMBER","","",""
"REGIONAL COUNCIL REPRESENTATIVE","BOARD MEMBER","regional","regional",""
"REGIONAL COUNCILOR","BOARD MEMBER","regional","regional","8"
"REGIONAL COUNSELOR","BOARD MEMBER","","",""
"REGIONAL DADE AND BOARD MEMBER","BOARD MEMBER","","",""
"REGIONAL DELEGATE","BOARD MEMBER","","",""
"REGIONAL DEPUTY","BOARD MEMBER","","",""
"REGIONAL DEVELOPMENT DIRECTOR","DIRECTOR","regional","regional",""
"REGIONAL DEVELOPMENT MANAGER","MANAGER","regional","regional",""
"REGIONAL DIRECTOR","BOARD MEMBER","regional","regional","4"
"REGIONAL DIRECTOR AND REGIONAL","BOARD MEMBER","","",""
"REGIONAL DIRECTOR E","BOARD MEMBER","regional","regional","4"
"REGIONAL DIRECTOR OF DEVELOPMENT","DIRECTOR","regional","regional",""
"REGIONAL DIRECTOR OF OPERATIONS","DIRECTOR OF OPERATIONS","","",""
"REGIONAL DIRECTOR OF PHILANTHROPY","DIRECTOR","regional","regional",""
"REGIONAL DIRECTOR OF REGIONAL","DIRECTOR","regional","regional",""
"REGIONAL DIRECTOR OF SALES","DIRECTOR","regional","regional",""
"REGIONAL DIRECTOR R AND MM AND NEG","DIRECTOR","regional","regional","14"
"REGIONAL DIRECTOR REGIONAL","BOARD MEMBER","","",""
"REGIONAL DIRECTOR REPRESENTATIVE","BOARD MEMBER","regional","regional",""
"REGIONAL DIS","BOARD MEMBER","","",""
"REGIONAL DIVISION","BOARD MEMBER","","",""
"REGIONAL DIVISION CHAIR","BOARD MEMBER","","",""
"REGIONAL DIVISION PRESIDENT","BOARD MEMBER","","",""
"REGIONAL E REPRESENTATIVE","BOARD MEMBER","regional","regional",""
"REGIONAL EXECUTIVE","BOARD MEMBER","","",""
"REGIONAL EXECUTIVE BOARD","BOARD MEMBER","","",""
"REGIONAL EXECUTIVE BOARD MEMBER","BOARD MEMBER","","",""
"REGIONAL EXECUTIVE COMMITTEE","BOARD MEMBER","","",""
"REGIONAL EXECUTIVE COMMITTEE MEMBER","BOARD MEMBER","","",""
"REGIONAL EXECUTIVE COUNCIL","BOARD MEMBER","","",""
"REGIONAL EXECUTIVE DIRECTOR","EXECUTIVE DIRECTOR","","",""
"REGIONAL EXECUTIVE VICE PRESIDENT","EXECUTIVE VICE PRESIDENT","","",""
"REGIONAL FINANCE OFFICER","BOARD TREASURER","","",""
"REGIONAL FLOR AND BOARD MEMBER","BOARD MEMBER","","",""
"REGIONAL FOREMAN","FOREMAN","","",""
"REGIONAL GO","BOARD MEMBER","","",""
"REGIONAL GOVERNOR","BOARD MEMBER","","",""
"REGIONAL GOVERNOR DIRECTOR","DIRECTOR","regional","regional",""
"REGIONAL GOVERNOR NOMINEE","BOARD MEMBER","","",""
"REGIONAL GRAND DIRECTOR","DIRECTOR","regional","regional",""
"REGIONAL HISTORIAN","BOARD MEMBER","","",""
"REGIONAL HOUSE MANAGER","MANAGER","regional","regional",""
"REGIONAL I","BOARD MEMBER","","",""
"REGIONAL I DIRECTOR","DIRECTOR","regional","regional",""
"REGIONAL I REPRESENTATIVE","BOARD MEMBER","regional","regional",""
"REGIONAL I VICE PRESIDENT","BOARD MEMBER","regional","regional",""
"REGIONAL II","BOARD MEMBER","","",""
"REGIONAL II DIRECTOR","DIRECTOR","regional","regional",""
"REGIONAL II REPRESENTATIVE","BOARD MEMBER","regional","regional",""
"REGIONAL II VICE PRESIDENT","BOARD MEMBER","regional","regional",""
"REGIONAL III","BOARD MEMBER","","",""
"REGIONAL III DIRECTOR","DIRECTOR","regional","regional",""
"REGIONAL III REPRESENTATIVE","BOARD MEMBER","regional","regional",""
"REGIONAL III VICE PRESIDENT","BOARD VICE PRESIDENT","","",""
"REGIONAL IV","BOARD MEMBER","","",""
"REGIONAL IV DIRECTOR","DIRECTOR","regional","regional",""
"REGIONAL IV REPRESENTATIVE","BOARD MEMBER","regional","regional",""
"REGIONAL IV VICE PRESIDENT","BOARD VICE PRESIDENT","","",""
"REGIONAL IX DIRECTOR","DIRECTOR","regional","regional",""
"REGIONAL LEADER","BOARD MEMBER","regional","regional",""
"REGIONAL LIAISON","BOARD MEMBER","regional","regional",""
"REGIONAL LIFE","BOARD MEMBER","","",""
"REGIONAL M","BOARD MEMBER","","",""
"REGIONAL MANAGEMENT","REGIONAL MANAGER","","",""
"REGIONAL MANAGER","MANAGER","regional","regional",""
"REGIONAL MANAGER HEALTH CARE","REGIONAL MANAGER","","",""
"REGIONAL MARKETING DIRECTOR","DIRECTOR OF MARKETING","","",""
"REGIONAL MAYOR","BOARD MEMBER","","",""
"REGIONAL MEDICAL DIRECTOR","MEDICAL DIRECTOR","","",""
"REGIONAL MEMBER","BOARD MEMBER","","",""
"REGIONAL MEMBERSHIP","BOARD MEMBER","","",""
"REGIONAL MEMBERSHIP CHAIR","BOARD MEMBER","","",""
"REGIONAL MN DIRECTOR","DIRECTOR","regional","regional",""
"REGIONAL OF REGIONAL","BOARD MEMBER","","",""
"REGIONAL OFFICER","BOARD MEMBER","","",""
"REGIONAL OPERATIONS","OPERATIONS","regional","regional",""
"REGIONAL ORGANIZING DIRECTOR","DIRECTOR","regional","regional",""
"REGIONAL P","BOARD MEMBER","","",""
"REGIONAL PANHELLENIC DELEGATE","BOARD MEMBER","","",""
"REGIONAL PARLIAMENTARIAN","BOARD MEMBER","","",""
"REGIONAL POLITICAL DIRECTOR","DIRECTOR","regional","regional",""
"REGIONAL PR","BOARD MEMBER","","",""
"REGIONAL PRESIDENT","BOARD MEMBER","regional","regional",""
"REGIONAL PRESIDENT #","BOARD MEMBER","","",""
"REGIONAL PRESIDENT REGIONAL","BOARD MEMBER","","",""
"REGIONAL PRESIDENT REPRESENTATIVE","BOARD MEMBER","","",""
"REGIONAL PROGRAMS CHAIR","BOARD MEMBER","","",""
"REGIONAL PROGRAMS DIRECTOR","DIRECTOR","regional","regional",""
"REGIONAL PROGRAMS MANAGER","MANAGER","regional","regional",""
"REGIONAL PROP AND BOARD MEMBER","BOARD MEMBER","","",""
"REGIONAL QUADRANT","BOARD MEMBER","","",""
"REGIONAL R","BOARD MEMBER","","",""
"REGIONAL R DIRECTOR","DIRECTOR","regional","regional",""
"REGIONAL RE","BOARD MEMBER","","",""
"REGIONAL RECORDING SECRETARY","BOARD SECRETARY","","",""
"REGIONAL REG","BOARD MEMBER","","",""
"REGIONAL REG DIRECTOR","DIRECTOR","regional","regional",""
"REGIONAL REGI","BOARD MEMBER","","",""
"REGIONAL REGIONAL","BOARD MEMBER","","",""
"REGIONAL REGIONAL AGENCY ON AGING DIRECTOR","DIRECTOR","regional","regional",""
"REGIONAL REGIONAL CHAIR","BOARD MEMBER","","",""
"REGIONAL REGIONAL DIRECTOR","DIRECTOR","regional","regional",""
"REGIONAL REGIONAL MANAGER","MANAGER","regional","regional",""
"REGIONAL REGIONAL PRESIDENT","BOARD MEMBER","","",""
"REGIONAL REGIONAL REPRESENTATIVE","BOARD MEMBER","regional","regional",""
"REGIONAL REGIONAL VICE PRESIDENT","BOARD VICE PRESIDENT","","",""
"REGIONAL RELATIONS","BOARD MEMBER","","",""
"REGIONAL REPRESENTATIVE","BOARD MEMBER","regional","regional",""
"REGIONAL REPRESENTATIVE AND REGIONAL","BOARD MEMBER","regional","regional",""
"REGIONAL REPRESENTATIVE DIRECTOR","BOARD MEMBER","regional","regional",""
"REGIONAL REPRESENTATIVE REGIONAL","BOARD MEMBER","regional","regional",""
"REGIONAL RGNL COORDINATOR","COORDINATOR","","",""
"REGIONAL SALES DIRECTOR","DIRECTOR OF SALES","","",""
"REGIONAL SALES MANAGER","MANAGER","regional","regional",""
"REGIONAL SECRETARY","BOARD SECRETARY","regional","regional","5"
"REGIONAL SECRETARY TREASURER","FINANCIAL SECRETARY","","",""
"REGIONAL SECT DIRECTOR","DIRECTOR","regional","regional",""
"REGIONAL SECTION DIRECTOR","DIRECTOR","regional","regional",""
"REGIONAL SECTION REPRESENTATIVE","BOARD MEMBER","","",""
"REGIONAL SENIOR PRESIDENT","BOARD MEMBER","","",""
"REGIONAL SERVICE","BOARD MEMBER","","",""
"REGIONAL SERVICE CHAIR","BOARD MEMBER","","",""
"REGIONAL SERVICE DIRECTOR","DIRECTOR","regional","regional",""
"REGIONAL SERVICE REPRESENTATIVE","BOARD MEMBER","regional","regional",""
"REGIONAL SHERIFF DIRECTOR","DIRECTOR","regional","regional",""
"REGIONAL STA","BOARD MEMBER","","",""
"REGIONAL STAT","BOARD MEMBER","","",""
"REGIONAL STEWARD","BOARD MEMBER","","",""
"REGIONAL STREAM REPRESENTATIVE","BOARD MEMBER","regional","regional",""
"REGIONAL SUPERINTENDENT","REGIONAL DIRECTOR","","",""
"REGIONAL SUPERVISOR","SUPERVISOR","","",""
"REGIONAL TN REPRESENTATIVE","BOARD MEMBER","regional","regional",""
"REGIONAL TN VICE PRESIDENT","BOARD VICE PRESIDENT","","",""
"REGIONAL TOURNAMENT DIRECTOR","DIRECTOR","regional","regional",""
"REGIONAL TREASURER","BOARD TREASURER","regional","regional","4"
"REGIONAL TREASURER REGIONAL #","BOARD TREASURER","","",""
"REGIONAL TRUS","BOARD MEMBER","","",""
"REGIONAL TRUSTEE","BOARD MEMBER","regional","regional",""
"REGIONAL UNIT DELEGATE","BOARD MEMBER","regional","regional","4"
"REGIONAL V","BOARD MEMBER","","",""
"REGIONAL V DIRECTOR","DIRECTOR","regional","regional",""
"REGIONAL V REPRESENTATIVE","BOARD MEMBER","","",""
"REGIONAL V VICE PRESIDENT","BOARD VICE PRESIDENT","","",""
"REGIONAL VI DIRECTOR","DIRECTOR","regional","regional",""
"REGIONAL VI REPRESENTATIVE","BOARD MEMBER","regional","regional",""
"REGIONAL VI VICE PRESIDENT","BOARD VICE PRESIDENT","","",""
"REGIONAL VICE CHAIR","BOARD VICE PRESIDENT","regional","regional","12"
"REGIONAL VICE COMMANDER","BOARD VICE PRESIDENT","","",""
"REGIONAL VICE DIRECTOR","DIRECTOR","regional","regional",""
"REGIONAL VICE PR","BOARD VICE PRESIDENT","","",""
"REGIONAL VICE PRESIDENT","BOARD VICE PRESIDENT","regional","regional","*if no trustee flag"
"REGIONAL VICE PRESIDENT DIRECTOR","DIRECTOR","regional","regional",""
"REGIONAL VICE PRESIDENT OF","VICE PRESIDENT","regional","regional",""
"REGIONAL VICE PRESIDENT OF FINANCE","VICE PRESIDENT","regional","regional",""
"REGIONAL VICE PRESIDENT OF HUMAN RESOURCES","VICE PRESIDENT OF HUMAN RESOURCES","","",""
"REGIONAL VICE PRESIDENT OF OPERATIONS","VICE PRESIDENT","regional","regional",""
"REGIONAL VICE PRESIDENT OF REGIONAL","BOARD VICE PRESIDENT","regional","regional",""
"REGIONAL VICE PRESIDENT REGIONAL","BOARD VICE PRESIDENT","","",""
"REGIONAL VII","BOARD MEMBER","","",""
"REGIONAL VII DIRECTOR","DIRECTOR","regional","regional",""
"REGIONAL VIII DIRECTOR","DIRECTOR","regional","regional",""
"REGIONAL WA REPRESENTATIVE","BOARD MEMBER","regional","regional",""
"REGIONAL WASTEWATER REPRESENTATIVE","BOARD MEMBER","regional","regional",""
"REGIONAL WATER REPRESENTATIVE","BOARD MEMBER","regional","regional",""
"REGIONAL X DIRECTOR","DIRECTOR","regional","regional",""
"REGIONAL XI DIRECTOR","DIRECTOR","regional","regional",""
"REGIONAL ZONE","BOARD MEMBER","","",""
"REGIONAL ZONE DIRECTOR","DIRECTOR","regional","regional",""
"REGIONAL ZONE VICE PRESIDENT","BOARD VICE PRESIDENT","","",""
"REGISTAR","BOARD SECRETARY","","",""
"REGISTER","BOARD SECRETARY","","",""
"REGISTERED A","BOARD MEMBER","","",""
"REGISTERED AGENT","BOARD MEMBER","","",""
"REGISTERED AGENT AND DIRECTOR","DIRECTOR","","",""
"REGISTERED N","NURSE","","",""
"REGISTERED NURSE","NURSE","","","7"
"REGISTRAR","BOARD SECRETARY","","",""
"REGISTRAR GENERAL","BOARD SECRETARY","","",""
"REGISTRATION","BOARD MEMBER","","",""
"REGISTRATION CHAIR","BOARD MEMBER","","",""
"REGISTRATION COORDINATOR","BOARD MEMBER","","",""
"REGISTRATION DIRECTOR","DIRECTOR","","",""
"REGULAR BOARD","BOARD MEMBER","","",""
"REGULAR DIRECTOR","BOARD MEMBER","","",""
"REGULAR TRUSTEE","BOARD MEMBER","","",""
"REGULATORY AFFAIRS DIRECTOR","DIRECTOR","","",""
"REGULATORY POLICY COMMITTEE","BOARD MEMBER","","",""
"REHAB DIRECTOR","DIRECTOR","","",""
"REHAB MANAGER","MANAGER","","",""
"RELATIONS","BOARD MEMBER","","",""
"RELATIONS DIRECTOR","DIRECTOR","","",""
"RELATIONS MANAGER","MANAGER","","",""
"RELIEF REPRESENTATIVE","BOARD MEMBER","","",""
"RENTAL MANAGER","MANAGER","","",""
"REPRESENTATIVE","BOARD MEMBER","","",""
"REPRESENTATIVE AND REGIONAL","BOARD MEMBER","regional","regional",""
"REPRESENTATIVE CONSORTIUM BOARD MEMBE","BOARD MEMBER","","",""
"REPRESENTATIVE CONSORTIUM BOARD MEMBER","BOARD MEMBER","","",""
"REPRESENTATIVE COORDINATOR","BOARD MEMBER","","",""
"REPRESENTATIVE COUNCIL","BOARD MEMBER","","",""
"REPRESENTATIVE DIRECTOR","BOARD MEMBER","","",""
"REPRESENTATIVE HS","BOARD MEMBER","","",""
"REPRESENTATIVE MIDDLE","BOARD MEMBER","","",""
"REPRESENTATIVE MS","BOARD MEMBER","","",""
"REPRESENTATIVE OF POOR","BOARD MEMBER","","",""
"REPRESENTATIVE REGIONAL","BOARD MEMBER","regional","regional","9"
"REPRESENTATIVE REGIONAL TN","BOARD MEMBER","regional","regional",""
"REPRESENTATIVE SECRETARY","BOARD MEMBER","","",""
"REPRESENTATIVE TREASURER","BOARD MEMBER","","",""
"REPRESENTATIVE UNITED STATES FIRE INSURANCE COMMITTEE","BOARD MEMBER","","",""
"RESCUE CAPTA","FIRE OFFICER","","",""
"RESCUE CAPTAIN","FIRE OFFICER","","",""
"RESCUE CHIEF","CHIEF","","",""
"RESCUE MANAGER","MANAGER","","",""
"RESEARCH","SCIENTIST","","",""
"RESEARCH ASSOCIATE","SCIENTIST","","",""
"RESEARCH CHAIR","BOARD MEMBER","","",""
"RESEARCH COMMITTEE CHAIR","BOARD MEMBER","committee","chair",""
"RESEARCH DIRECTOR","DIRECTOR","","",""
"RESEARCH MANAGER","MANAGER","","",""
"RESEARCH SCIENTIST","SCIENTIST","","",""
"RESEARCHER","SCIENTIST","","",""
"RESERVATIONS","BOARD MEMBER","","",""
"RESIDENCE MANAGER","MANAGER","","",""
"RESIDENCY PROGRAMS DIRECTOR","DIRECTOR","","",""
"RESIDENT","BOARD MEMBER","","",""
"RESIDENT AGENT","BOARD MEMBER","","",""
"RESIDENT BOARD MEMBER","BOARD MEMBER","","",""
"RESIDENT CARE MANAGER","MANAGER","","",""
"RESIDENT DIRECTOR","BOARD MEMBER","","",""
"RESIDENT MANAGER","MANAGER","","",""
"RESIDENT MEMBER","BOARD MEMBER","","",""
"RESIDENT REPRESENTATIVE","BOARD MEMBER","","",""
"RESIDENT TRUSTEE","BOARD MEMBER","","",""
"RESIDENTIAL DIRECTOR","DIRECTOR","","",""
"RESIDENTIAL MANAGER","MANAGER","","",""
"RESIDENTIAL SERVICES DIRECTOR","DIRECTOR","","",""
"RESIGNED","BOARD MEMBER","","",""
"RESOURCES DEVELOPMENT","BOARD MEMBER","","",""
"RESOURCES DEVELOPMENT AND MARKETING DIRECTOR","DIRECTOR","","",""
"RESOURCES DEVELOPMENT CHAIR","BOARD MEMBER","","",""
"RESOURCES DIRECTOR","DIRECTOR","","",""
"RESTAURANT DIRECTOR","DIRECTOR","","",""
"RETAIL DIRECTOR","DIRECTOR","","",""
"RETIREE CHAIR","BOARD MEMBER","committee","chair",""
"RETIREE DIRECTOR","DIRECTOR","","",""
"RETIREE REPRESENTATIVE","BOARD MEMBER","","",""
"RETIREES REPRESENTATIVE","BOARD MEMBER","","",""
"REV","BOARD MEMBER","","",""
"REVEREND","BOARD MEMBER","","",""
"REVITALIZATION MEMBER","BOARD MEMBER","","",""
"RGN REPRESENTATIVE","BOARD MEMBER","","",""
"RHD","BOARD MEMBER","","",""
"RHO","BOARD MEMBER","","",""
"RIDE DIRECTOR","DIRECTOR","","",""
"RIDER REPRESENTATIVE","BOARD MEMBER","","",""
"RIFLE DIRECTOR","DIRECTOR","","",""
"RINCH","BOARD MEMBER","","",""
"RINK MANAGER","MANAGER","","",""
"RISK MANAGEMENT","BOARD MEMBER","","",""
"RISK MANAGEMENT CHAIR","BOARD MEMBER","","",""
"RISK MANAGEMENT COORDINATOR","BOARD MEMBER","","",""
"RISK MANAGER","MANAGER","","",""
"RISK PREVENTION DIRECTOR","BOARD MEMBER","","",""
"RITUAL AND HISTORY DIRECTOR","BOARD MEMBER","","",""
"RITUAL CHAIR","BOARD MEMBER","","",""
"RITUALIST","BOARD MEMBER","","",""
"RMC","BOARD MEMBER","","",""
"RN","NURSE","","","13"
"RN AND ASSISTANT","NURSE","","","4"
"RN AND CASE MANAGER","MANAGER","","",""
"RN CASE MANAGER","MANAGER","","",""
"RN CHARGE NURSE","NURSE","","",""
"RN II","NURSE","","",""
"RN MANAGER","MANAGER","","",""
"RN NURSE MANAGER","MANAGER","","",""
"RN SUPERVISOR","NURSE","","",""
"ROAD CAPTAIN","BOARD MEMBER","","",""
"ROAD MANAGER","MANAGER","","",""
"RODEO COMMITTEE","BOARD MEMBER","","",""
"RODEO HELP DIRECTOR","DIRECTOR","","",""
"RODEO SECRETARY","BOARD SECRETARY","","",""
"ROOM PARENT","BOARD MEMBER","","",""
"ROOM PARENT COORDINATOR","BOARD MEMBER","","",""
"ROOM PARENTS","BOARD MEMBER","","",""
"ROOM REPRESENTATIVE","BOARD MEMBER","","",""
"ROPING DIRECTOR","DIRECTOR","","",""
"ROTARY FOUND","BOARD MEMBER","","",""
"ROTARY FOUNDATION","BOARD MEMBER","","",""
"ROTARY FOUNDATION CHAIR","BOARD MEMBER","","",""
"ROTATED OFFICER BOARD IN","BOARD MEMBER","","",""
"RPD","BOARD MEMBER","","",""
"RS","BOARD SECRETARY","","",""
"RSA OFFICER","BOARD MEMBER","","",""
"RT COUNCILOR","BOARD MEMBER","","",""
"RULES AND ETHICS","BOARD MEMBER","","",""
"RULES CHAIR","BOARD MEMBER","","",""
"RULES COMMITTEE CHAIR","BOARD MEMBER","committee","chair",""
"RULES DIRECTOR","BOARD MEMBER","","",""
"RURAL DIRECTOR","DIRECTOR","","",""
"RUSH CHAIR","BOARD MEMBER","","",""
"RV REPRESENTATIVE","BOARD MEMBER","","",""
"RVP","VICE PRESIDENT","regional","regional","*if trustee flag"
"RWJBH CHIEF DEVELOPMENT OFFICER","CHIEF","","",""
"RWPGM","NA","","",""
"S AND DIRECTOR","DIRECTOR","","",""
"S AND TRUSTEE","BOARD TREASURER","","",""
"S REGIONAL DIRECTOR","DIRECTOR","regional","regional",""
"S ST AND STE G AND REGIONAL AND OH","BOARD MEMBER","regional","regional",""
"S VICE","VICE PRESIDENT","superior","senior",""
"S VICE PRESIDENT","VICE PRESIDENT","superior","senior",""
"SAA","BOARD MEMBER","","",""
"SAC REPRESENTATIVE","BOARD MEMBER","","",""
"SACHEM","BOARD PRESIDENT","","",""
"SAFE SPORT CHAIR","BOARD MEMBER","","",""
"SAFE SPORT COORDINATOR","BOARD MEMBER","","",""
"SAFETY","BOARD MEMBER","","",""
"SAFETY CHAIR","BOARD MEMBER","","",""
"SAFETY COMMITTEE","BOARD MEMBER","","",""
"SAFETY COMMITTEE CHAIR","BOARD MEMBER","committee","chair",""
"SAFETY COORDINATOR","BOARD MEMBER","","",""
"SAFETY COUNS","PUBLIC SAFETY","","",""
"SAFETY DIRECTOR","PUBLIC SAFETY","","",""
"SAFETY MANAGER","MANAGER","","",""
"SAFETY OFFICER","PUBLIC SAFETY","","","21"
"SAFETY REPRESENTATIVE","BOARD MEMBER","","",""
"SAFTEY OFFICER","BOARD MEMBER","","",""
"SAILING DIRECTOR","DIRECTOR","","",""
"SALES","MARKETING","","",""
"SALES AND MARKETING","MARKETING","","",""
"SALES AND MARKETING DIRECTOR","DIRECTOR","","",""
"SALES COUNSELOR","MARKETING","","",""
"SALES DIRECTOR","DIRECTOR","","",""
"SALES MANAGER","MANAGER","","",""
"SALES REPRESENTATIVE","MARKETING","","",""
"SANCTUARY MANAGER","MANAGER","","",""
"SAND HILLS AND BOARD MEMBER","BOARD MEMBER","","",""
"SANDOVAL AND BOARD MEMBER","BOARD MEMBER","","",""
"SAT CREW DIRECTOR","DIRECTOR","","",""
"SBA DIRECTOR","DIRECTOR","","",""
"SBA DIRECTOR OF SENIOR BUSINESS DEVELOPMENT","DIRECTOR","","",""
"SCEPI BOARD MEMBER","BOARD MEMBER","","",""
"SCERETARY","BOARD SECRETARY","","",""
"SCF DIRECTOR","DIRECTOR","","",""
"SCF REPRESENTATIVE","BOARD MEMBER","","",""
"SCH O","NO TITLE","","",""
"SCH O EXPLANATION","NO TITLE","","",""
"SCHED O","NO TITLE","","","10"
"SCHEDULE","NO TITLE","","",""
"SCHEDULE O","NO TITLE","","",""
"SCHEDULER","BOARD MEMBER","","",""
"SCHEDULING","BOARD MEMBER","","",""
"SCHEDULING COORDINATOR","BOARD MEMBER","","",""
"SCHEDULING DIRECTOR","DIRECTOR","","",""
"SCHOLARSHIPS","BOARD MEMBER","","","5"
"SCHOLARSHIPS CHAIR","BOARD MEMBER","committee","chair",""
"SCHOLARSHIPS CO-CHAIR","BOARD MEMBER","duplex","co",""
"SCHOLARSHIPS COMMITTEE","BOARD MEMBER","","",""
"SCHOLARSHIPS COMMITTEE CHAIR","BOARD MEMBER","committee","chair",""
"SCHOLARSHIPS COORDINATOR","BOARD MEMBER","","",""
"SCHOLARSHIPS DIRECTOR","DIRECTOR","","",""
"SCHOLASTICS","BOARD MEMBER","","",""
"SCHOLASTICS COORDINATOR","BOARD MEMBER","","",""
"SCHOLASTICS DIRECTOR","DIRECTOR","","",""
"SCHOOL ADMINISTRATION","ADMINISTRATOR","","",""
"SCHOOL ADMINISTRATOR","ADMINISTRATOR","","",""
"SCHOOL BOARD","BOARD MEMBER","","",""
"SCHOOL BOARD CHAIR","BOARD MEMBER","committee","chair",""
"SCHOOL BOARD LIAISON","BOARD MEMBER","","",""
"SCHOOL BOARD MEMBER","BOARD MEMBER","","",""
"SCHOOL BOARD PRESIDENT","BOARD MEMBER","","",""
"SCHOOL BOARD REPRESENTATIVE","BOARD MEMBER","","",""
"SCHOOL COORDINATOR","BOARD MEMBER","","",""
"SCHOOL DIRECTOR","PRINCIPAL","","",""
"SCHOOL LEADER","PRINCIPAL","","",""
"SCHOOL LIAISON","BOARD MEMBER","","",""
"SCHOOL PRESIDENT","PRESIDENT","","",""
"SCHOOL PRINCIPAL","CEO","","","7"
"SCHOOL PSYCHOLOGIST","THERAPIST","","",""
"SCHOOL REPRESENTATIVE","BOARD MEMBER","","",""
"SCI AND SCIF PRESIDENT","BOARD MEMBER","","",""
"SCI PRESIDENT","BOARD MEMBER","","",""
"SCIENCE DIRECTOR","DIRECTOR","","",""
"SCIENTIFIC DIRECTOR","DIRECTOR","","",""
"SCIENTIST","SCIENTIST","","",""
"SCIF DIRECTOR","BOARD MEMBER","","",""
"SCOUT EXECUTIVE","CEO","","","4"
"SCRETARY","BOARD SECRETARY","","",""
"SCRIBE","BOARD SECRETARY","","",""
"SD","BOARD MEMBER","","",""
"SD AND DIRECTOR","BOARD MEMBER","","",""
"SD TRUSTEE SCH O EXPLANATION","BOARD MEMBER","","",""
"SEARGANT AT ARMS","BOARD MEMBER","","",""
"SEARGENT","BOARD MEMBER","","",""
"SEARGENT AT ARMS","BOARD MEMBER","","",""
"SEAT","BOARD MEMBER","","",""
"SEATED DIRECTOR","DIRECTOR","","",""
"SECERETARY","BOARD SECRETARY","","",""
"SECERTARY","BOARD SECRETARY","","",""
"SECETARY","BOARD SECRETARY","","",""
"SECETARY AND TREASURER","BOARD TREASURER","","",""
"SECONDARY RE","BOARD MEMBER","","",""
"SECONDARY REPRESENTATIVE","BOARD MEMBER","","",""
"SECONDARY VICE PRESIDENT","BOARD VICE PRESIDENT","","",""
"SECRETARY","BOARD SECRETARY","","",""
"SECRETARY AN","BOARD SECRETARY","","",""
"SECRETARY AND AD","BOARD SECRETARY","","",""
"SECRETARY AND AS","BOARD SECRETARY","","",""
"SECRETARY AND BOARD","BOARD SECRETARY","","",""
"SECRETARY AND BOARD OF TRUSTEES","BOARD SECRETARY","","",""
"SECRETARY AND CHIEF OF STAFF","CHIEF","","",""
"SECRETARY AND CORRESPONDING","BOARD SECRETARY","","",""
"SECRETARY AND MA","BOARD SECRETARY","","",""
"SECRETARY AND PARLIAMENTARIAN","BOARD SECRETARY","","",""
"SECRETARY AND PHYSICIAN","DOCTOR","","",""
"SECRETARY AND RE","BOARD SECRETARY","","",""
"SECRETARY AND RECORDING","BOARD SECRETARY","","",""
"SECRETARY AND REGIONAL","BOARD SECRETARY","","",""
"SECRETARY AND REGISTRAR","BOARD SECRETARY","","",""
"SECRETARY AND TREASURER","BOARD TREASURER","","",""
"SECRETARY ASSISTANT CHIEF","CHIEF","subordinate","assistant",""
"SECRETARY BOARD","BOARD SECRETARY","","",""
"SECRETARY BOARD DIRECTOR","DIRECTOR","","",""
"SECRETARY BOARD MEMBER","BOARD SECRETARY","","",""
"SECRETARY BOARD OF DIRECTOR","DIRECTOR","","",""
"SECRETARY BOARD OF TRUSTEES","BOARD SECRETARY","","",""
"SECRETARY CFO","CHIEF FINANCIAL OFFICER","","",""
"SECRETARY CHAIR","BOARD SECRETARY","","",""
"SECRETARY CHIEF GOVERNANCE OFFICER PT","CHIEF","","",""
"SECRETARY CLERK","BOARD SECRETARY","","",""
"SECRETARY COLLECTOR'S COUNCIL","BOARD MEMBER","","",""
"SECRETARY CORP","BOARD MEMBER","","",""
"SECRETARY CORRESPONDING","BOARD SECRETARY","","",""
"SECRETARY DIRECTOR","BOARD SECRETARY","","",""
"SECRETARY EXECUTIVE DIRECTOR","EXECUTIVE DIRECTOR","","",""
"SECRETARY GE","BOARD SECRETARY","","",""
"SECRETARY GENERAL","SECRETARY GENERAL","superior","general",""
"SECRETARY MANAGER","MANAGER","","",""
"SECRETARY MEMBER","BOARD SECRETARY","","",""
"SECRETARY NOT A DIRECTOR","DIRECTOR","","",""
"SECRETARY OF BOARD","BOARD SECRETARY","","","5"
"SECRETARY OF BOARD OF DIRECTOR","BOARD SECRETARY","","","4"
"SECRETARY OF CHIEF LEGAL OFFICER","CHIEF","","",""
"SECRETARY OF COLLEGE","CORPORATE SECRETARY","","",""
"SECRETARY OF COMMITTEE","BOARD SECRETARY","","",""
"SECRETARY OF COMMUNICATIONS","BOARD SECRETARY","","",""
"SECRETARY OF CORPORATION","CORPORATE SECRETARY","","",""
"SECRETARY OF EXECUTIVE COMMITTEE","BOARD SECRETARY","","",""
"SECRETARY OF FINANCE","FINANCIAL SECRETARY","","",""
"SECRETARY OF MEMBERSHIP","BOARD SECRETARY","","",""
"SECRETARY OF TREASURER AND BUSINESS AGENT","BUSINESS AGENT","","",""
"SECRETARY OFFICER","BOARD SECRETARY","","",""
"SECRETARY P","BOARD SECRETARY","","",""
"SECRETARY PT","BOARD SECRETARY","","",""
"SECRETARY RECORDING","BOARD SECRETARY","","",""
"SECRETARY REGIONAL","BOARD SECRETARY","","",""
"SECRETARY REGIONAL DIRECTOR","DIRECTOR","regional","regional",""
"SECRETARY REGIONAL REPRESENTATIVE","BOARD MEMBER","regional","regional",""
"SECRETARY REPRESENTATIVE","BOARD SECRETARY","","","4"
"SECRETARY TH","BOARD SECRETARY","","",""
"SECRETARY TO BOARD","CORPORATE SECRETARY","","",""
"SECRETARY TREASURER","BOARD TREASURER","","",""
"SECRETARY TREASURER DIRECTOR","DIRECTOR","","",""
"SECRETARY TRUSTEE","BOARD SECRETARY","","",""
"SECRETARY VICE PRESIDENT","BOARD VICE PRESIDENT","","",""
"SECRETARY'TY","BOARD SECRETARY","","",""
"SECRETARY'Y","BOARD SECRETARY","","","8"
"SECT","BOARD MEMBER","","",""
"SECT AND TREASURER","BOARD TREASURER","","",""
"SECT TREASURER","BOARD TREASURER","","",""
"SECTARY","BOARD SECRETARY","","",""
"SECTETARY","BOARD SECRETARY","","",""
"SECTION CHAIR","BOARD MEMBER","","",""
"SECTION CHIEF","CHIEF","","",""
"SECTION COUNCILOR","BOARD MEMBER","","",""
"SECTION DIRECTOR","DIRECTOR","","",""
"SECTION EDIT","EDITOR","","",""
"SECTION LEADER","BOARD MEMBER","","",""
"SECTION PRESIDENT","BOARD MEMBER","","",""
"SECTION REPRESENTATIVE","BOARD MEMBER","","",""
"SECTION VICE PRESIDENT","BOARD VICE PRESIDENT","","",""
"SECTOR REPRESENTATIVE","BOARD MEMBER","","",""
"SECTRES","BOARD TREASURER","","",""
"SECTRETARY","BOARD SECRETARY","","",""
"SECTRETARY AND TREASURER","BOARD TREASURER","","",""
"SECURITY","BOARD MEMBER","","",""
"SECURITY DIRECTOR","DIRECTOR","","",""
"SEE SCHEDULE O","NO TITLE","","",""
"SEGMENT DIRECTOR","DIRECTOR","","",""
"SEGUIN DIRECTOR","DIRECTOR","","",""
"SELECT DIRECTOR","DIRECTOR","","",""
"SELECTION COMMITTEE","BOARD MEMBER","","",""
"SELF ADVOCATE","BOARD MEMBER","","",""
"SEMINAR CHAIR","BOARD MEMBER","","",""
"SEMINARY TRUSTEE","BOARD MEMBER","","",""
"SENATE","BOARD MEMBER","","",""
"SENATOR","BOARD MEMBER","","",""
"SENIOR ACCOUNT EXECUTIVE","MARKETING","","",""
"SENIOR ACCOUNTANT","ACCOUNTANT","","",""
"SENIOR ADMINISTRATOR","ADMINISTRATOR","","",""
"SENIOR ADVIS","ADVISOR","","",""
"SENIOR ADVISOR","ADVISOR","","",""
"SENIOR ADVISOR TO PRESIDENT","ADVISOR","","",""
"SENIOR ANALYST","ANALYST","","",""
"SENIOR ASSET MANAGER","MANAGER","superior","senior",""
"SENIOR ASSISTANT BUSINESS MANAGER","MANAGER","superior","senior",""
"SENIOR ASSOCIATE","STAFF","","",""
"SENIOR ASSOCIATE AND REGIONAL DIRECTOR","DIRECTOR","regional","regional","7"
"SENIOR ASSOCIATE COMMISSIONER","SPORTS DIRECTOR","","",""
"SENIOR ATHLETE REPRESENTATIVE","BOARD MEMBER","superior","senior",""
"SENIOR ATTORNEY","ATTORNEY","","",""
"SENIOR BOARD","BOARD MEMBER","","",""
"SENIOR BOARD MEMBER","BOARD MEMBER","","",""
"SENIOR BUSINESS REPRESENTATIVE","BOARD MEMBER","superior","senior",""
"SENIOR CENTER DIRECTOR","DIRECTOR","superior","senior",""
"SENIOR CHAIR","BOARD MEMBER","","",""
"SENIOR CLASS REPRESENTATIVE","BOARD MEMBER","superior","senior",""
"SENIOR CLINICAL DIRECTOR","DIRECTOR","superior","senior",""
"SENIOR COMMANDER","BOARD PRESIDENT","","",""
"SENIOR COMMUNICATIONS DIRECTOR","DIRECTOR","superior","senior",""
"SENIOR CONSULTANT","CONSULTANT","","",""
"SENIOR CONTROLLER","COMPTROLLER","","",""
"SENIOR COUNCILOR","BOARD MEMBER","","",""
"SENIOR COUNSEL","ATTORNEY","","",""
"SENIOR COUNSELOR","BOARD MEMBER","superior","senior",""
"SENIOR CURATOR","CURATOR","superior","",""
"SENIOR DEACO","BOARD MEMBER","","",""
"SENIOR DEACON","BOARD MEMBER","","",""
"SENIOR DEVELOPMENT DIRECTOR","DIRECTOR","superior","senior",""
"SENIOR DEVELOPMENT MANAGER","MANAGER","superior","senior",""
"SENIOR DEVELOPMENT OFFICER","DEVELOPMENT OFFICER","","",""
"SENIOR DEVELOPMENT PROJECTS MANAGER","DEVELOPMENT MANAGER","superior","senior","4"
"SENIOR DIRECTOR","DIRECTOR","superior","senior",""
"SENIOR DIRECTOR AND IT","DIRECTOR OF INFORMATION TECHNOLOGY","","",""
"SENIOR DIRECTOR AND MAJOR GIFTS","DIRECTOR OF MAJOR GIFTS","superior","",""
"SENIOR DIRECTOR IT","DIRECTOR OF INFORMATION TECHNOLOGY","","",""
"SENIOR DIRECTOR OF ACCOUNTING","DIRECTOR","superior","senior",""
"SENIOR DIRECTOR OF ACQUISITION","DIRECTOR OF ACQUISITIONS","","",""
"SENIOR DIRECTOR OF ACQUISITIONS","DIRECTOR OF ACQUISITIONS","","",""
"SENIOR DIRECTOR OF ADMINISTRATION","DIRECTOR","superior","senior",""
"SENIOR DIRECTOR OF ADVANCEMENT","DIRECTOR","superior","senior",""
"SENIOR DIRECTOR OF ADVOCACY","DIRECTOR","superior","senior",""
"SENIOR DIRECTOR OF BRAND MARKETING","DIRECTOR","superior","senior",""
"SENIOR DIRECTOR OF BUSINESS","DIRECTOR","superior","senior",""
"SENIOR DIRECTOR OF BUSINESS DEVELOPMENT","DIRECTOR","superior","senior",""
"SENIOR DIRECTOR OF BUSINESS OPERATIONS","DIRECTOR","superior","senior",""
"SENIOR DIRECTOR OF CLINIC OPERATIONS","DIRECTOR","superior","senior",""
"SENIOR DIRECTOR OF CLINICAL SERVICES","DIRECTOR","superior","senior",""
"SENIOR DIRECTOR OF COMMUNICATIONS","DIRECTOR","superior","senior",""
"SENIOR DIRECTOR OF COMPLIANCE","DIRECTOR","superior","senior",""
"SENIOR DIRECTOR OF CONTENT","DIRECTOR OF CONTENT","superior","",""
"SENIOR DIRECTOR OF CORPORA","DIRECTOR OF CORPORATE X","superior","","https://www.businessinsider.com/facebooks-long-time-director-of-corpora-2013-5"
"SENIOR DIRECTOR OF DEVELOPMENT","DIRECTOR OF DEVELOPMENT","superior","senior",""
"SENIOR DIRECTOR OF DEVELOPMENT FINANCE","DIRECTOR OF DEVELOPMENT","superior","senior","5"
"SENIOR DIRECTOR OF DEVELOPMENT OPERATIONS","DIRECTOR","superior","senior",""
"SENIOR DIRECTOR OF EDUCATION","DIRECTOR OF EDUCATION","superior","senior",""
"SENIOR DIRECTOR OF ENGINEERING","DIRECTOR","superior","senior",""
"SENIOR DIRECTOR OF EVENTS","DIRECTOR OF EVENTS","superior","senior",""
"SENIOR DIRECTOR OF EXTERNAL RELATIONS","DIRECTOR","superior","senior",""
"SENIOR DIRECTOR OF FINANCE","DIRECTOR OF FINANCE","superior","senior",""
"SENIOR DIRECTOR OF FINANCE AND ADMINISTRATION","DIRECTOR","superior","senior",""
"SENIOR DIRECTOR OF FINANCE AND OPERATIONS","DIRECTOR","superior","senior",""
"SENIOR DIRECTOR OF FINANCE CONSULTANT","DIRECTOR","superior","senior",""
"SENIOR DIRECTOR OF FOUNDATION","DIRECTOR","superior","senior",""
"SENIOR DIRECTOR OF GOVERNMENT AFFAIRS","DIRECTOR","superior","senior",""
"SENIOR DIRECTOR OF HUMAN RESOURCES","DIRECTOR OF HUMAN RESOURCES","superior","senior",""
"SENIOR DIRECTOR OF INFASTRUCTURE","DIRECTOR","superior","senior",""
"SENIOR DIRECTOR OF INFORMATION TECHNOLOGY","DIRECTOR","superior","senior",""
"SENIOR DIRECTOR OF INNOVATION","DIRECTOR","superior","senior",""
"SENIOR DIRECTOR OF IT","DIRECTOR OF INFORMATION TECHNOLOGY","superior","senior",""
"SENIOR DIRECTOR OF MARKETING","DIRECTOR OF MARKETING","superior","",""
"SENIOR DIRECTOR OF MARKETING AND COMMITTEE","DIRECTOR","superior","senior",""
"SENIOR DIRECTOR OF MARKETING AND COMMUNICATIONS","DIRECTOR","superior","senior",""
"SENIOR DIRECTOR OF MEETINGS","DIRECTOR","superior","senior",""
"SENIOR DIRECTOR OF MEETINGS AND EVENTS","DIRECTOR","superior","senior",""
"SENIOR DIRECTOR OF MEMBERSHIP","DIRECTOR OF MEMBERSHIP","superior","senior",""
"SENIOR DIRECTOR OF OPERATIONS","DIRECTOR OF OPERATIONS","superior","",""
"SENIOR DIRECTOR OF PARTNERSHIPS","DIRECTOR","superior","senior",""
"SENIOR DIRECTOR OF PEOPLE AND CULTURE","DIRECTOR","superior","senior",""
"SENIOR DIRECTOR OF PHILANTHROPY","DIRECTOR","superior","senior",""
"SENIOR DIRECTOR OF POLICY","DIRECTOR","superior","senior",""
"SENIOR DIRECTOR OF PRODUCTION","DIRECTOR","superior","senior",""
"SENIOR DIRECTOR OF PROGRAMS","DIRECTOR OF PROGRAMS","superior","senior",""
"SENIOR DIRECTOR OF PROGRAMS OPERATIONS","DIRECTOR","superior","senior",""
"SENIOR DIRECTOR OF PUBLIC AFFAIRS","DIRECTOR","superior","senior",""
"SENIOR DIRECTOR OF PUBLIC POLICY","DIRECTOR","superior","senior",""
"SENIOR DIRECTOR OF PUBLICATIONS","DIRECTOR","superior","senior",""
"SENIOR DIRECTOR OF RESEARCH","DIRECTOR","superior","senior",""
"SENIOR DIRECTOR OF RISK MANAGEMENT","DIRECTOR OF RISK MANAGEMENT","","",""
"SENIOR DIRECTOR OF SALES","DIRECTOR","superior","senior",""
"SENIOR DIRECTOR OF SPECIAL PROJECTS","DIRECTOR","superior","senior",""
"SENIOR DIRECTOR OF SPONSORED PROJECTS","DIRECTOR","superior","senior",""
"SENIOR DIRECTOR OF STRATEGY","DIRECTOR","superior","senior",""
"SENIOR DIRECTOR OF STRATEGY AND ENGAGEMENT","DIRECTOR OF STRATEGY AND ENGAGEMENT","superior","",""
"SENIOR DIRECTOR OF STRATEGY INITIATIVES","DIRECTOR","superior","senior",""
"SENIOR DIRECTOR OF STRATEGY PARTNERSHIPS","DIRECTOR","superior","senior",""
"SENIOR DIRECTOR OF TECHNOLOGY","DIRECTOR","superior","senior",""
"SENIOR DIRECTOR OF TECHNOLOGY SERVICES","DIRECTOR","superior","senior",""
"SENIOR EDITOR","EDITOR","superior","",""
"SENIOR ENGINEER","ENGINEER","superior","",""
"SENIOR EXECUTIVE","EXECUTIVE","","",""
"SENIOR EXECUTIVE DIRECTOR","EXECUTIVE DIRECTOR","","",""
"SENIOR EXECUTIVE VICE PRESIDENT","EXECUTIVE VICE PRESIDENT","superior","",""
"SENIOR FELLOW","SENIOR FELLOW","superior","senior",""
"SENIOR FELLOW AND DIRECTOR","DIRECTOR","superior","senior",""
"SENIOR FINANCE ADVISOR","FINANCE ADVISOR","","",""
"SENIOR FINANCE DIRECTOR","DIRECTOR","superior","senior",""
"SENIOR FINANCE MANAGER","MANAGER","superior","senior",""
"SENIOR GRAND WARDEN","WARDEN","superior","senior",""
"SENIOR HUMAN RESOURCES DIRECTOR","DIRECTOR","superior","senior",""
"SENIOR INSTRUCTOR","INSTRUCTOR","superior","senior",""
"SENIOR INVESTIGATOR","SCIENTIST","","",""
"SENIOR LIFE DIRECTOR","BOARD MEMBER","","",""
"SENIOR LOAN OFFICER","LOAN OFFICER","","",""
"SENIOR MANAGER","MANAGER","superior","senior",""
"SENIOR MANAGER OF COMMUNICATIONS","MANAGER","superior","senior",""
"SENIOR MANAGING DIRECTOR","DIRECTOR","superior","senior",""
"SENIOR MEDICAL DIRECTOR","DIRECTOR","superior","senior",""
"SENIOR MEMBER","BOARD MEMBER","","",""
"SENIOR MEMBER EXPERIENCE DIRECTOR","BOARD MEMBER","","",""
"SENIOR OPERATIONS DIRECTOR","DIRECTOR","superior","senior",""
"SENIOR OPERATIONS MANAGER","OPERATIONS","superior","senior",""
"SENIOR PARTNER","CONSULTANT","superior","senior",""
"SENIOR PASTO","PASTOR","superior","senior",""
"SENIOR PASTOR","PASTOR","superior","senior","4"
"SENIOR PHILANTHROPY ADVISOR","DEVELOPMENT OFFICER","","",""
"SENIOR POLICY ADVISOR","ADVISOR","","",""
"SENIOR POLICY ANALYST","ANALYST","","",""
"SENIOR POLICY DIRECTOR","DIRECTOR","superior","senior",""
"SENIOR PRODUCT MANAGER","MANAGER","superior","senior",""
"SENIOR PROGRAMS DIRECTOR","DIRECTOR","superior","senior",""
"SENIOR PROGRAMS MANAGER","MANAGER","superior","senior",""
"SENIOR PROGRAMS OFFICER","PROGRAMS OFFICER","superior","senior","9"
"SENIOR PROJECTS DIRECTOR","DIRECTOR","superior","senior",""
"SENIOR PROJECTS MANAGER","MANAGER","superior","senior",""
"SENIOR REGENT","BOARD MEMBER","","",""
"SENIOR REGIONAL DIRECTOR","DIRECTOR","superior","senior",""
"SENIOR REGIONAL PRESIDENT","BOARD PRESIDENT","","",""
"SENIOR REGIONAL VICE PRESIDENT","BOARD VICE PRESIDENT","","",""
"SENIOR REPRESENTATIVE","BOARD MEMBER","superior","senior",""
"SENIOR RESEARCH ASSOCIATE","SCIENTIST","","",""
"SENIOR RESEARCH FELLOW","SENIOR FELLOW","","",""
"SENIOR RESEARCH SCIENTIST","SCIENTIST","","",""
"SENIOR RESEARCHER","SCIENTIST","","",""
"SENIOR SAGAMORE","BOARD VICE PRESIDENT","","",""
"SENIOR SALES MANAGER","MANAGER","superior","senior",""
"SENIOR SCIENTIFIC PROGRAMS MANAGER","MANAGER","superior","senior",""
"SENIOR SCIENTIST","SCIENTIST","superior","senior",""
"SENIOR SOFTWARE DEVELOPMENT","TECHNOLOGY","","",""
"SENIOR SOFTWARE ENGINEER","TECHNOLOGY","","",""
"SENIOR STAFF","STAFF","","",""
"SENIOR STAFF ATTORNEY","ATTORNEY","superior","senior",""
"SENIOR STEWA","BOARD MEMBER","","",""
"SENIOR STEWARD","BOARD MEMBER","","",""
"SENIOR STRATEGY DIRECTOR","DIRECTOR","superior","senior",""
"SENIOR SVC REG","STAFF","","",""
"SENIOR TECHNOLOGY ADVISOR","ADVISOR","","",""
"SENIOR TREASURER","BOARD TREASURER","superior","senior",""
"SENIOR TRUST","BOARD MEMBER","","",""
"SENIOR TRUSTEE","BOARD MEMBER","","",""
"SENIOR V COMMANDER","BOARD VICE PRESIDENT","","",""
"SENIOR V COMMITTEE","BOARD VICE PRESIDENT","","",""
"SENIOR VICE","VICE PRESIDENT","superior","senior",""
"SENIOR VICE CDR","BOARD VICE PRESIDENT","","",""
"SENIOR VICE CHAIR","BOARD VICE PRESIDENT","","","7"
"SENIOR VICE CMDR","BOARD VICE PRESIDENT","superior","senior",""
"SENIOR VICE COMMAN","BOARD VICE PRESIDENT","","",""
"SENIOR VICE COMMAND","BOARD VICE PRESIDENT","","",""
"SENIOR VICE COMMANDANT","BOARD VICE PRESIDENT","","",""
"SENIOR VICE COMMANDER","BOARD VICE PRESIDENT","superior","","17"
"SENIOR VICE COMMITTEE","BOARD VICE PRESIDENT","","","9"
"SENIOR VICE PRESIDENT","SENIOR VICE PRESIDENT","superior","senior",""
"SENIOR VICE PRESIDENT AND CCO","SENIOR VICE PRESIDENT","","",""
"SENIOR VICE PRESIDENT AND CDO","CHIEF DEVELOPMENT OFFICER","","",""
"SENIOR VICE PRESIDENT AND CHIEF ACTUARY","CHIEF","superior","senior",""
"SENIOR VICE PRESIDENT AND CHIEF INFORMATION","CHIEF","superior","senior",""
"SENIOR VICE PRESIDENT AND CHIEF OF STAFF","CHIEF","superior","senior",""
"SENIOR VICE PRESIDENT AND CHRO","CHIEF HUMAN RESOURCES OFFICER","","",""
"SENIOR VICE PRESIDENT AND CIO","CHIEF INFORMATION OFFICER","","",""
"SENIOR VICE PRESIDENT AND CLO","CHIEF LEGAL OFFICER","","",""
"SENIOR VICE PRESIDENT AND CNO","CHIEF NURSING OFFICER","","",""
"SENIOR VICE PRESIDENT AND CSO","CHIEF OFFICER","","",""
"SENIOR VICE PRESIDENT AND MISSION LEADERSHIP","SENIOR VICE PRESIDENT","","",""
"SENIOR VICE PRESIDENT AND PRESIDENT","SENIOR VICE PRESIDENT","","",""
"SENIOR VICE PRESIDENT AND PROVOST","PROVOST","","",""
"SENIOR VICE PRESIDENT CFO","CHIEF FINANCIAL OFFICER","","",""
"SENIOR VICE PRESIDENT CHIEF INFORMATION OFFICER","CHIEF","superior","senior",""
"SENIOR VICE PRESIDENT CHIEF LENDING OFFICER","CHIEF","superior","senior",""
"SENIOR VICE PRESIDENT CHIEF MEDICAL OFFICER","CHIEF MEDICAL OFFICER","","",""
"SENIOR VICE PRESIDENT CHIEF NURSING OFFICER","CHIEF NURSING OFFICER","","",""
"SENIOR VICE PRESIDENT CHIEF PEOPLE OFFICER","CHIEF","superior","senior",""
"SENIOR VICE PRESIDENT CIO","CHIEF INFORMATION OFFICER","","",""
"SENIOR VICE PRESIDENT CMO","VICE PRESIDENT","","",""
"SENIOR VICE PRESIDENT COO","CHIEF OPERATING OFFICER","","",""
"SENIOR VICE PRESIDENT GENERAL COUNSEL","GENERAL COUNSEL","superior","senior","4"
"SENIOR VICE PRESIDENT GOVERNMENT RELATIONS","VICE PRESIDENT OF GOVERNMENT AFFAIRS","","",""
"SENIOR VICE PRESIDENT HOSPITAL DIVISION WMG","SENIOR VICE PRESIDENT","","",""
"SENIOR VICE PRESIDENT IT","VICE PRESIDENT","","",""
"SENIOR VICE PRESIDENT LENDING","VICE PRESIDENT OF LENDING","","",""
"SENIOR VICE PRESIDENT MANAGED CARE","SENIOR VICE PRESIDENT","","",""
"SENIOR VICE PRESIDENT OF AAT","VICE PRESIDENT","superior","senior",""
"SENIOR VICE PRESIDENT OF ACADEMICS AFFAIRS","VICE PRESIDENT OF ACADEMICS AFFAIRS","","",""
"SENIOR VICE PRESIDENT OF ACCOUNTING AND FINANCE","VICE PRESIDENT","superior","senior",""
"SENIOR VICE PRESIDENT OF ACCREDITATION","VICE PRESIDENT","superior","senior",""
"SENIOR VICE PRESIDENT OF ACUTE CARE","VICE PRESIDENT","superior","senior",""
"SENIOR VICE PRESIDENT OF ADMINISTRATION","VICE PRESIDENT","superior","senior",""
"SENIOR VICE PRESIDENT OF ADVANCEMENT","VICE PRESIDENT OF DEVELOPMENT","superior","senior",""
"SENIOR VICE PRESIDENT OF ADVISORY AND SPECIAL INITIATIVES","VICE PRESIDENT","superior","senior",""
"SENIOR VICE PRESIDENT OF ADVOCACY","VICE PRESIDENT","superior","senior",""
"SENIOR VICE PRESIDENT OF AFFORDABLE HOUSING","VICE PRESIDENT","superior","senior",""
"SENIOR VICE PRESIDENT OF ASSET MANAGEMENT","VICE PRESIDENT","superior","senior",""
"SENIOR VICE PRESIDENT OF BHS","SENIOR VICE PRESIDENT","","",""
"SENIOR VICE PRESIDENT OF BRANCH ADMINISTRATION","VICE PRESIDENT","superior","senior",""
"SENIOR VICE PRESIDENT OF BRANCH OPERATIONS","VICE PRESIDENT","superior","senior",""
"SENIOR VICE PRESIDENT OF BUSINESS","SENIOR VICE PRESIDENT","","",""
"SENIOR VICE PRESIDENT OF BUSINESS DEVELOPMENT","VICE PRESIDENT OF BUSINESS DEVELOPMENT","superior","senior",""
"SENIOR VICE PRESIDENT OF BUSINESS OPERATIONS","VICE PRESIDENT","superior","senior",""
"SENIOR VICE PRESIDENT OF BUSINESS PLANNING AND OPERATIONS","VICE PRESIDENT","superior","senior",""
"SENIOR VICE PRESIDENT OF BUSINESS SERVICES","VICE PRESIDENT","superior","senior",""
"SENIOR VICE PRESIDENT OF CHIEF BUSINESS CONT AND CRISIS MANAGEMENT","VICE PRESIDENT","superior","senior",""
"SENIOR VICE PRESIDENT OF CHIEF BUSINESS CONTINUITY AND CRI","VICE PRESIDENT","superior","senior",""
"SENIOR VICE PRESIDENT OF CHIEF HUMAN RESOURCES","VICE PRESIDENT","superior","senior",""
"SENIOR VICE PRESIDENT OF CHIEF HUMAN RESOURCES OFFICER","VICE PRESIDENT","superior","senior",""
"SENIOR VICE PRESIDENT OF CHIEF LEGAL OFFICER","VICE PRESIDENT","superior","senior",""
"SENIOR VICE PRESIDENT OF CHIEF MARKETING","VICE PRESIDENT","superior","senior",""
"SENIOR VICE PRESIDENT OF CHIEF MARKETING OFFICER","VICE PRESIDENT","superior","senior",""
"SENIOR VICE PRESIDENT OF CHIEF TECHNOLOGY OFFICER","VICE PRESIDENT","superior","senior",""
"SENIOR VICE PRESIDENT OF CHRO","VICE PRESIDENT","superior","senior",""
"SENIOR VICE PRESIDENT OF CIO","CHIEF INFORMATION OFFICER","superior","senior",""
"SENIOR VICE PRESIDENT OF CLINICAL OPERATIONS","VICE PRESIDENT","superior","senior",""
"SENIOR VICE PRESIDENT OF CLINICAL SERVICES","VICE PRESIDENT","superior","senior",""
"SENIOR VICE PRESIDENT OF CLO","VICE PRESIDENT","superior","senior",""
"SENIOR VICE PRESIDENT OF CMO","SENIOR VICE PRESIDENT","","",""
"SENIOR VICE PRESIDENT OF COMMERCIAL LENDING","VICE PRESIDENT","superior","senior",""
"SENIOR VICE PRESIDENT OF COMMERCIAL LENDING AND TEAM LEADER","VICE PRESIDENT","superior","senior",""
"SENIOR VICE PRESIDENT OF COMMITTEE AND MARKETING","VICE PRESIDENT","superior","senior",""
"SENIOR VICE PRESIDENT OF COMMUNICATIONS","VICE PRESIDENT","superior","senior",""
"SENIOR VICE PRESIDENT OF COMMUNICATIONS AND MARKETING","VICE PRESIDENT","superior","senior",""
"SENIOR VICE PRESIDENT OF COMMUNITY OPERATIONS","VICE PRESIDENT","","",""
"SENIOR VICE PRESIDENT OF CONSTRUCTION","VICE PRESIDENT","superior","senior",""
"SENIOR VICE PRESIDENT OF CONSULTANT LENDING","VICE PRESIDENT","superior","senior",""
"SENIOR VICE PRESIDENT OF CONTROLLER","VICE PRESIDENT","superior","senior",""
"SENIOR VICE PRESIDENT OF CORPORATE CONTROLLER","VICE PRESIDENT","superior","senior",""
"SENIOR VICE PRESIDENT OF CORPORATE TREASURER","VICE PRESIDENT","superior","senior",""
"SENIOR VICE PRESIDENT OF DEPUTY GENERAL COUN","VICE PRESIDENT","superior","senior",""
"SENIOR VICE PRESIDENT OF DEPUTY GENERAL COUN AND DEPUTY CLO","VICE PRESIDENT","superior","senior",""
"SENIOR VICE PRESIDENT OF DEPUTY GENERAL COUNSEL","GENERAL COUNSEL","","",""
"SENIOR VICE PRESIDENT OF DEVELOPMENT","VICE PRESIDENT OF DEVELOPMENT","superior","senior",""
"SENIOR VICE PRESIDENT OF ECONOMIC DEVELOPMENT","SENIOR VICE PRESIDENT","","",""
"SENIOR VICE PRESIDENT OF EDUCATION","VICE PRESIDENT","superior","senior",""
"SENIOR VICE PRESIDENT OF EXTERNAL AFFAIRS","VICE PRESIDENT","superior","senior",""
"SENIOR VICE PRESIDENT OF EXTERNAL RELATIONS","SENIOR VICE PRESIDENT","","",""
"SENIOR VICE PRESIDENT OF FINANCE","SENIOR VICE PRESIDENT OF FINANCE","superior","senior","9"
"SENIOR VICE PRESIDENT OF FINANCE AND ACCOUNTING","VICE PRESIDENT","superior","senior",""
"SENIOR VICE PRESIDENT OF FINANCE AND ADMINISTRATION","VICE PRESIDENT OF FINANCE AND ADMINISTRATION","superior","senior",""
"SENIOR VICE PRESIDENT OF FINANCE AND OPERATIONS","VICE PRESIDENT","superior","senior",""
"SENIOR VICE PRESIDENT OF FINANCE OPERATIONS","SENIOR VICE PRESIDENT OF FINANCE","","",""
"SENIOR VICE PRESIDENT OF FOUNDATION","VICE PRESIDENT","superior","senior",""
"SENIOR VICE PRESIDENT OF GOVERNMENT AFFAIRS","VICE PRESIDENT","superior","senior",""
"SENIOR VICE PRESIDENT OF GOVERNMENT RELATIONS","VICE PRESIDENT","superior","senior",""
"SENIOR VICE PRESIDENT OF GOVERNMENT'TRUSTEE RELATIONS","VICE PRESIDENT","superior","senior",""
"SENIOR VICE PRESIDENT OF GROWTH","VICE PRESIDENT","superior","senior",""
"SENIOR VICE PRESIDENT OF HOSPITAL OPERATIONS","SENIOR VICE PRESIDENT OF OPERATIONS","","",""
"SENIOR VICE PRESIDENT OF HOUSING OPERATIONS","VICE PRESIDENT OF HOUSING OPERATIONS","superior","senior","3"
"SENIOR VICE PRESIDENT OF HUMAN RESOURCES","VICE PRESIDENT OF HUMAN RESOURCES","superior","senior",""
"SENIOR VICE PRESIDENT OF HUMAN RESOURCES AND ADMINISTRATION","VICE PRESIDENT","superior","senior",""
"SENIOR VICE PRESIDENT OF INFORMATION TECHNOLOGY","VICE PRESIDENT","superior","senior",""
"SENIOR VICE PRESIDENT OF INSTITUTIONAL ADVANCEMENT","SENIOR VICE PRESIDENT OF ADVANCEMENT","","",""
"SENIOR VICE PRESIDENT OF IT","VICE PRESIDENT","superior","senior",""
"SENIOR VICE PRESIDENT OF LEGAL","VICE PRESIDENT","superior","senior",""
"SENIOR VICE PRESIDENT OF LEGAL AFFAIRS","VICE PRESIDENT","","",""
"SENIOR VICE PRESIDENT OF LEGAL AND LEG AFFAIRS","VICE PRESIDENT","superior","senior",""
"SENIOR VICE PRESIDENT OF LEGAL COUNSEL","VICE PRESIDENT","superior","senior",""
"SENIOR VICE PRESIDENT OF LENDING","VICE PRESIDENT","superior","senior",""
"SENIOR VICE PRESIDENT OF MANAGED CARE","VICE PRESIDENT","superior","senior",""
"SENIOR VICE PRESIDENT OF MANAGEMENT SVCS","SENIOR VICE PRESIDENT","","",""
"SENIOR VICE PRESIDENT OF MARKETING","VICE PRESIDENT OF MARKETING","superior","senior",""
"SENIOR VICE PRESIDENT OF MARKETING AND COMMITTEE","VICE PRESIDENT","superior","senior",""
"SENIOR VICE PRESIDENT OF MARKETING AND COMMUNICATIONS","VICE PRESIDENT OF MARKETING AND COMMUNICATIONS","superior","senior",""
"SENIOR VICE PRESIDENT OF MARKETING AND DEVELOPMENT","VICE PRESIDENT","superior","senior",""
"SENIOR VICE PRESIDENT OF MEDICAL AFFAIRS","VICE PRESIDENT","superior","senior",""
"SENIOR VICE PRESIDENT OF MEMBER EXPERIENCE","VICE PRESIDENT","superior","senior",""
"SENIOR VICE PRESIDENT OF MEMBER SERVICES","VICE PRESIDENT","superior","senior",""
"SENIOR VICE PRESIDENT OF MEMBERSHIP","VICE PRESIDENT","superior","senior",""
"SENIOR VICE PRESIDENT OF MEMBERSHIP AND MARKETING","VICE PRESIDENT","superior","senior",""
"SENIOR VICE PRESIDENT OF NFS","VICE PRESIDENT","superior","senior",""
"SENIOR VICE PRESIDENT OF OPERATIONS","SENIOR VICE PRESIDENT OF OPERATIONS","superior","senior","7"
"SENIOR VICE PRESIDENT OF ORGANIZATIONAL DEVELOPMENT","VICE PRESIDENT","superior","senior",""
"SENIOR VICE PRESIDENT OF PATIENT CARE SERVICES","VICE PRESIDENT","","",""
"SENIOR VICE PRESIDENT OF PEOPLE AND CULTURE","VICE PRESIDENT","superior","senior",""
"SENIOR VICE PRESIDENT OF PHILANTHROPY","VICE PRESIDENT","superior","senior",""
"SENIOR VICE PRESIDENT OF POLICY","VICE PRESIDENT","superior","senior",""
"SENIOR VICE PRESIDENT OF PRODUCT DEVELOPMENT AND MARKETING EXPERIENCE","VICE PRESIDENT","superior","senior",""
"SENIOR VICE PRESIDENT OF PRODUCTION","VICE PRESIDENT OF PRODUCTION","superior","senior",""
"SENIOR VICE PRESIDENT OF PROGRAMS","VICE PRESIDENT","superior","senior",""
"SENIOR VICE PRESIDENT OF PROGRAMS OPERATIONS","VICE PRESIDENT","superior","senior",""
"SENIOR VICE PRESIDENT OF PROPERTY MANAGEMENT","SENIOR VICE PRESIDENT","","",""
"SENIOR VICE PRESIDENT OF PUBLIC AFFAIRS","VICE PRESIDENT","superior","senior",""
"SENIOR VICE PRESIDENT OF PUBLIC POLICY","VICE PRESIDENT","superior","senior",""
"SENIOR VICE PRESIDENT OF PUBLIC RELATIONS","VICE PRESIDENT","superior","senior",""
"SENIOR VICE PRESIDENT OF QUALITY","VICE PRESIDENT","superior","senior",""
"SENIOR VICE PRESIDENT OF REAL ESTATE","VICE PRESIDENT","superior","senior",""
"SENIOR VICE PRESIDENT OF REAL ESTATE AND DEVELOPMENT SVCS","VICE PRESIDENT","superior","senior",""
"SENIOR VICE PRESIDENT OF REAL ESTATE DEVELOPMENT","VICE PRESIDENT","superior","senior",""
"SENIOR VICE PRESIDENT OF REAL ESTATE SERVICES","VICE PRESIDENT","superior","senior",""
"SENIOR VICE PRESIDENT OF REGIONAL","VICE PRESIDENT","superior","senior",""
"SENIOR VICE PRESIDENT OF REGULATORY AFFAIRS","VICE PRESIDENT","superior","senior",""
"SENIOR VICE PRESIDENT OF RESEARCH","VICE PRESIDENT","superior","senior",""
"SENIOR VICE PRESIDENT OF RESOURCES DEVELOPMENT","SENIOR VICE PRESIDENT","","",""
"SENIOR VICE PRESIDENT OF RETAIL OPERATIONS","VICE PRESIDENT","superior","senior",""
"SENIOR VICE PRESIDENT OF RISK MANAGEMENT","VICE PRESIDENT","superior","senior",""
"SENIOR VICE PRESIDENT OF RMC","VICE PRESIDENT","superior","senior",""
"SENIOR VICE PRESIDENT OF RMC AND BUSINESS","VICE PRESIDENT","superior","senior",""
"SENIOR VICE PRESIDENT OF SALES","VICE PRESIDENT","superior","senior",""
"SENIOR VICE PRESIDENT OF SALES AND MARKETING","VICE PRESIDENT","superior","senior",""
"SENIOR VICE PRESIDENT OF STRATEGY","VICE PRESIDENT","superior","senior",""
"SENIOR VICE PRESIDENT OF STRATEGY AND COMMITTEE","VICE PRESIDENT","superior","senior",""
"SENIOR VICE PRESIDENT OF STRATEGY AND INNOVATION","VICE PRESIDENT","","",""
"SENIOR VICE PRESIDENT OF STRATEGY COMMUNICATIONS","VICE PRESIDENT","superior","senior",""
"SENIOR VICE PRESIDENT OF STRATEGY INITIATIVES","VICE PRESIDENT","superior","senior",""
"SENIOR VICE PRESIDENT OF STRATEGY PARTNERSHIPS","VICE PRESIDENT","superior","senior",""
"SENIOR VICE PRESIDENT OF STRATEGY PLANNING","VICE PRESIDENT","superior","senior",""
"SENIOR VICE PRESIDENT OF SURGICAL SERVICES AND AMBULATORY CARE","VICE PRESIDENT","superior","senior",""
"SENIOR VICE PRESIDENT OF SYSTEMS CHIEF RISK OFFICER","VICE PRESIDENT","superior","senior",""
"SENIOR VICE PRESIDENT OF SYSTEMS REGIONAL OPERATIONS","VICE PRESIDENT","superior","senior",""
"SENIOR VICE PRESIDENT OF TECHNOLOGY","VICE PRESIDENT","superior","senior",""
"SENIOR VICE PRESIDENT OF TREASURER","SENIOR VICE PRESIDENT OF FINANCE","","",""
"SENIOR VICE PRESIDENT OF WORKFORCE EXECUTIVE","VICE PRESIDENT","superior","senior",""
"SENIOR VICE PRESIDENT OF YOUTH DEVELOPMENT","VICE PRESIDENT","superior","senior",""
"SENIOR VICE PRESIDENT POPULATION HEALTH","VICE PRESIDENT OF HEALTH","","",""
"SENIOR VICE PRESIDENT PROGRAMS","VICE PRESIDENT OF PROGRAMS","","",""
"SENIOR VICE PRESIDENT SPECIALTY DIVISION WMG","SENIOR VICE PRESIDENT","","",""
"SENIOR VICE PRESIDENT SUPPLY CHAIN","SENIOR VICE PRESIDENT","","",""
"SENIOR VP","VICE PRESIDENT","superior","senior",""
"SENIOR WARDE","BOARD VICE PRESIDENT","superior","senior",""
"SENIOR WARDEN","BOARD VICE PRESIDENT","","","14"
"SENTINEL","BOARD MEMBER","","",""
"SEPTA REPRESENTATIVE","BOARD MEMBER","","",""
"SERCRETARY","BOARD SECRETARY","","",""
"SERETARY","BOARD SECRETARY","","",""
"SERGEANT","BOARD MEMBER","","",""
"SERGEANT @ ARMS","BOARD MEMBER","","",""
"SERGEANT AT A","BOARD MEMBER","","",""
"SERGEANT AT ARM","BOARD MEMBER","","","4"
"SERGEANT AT ARMS","BOARD MEMBER","","",""
"SERGEANT IN ARMS","BOARD MEMBER","","",""
"SERGEANT OF A","BOARD MEMBER","","",""
"SERGEANT OF ARM","BOARD MEMBER","","",""
"SERGEANT OF ARMS","BOARD MEMBER","","",""
"SERGEANT REPRESENTATIVE","BOARD MEMBER","","",""
"SERVICE","BOARD MEMBER","","",""
"SERVICE CHAIR","BOARD MEMBER","","",""
"SERVICE COORDINATOR","COORDINATOR","","",""
"SERVICE DIRECTOR","DIRECTOR","","",""
"SERVICE MANAGER","MANAGER","","",""
"SERVICE OFFICER","BOARD MEMBER","","","23"
"SERVICE PROJECTS","BOARD MEMBER","","",""
"SERVICE UNIT COUNCIL","BOARD MEMBER","","",""
"SERVICE UNIT COUNCIL MEMBER","BOARD MEMBER","","",""
"SERVICEMAN","LINEMAN","","",""
"SERVICES DIRECTOR","DIRECTOR","","",""
"SEVP","EXECUTIVE VICE PRESIDENT","superior","",""
"SEXTON","BOARD MEMBER","","",""
"SF REPRESENTATIVE","BOARD MEMBER","","",""
"SGIG","BOARD MEMBER","","",""
"SHELTER DIRECTOR","DIRECTOR","","",""
"SHELTER MANAGER","MANAGER","","",""
"SHERIFF","BOARD MEMBER","","",""
"SHF","BOARD MEMBER","","",""
"SHIFT REPRESENTATIVE","BOARD MEMBER","","",""
"SHIFT STEWAR","BOARD MEMBER","","","8"
"SHIFT STEWARD","BOARD MEMBER","","",""
"SHOP CHAIR","BOARD MEMBER","","",""
"SHOP MANAGER","MANAGER","","",""
"SHOP STEWARD","BOARD MEMBER","","",""
"SHOP STEWART","BOARD MEMBER","","",""
"SHOPSTEWARD","BOARD MEMBER","","",""
"SHOTGUN DIRECTOR","DIRECTOR","","",""
"SHOW CHAIR","BOARD MEMBER","committee","chair",""
"SHOW DIRECTOR","DIRECTOR","","",""
"SHOW MANAGER","MANAGER","","",""
"SHOW SECRETARY","BOARD MEMBER","","",""
"SHRM FOUNDATION DIRECTOR","DIRECTOR","","",""
"SIGMA","BOARD MEMBER","","",""
"SISTERHOOD DIRECTOR","DIRECTOR","","",""
"SITE ADMINISTRATOR","ADMINISTRATOR","","",""
"SITE COORDINATOR","COORDINATOR","","",""
"SITE DIRECTOR","DIRECTOR","","",""
"SITE MANAGER","MANAGER","","",""
"SITE MEDICAL DIRECTOR","DIRECTOR","","",""
"SITE PRESIDENT","BOARD MEMBER","","",""
"SITE REPRESENTATIVE","BOARD MEMBER","","",""
"SKI VICE PRESIDENT","BOARD MEMBER","","",""
"SKILLED NURSE","BOARD MEMBER","","",""
"SKILLED TRADES BOARD","BOARD MEMBER","","",""
"SMALL ASSOCIATION REPRESENTATIVE","BOARD MEMBER","","",""
"SMITH","BOARD MEMBER","","",""
"SNACK BAR","BOARD MEMBER","","",""
"SNACK BAR COORDINATOR","BOARD MEMBER","","",""
"SNACK BAR DIRECTOR","DIRECTOR","","",""
"SNACK BAR MANAGER","MANAGER","","",""
"SNACK SHACK","BOARD MEMBER","","",""
"SOCCER COMMISSIONER","BOARD MEMBER","","",""
"SOCCER COMMITTEE","BOARD MEMBER","","",""
"SOCCER DIRECTOR","DIRECTOR","","",""
"SOCIAL","BOARD MEMBER","","","4"
"SOCIAL CHAIR","BOARD MEMBER","committee","chair","5"
"SOCIAL COMMITTEE","BOARD MEMBER","","",""
"SOCIAL COMMITTEE CHAIR","BOARD MEMBER","committee","chair",""
"SOCIAL COORDINATOR","BOARD MEMBER","","",""
"SOCIAL DIRECTOR","BOARD MEMBER","","",""
"SOCIAL EVENTS","BOARD MEMBER","","",""
"SOCIAL EVENTS DIRECTOR","DIRECTOR","","",""
"SOCIAL MEDIA","BOARD MEMBER","","","3"
"SOCIAL MEDIA CHAIR","BOARD MEMBER","","",""
"SOCIAL MEDIA COORDINATOR","BOARD MEMBER","","",""
"SOCIAL MEDIA DIRECTOR","DIRECTOR","","",""
"SOCIAL MEDIA MANAGER","MANAGER","","",""
"SOCIAL SECRETARY","BOARD MEMBER","","",""
"SOCIAL VICE PRESIDENT","BOARD MEMBER","","",""
"SOCIAL WORKER","SOCIAL WORKER","","","3"
"SOCIETY PRESIDENT","BOARD PRESIDENT","","","8"
"SOFTBALL","BOARD MEMBER","","",""
"SOFTBALL COMMISSIONER","BOARD MEMBER","","",""
"SOFTBALL COMMITTEE","BOARD MEMBER","","",""
"SOFTBALL COORDINATOR","BOARD MEMBER","","",""
"SOFTBALL DIRECTOR","DIRECTOR","","",""
"SOFTBALL PRESIDENT","BOARD PRESIDENT","","",""
"SOFTBALL REPRESENTATIVE","BOARD MEMBER","","",""
"SOFTBALL VICE PRESIDENT","BOARD VICE PRESIDENT","","",""
"SOFTWARE DEVELOPMENT","TECHNOLOGY","","",""
"SOFTWARE DEVELOPMENT MANAGER","MANAGER","","",""
"SOFTWARE ENGINEER","TECHNOLOGY","","",""
"SOFTWARE ENGINEERING MANAGER","MANAGER","","",""
"SOLE MEMBER","BOARD MEMBER","","",""
"SOLICITOR","BOARD MEMBER","","",""
"SOPHOMORE CLASS REPRESENTATIVE","BOARD MEMBER","","",""
"SOUTHEASTERN REGIONAL DIRECTOR","DIRECTOR","regional","regional",""
"SOUTHWESTERN REGIONAL DIRECTOR","DIRECTOR","regional","regional",""
"SPACE COAST AND BOARD MEMBER","BOARD MEMBER","","",""
"SPANISH FORT AND AL","PROGRAMS","","","5"
"SPEAKER","BOARD MEMBER","","",""
"SPEAKER OF HOUSE","BOARD MEMBER","","",""
"SPEAKER OF TRUSTEE","BOARD MEMBER","","",""
"SPECIAL ADVI","BOARD MEMBER","","",""
"SPECIAL ADVISOR","BOARD MEMBER","","",""
"SPECIAL APPO","BOARD MEMBER","","",""
"SPECIAL APPOINTEE AND BLDR DIRECTOR","DIRECTOR","","",""
"SPECIAL APPOINTS","BOARD MEMBER","","",""
"SPECIAL ASSISTANT","ASSISTANT","","",""
"SPECIAL ASSISTANT TO PRESIDENT","ASSISTANT","","",""
"SPECIAL COUNSEL","ATTORNEY","","",""
"SPECIAL DIRECTOR","DIRECTOR","","",""
"SPECIAL EVEN","BOARD MEMBER","","",""
"SPECIAL EVENT","EVENT COORDINATOR","","","3"
"SPECIAL EVENTS","BOARD MEMBER","","","3"
"SPECIAL EVENTS CHAIR","BOARD MEMBER","committee","chair",""
"SPECIAL EVENTS COORDINATOR","BOARD MEMBER","","",""
"SPECIAL EVENTS DIRECTOR","DIRECTOR","","",""
"SPECIAL PROGRAMS","BOARD MEMBER","","",""
"SPECIAL PROJECTS","STRATEGY","","",""
"SPECIAL PROJECTS COORDINATOR","COORDINATOR","","",""
"SPECIAL PROJECTS DIRECTOR","DIRECTOR","","",""
"SPECIAL PROJECTS MANAGER","MANAGER","","",""
"SPECIAL REPRESENTATIVE","BOARD MEMBER","","",""
"SPECIAL TRUSTEE","BOARD MEMBER","","",""
"SPECIALIST","STAFF","","",""
"SPECIALIZED DIRECTOR","DIRECTOR","","",""
"SPEECH THERAPIST","THERAPIST","","",""
"SPHP SENIOR VICE PRESIDENT OF HOSPITAL OPERATIONS","VICE PRESIDENT","","",""
"SPHP VICE PRESIDENT","VICE PRESIDENT","","",""
"SPIRIT DIRECTOR","DIRECTOR","","",""
"SPIRIT WEAR","BOARD MEMBER","","",""
"SPIRITUAL AD","BOARD MEMBER","","",""
"SPIRITUAL ADVISOR","BOARD MEMBER","","",""
"SPIRITUAL DIRECTOR","BOARD MEMBER","","",""
"SPIRITWEAR","BOARD MEMBER","","",""
"SPOKESPERSON","BOARD MEMBER","","",""
"SPONSOR","BOARD MEMBER","","",""
"SPONSOR CHAIR","BOARD MEMBER","","",""
"SPONSOR COORDINATOR","BOARD MEMBER","","",""
"SPONSOR DIRECTOR","DIRECTOR","","",""
"SPONSORS","BOARD MEMBER","","",""
"SPONSORSHIP","BOARD MEMBER","","","7"
"SPONSORSHIP CHAIR","BOARD MEMBER","committee","chair",""
"SPONSORSHIP COMMITTEE CHAIR","BOARD MEMBER","committee","chair",""
"SPONSORSHIP COORDINATOR","BOARD MEMBER","","",""
"SPONSORSHIP DIRECTOR","DIRECTOR","","",""
"SPONSORSHIP MANAGER","MANAGER","","",""
"SPONSORSHIPS","BOARD MEMBER","","","6"
"SPORTING DIRECTOR","DIRECTOR","","",""
"SPORTS DIRECTOR","BOARD MEMBER","","",""
"SPORTS INFORMATION DIRECTOR","DIRECTOR","","",""
"SPOUSE FORUM","BOARD MEMBER","","",""
"SPOUSE FORUM OFFICER","BOARD MEMBER","","",""
"SPOUSE OFFICER","BOARD MEMBER","","",""
"SQUIRT DIRECTOR","DIRECTOR","","",""
"SRGT AT ARMS","BOARD MEMBER","","",""
"SRVP","VICE PRESIDENT","superior","senior",""
"SSUDF BOARD MEMBER","BOARD MEMBER","","",""
"ST DELEGATE","BOARD MEMBER","","",""
"ST DIRECTOR OF REGIONAL","DIRECTOR","regional","regional",""
"ST VICE PRESIDENT","BOARD VICE PRESIDENT","","",""
"STAFF","STAFF","","",""
"STAFF ACCOUNTANT","ACCOUNTANT","","",""
"STAFF ADVISO","BOARD MEMBER","","",""
"STAFF ASSISTANT","BOARD MEMBER","subordinate","assistant",""
"STAFF ATTORNEY","ATTORNEY","","",""
"STAFF COMMODORE","BOARD MEMBER","","",""
"STAFF COUNSEL","ATTORNEY","","",""
"STAFF DENTIST","DOCTOR","","","3"
"STAFF DIRECTOR","DIRECTOR","","",""
"STAFF LIAISON","BOARD MEMBER","","",""
"STAFF MANAGER","MANAGER","","",""
"STAFF MEMBER","STAFF","","",""
"STAFF NURSE","NURSE","","",""
"STAFF PHARMACIST","PHARMACIST","","",""
"STAFF PHYSICIAN","DOCTOR","","","3"
"STAFF PSYCHIATRIST","DOCTOR","","",""
"STAFF REPRESENTATIVE","STAFF REPRESENTATIVE","","","4"
"STAFF RN","NURSE","","",""
"STAFF VICE PRESIDENT","VICE PRESIDENT","","",""
"STAGE MANAGER","MANAGER","","",""
"STAGEHAND","PRODUCTION","","",""
"STANDARDS","BOARD MEMBER","","",""
"STANDARDS BOARD CHAIR","BOARD MEMBER","","",""
"STANDARDS CHAIR","BOARD MEMBER","","",""
"STANDARDS DIRECTOR","DIRECTOR","","",""
"STANDING COMMITTEE","BOARD MEMBER","","",""
"STANDING COMMITTEE CHAIR","BOARD MEMBER","committee","chair",""
"STANDING COMMITTEE MEMBER","BOARD MEMBER","","",""
"STANDING DIRECTOR","BOARD MEMBER","","",""
"STANDING MEMBER","BOARD MEMBER","","",""
"STANDING TRUSTEE","BOARD MEMBER","","",""
"STATE CHAPLAIN","CHAPLAIN","","",""
"STATE CORRESPONDING SECRETARY","BOARD SECRETARY","","",""
"STATE HISTORIAN","HISTORIAN","","",""
"STATE LIBRARIAN","LIBRARIAN","regional?","",""
"STATE ORGANIZING SECRETARY","BOARD SECRETARY","","",""
"STATE RECORDING SECRETARY","BOARD SECRETARY","","",""
"STATE REGISTRAR","REGISTRAR","","",""
"STATE VICE BOARD MEMBER","BOARD VICE PRESIDENT","","",""
"STATEMENT","NO TITLE","","",""
"STATEWIDE COUNCIL","BOARD MEMBER","","",""
"STATEWIDE DIRECTOR","DIRECTOR","","",""
"STATION DIRECTOR","DIRECTOR","","",""
"STATION MANAGER","STATION MANAGER","","",""
"STATISTICIAN","BOARD MEMBER","","",""
"STATUTORY AGENT","BOARD MEMBER","","",""
"STATUTORY DIRECTOR","BOARD MEMBER","","",""
"STEERING COMMITTEE","BOARD MEMBER","","","31"
"STEERING COMMITTEE CHAIR","BOARD MEMBER","committee","chair",""
"STEERING COMMITTEE MEMBER","BOARD MEMBER","committee","member",""
"STEWARD","BOARD MEMBER","","","40"
"STEWARD ALT","BOARD MEMBER","","",""
"STEWARD AND TREASURER","BOARD MEMBER","","",""
"STEWARD AND TRUSTEE","BOARD MEMBER","","",""
"STEWART","BOARD MEMBER","","","6"
"STOCKTON OF REGIONAL","DIRECTOR","","","All titles in this organization were not vaild titles but locations instead (EIN: 222570137)--not sure what's the problem here"
"STORE CO-MANAGER","MANAGER","duplex","co",""
"STORE DIRECTOR","DIRECTOR","","",""
"STORE MANAGEMENT","MANAGER","","",""
"STORE MANAGER","MANAGER","","",""
"STRATEGY","BOARD MEMBER","","",""
"STRATEGY CHAIR","BOARD MEMBER","","",""
"STRATEGY COMMITTEE CHAIR","BOARD MEMBER","committee","chair",""
"STRATEGY DIRECTOR","DIRECTOR","","",""
"STRATEGY OFFICER","CHIEF STRATEGY OFFICER","","",""
"STRATEGY PL","BOARD MEMBER","","",""
"STRATEGY PLAN","BOARD MEMBER","","",""
"STRATEGY PLANNING","BOARD MEMBER","","",""
"STRATEGY PLANNING CHAIR","BOARD MEMBER","","",""
"STRATEGY PLANNING COMMITTEE CHAIR","BOARD MEMBER","committee","chair",""
"STRATEGY TEAM","BOARD MEMBER","","",""
"STREET REPRESENTATIVE","BOARD MEMBER","","",""
"STUDENT","BOARD MEMBER","","",""
"STUDENT ACCOUNTS","BOARD MEMBER","","",""
"STUDENT ADVISOR","BOARD MEMBER","","",""
"STUDENT AFFAIRS","BOARD MEMBER","","",""
"STUDENT BOARD","BOARD MEMBER","","",""
"STUDENT BOARD MEMBER","BOARD MEMBER","","",""
"STUDENT BOARD REPRESENTATIVE","BOARD MEMBER","","",""
"STUDENT DIRECTOR","BOARD MEMBER","","","7"
"STUDENT LIAISON","BOARD MEMBER","","",""
"STUDENT MEMBER","BOARD MEMBER","","",""
"STUDENT PRESIDENT","BOARD MEMBER","","",""
"STUDENT PROGRAMS","BOARD MEMBER","","",""
"STUDENT REPRESENTATIVE","BOARD MEMBER","","","9"
"STUDENT TRUS","BOARD MEMBER","","",""
"STUDENT TRUSTEE","BOARD MEMBER","","","4"
"STUDENT VICE PRESIDENT","BOARD VICE PRESIDENT","","",""
"STUDIO DIRECTOR","STUDIO DIRECTOR","","",""
"STUDIO MANAGER","MANAGER","","",""
"SUB DIRECTOR","DIRECTOR","","",""
"SUB SECRETARY","ASSISTANT SECRETARY","","",""
"SUB TREASURER","BOARD TREASURER","","",""
"SUBSPECIALTY REPRESENTATIVE","BOARD MEMBER","","",""
"SUBSTITUTE DIRECTOR","DIRECTOR","","",""
"SUCCESSOR TRUSTEE","BOARD MEMBER","","",""
"SUNSHINE","BOARD MEMBER","","",""
"SUP COMMITTEE","BOARD MEMBER","","",""
"SUPER DIRECTOR","DIRECTOR","","",""
"SUPERINTENDANT","SUPERINTENDENT","","",""
"SUPERINTENDE","SUPERINTENDENT","","","4"
"SUPERINTENDENT","CEO","","","8"
"SUPERINTENDENT AND CEO","CEO","","",""
"SUPERINTENDENT OF SCHOOLS","BOARD MEMBER","","",""
"SUPERVISING ATTORNEY","ATTORNEY","","",""
"SUPERVISOR","SUPERVISOR","","","5"
"SUPERVISOR CHAIR","BOARD MEMBER","","",""
"SUPERVISORY","BOARD MEMBER","","",""
"SUPERVISORY CHAIR","BOARD MEMBER","","",""
"SUPERVISORY COMMITTEE","BOARD MEMBER","committee","supervisory","5"
"SUPERVISORY COMMITTEE AND CHAIR","BOARD MEMBER","committee","chair",""
"SUPERVISORY COMMITTEE CHAIR","BOARD MEMBER","committee","chair",""
"SUPERVISORY COMMITTEE MEMBER","BOARD MEMBER","committee","member",""
"SUPERVISORY MEMBER","BOARD MEMBER","","",""
"SUPPLEMENTA","NO TITLE","","",""
"SUPPLEMENTAL","BOARD MEMBER","","",""
"SUPPLIER","BOARD MEMBER","","",""
"SUPPLIER DIRECTOR","DIRECTOR","","",""
"SUPPLIER MEMBER DIRECTOR","BOARD MEMBER","","",""
"SUPPLIER REPRESENTATIVE","BOARD MEMBER","","",""
"SUPPLY CHAIR","BOARD MEMBER","committee","chair",""
"SUPPLY COORDINATOR","BOARD MEMBER","","",""
"SUPPLY OFFICER","BOARD MEMBER","","",""
"SUPPLYSIDE DIRECTOR","DIRECTOR","","",""
"SUPPORT","BOARD MEMBER","","",""
"SUPPORT STAFF","STAFF","","",""
"SUPREME DIRECTOR REGIONAL","BOARD MEMBER","","",""
"SUPREME TREASURER","BOARD TREASURER","","",""
"SUPREME TRUSTEE","BOARD MEMBER","","","6"
"SUPV CMTE CHAIR","BOARD MEMBER","","",""
"SUPV CMTE MEMBER","BOARD MEMBER","","","7"
"SURGEON","BOARD MEMBER","","",""
"SURGEON GENERAL","SURGEON","superior","general",""
"SURGEON IN CHIEF","CHIEF","","",""
"SUSTAINER","BOARD MEMBER","","",""
"SUSTAINER ADVISOR","BOARD MEMBER","","",""
"SUSTAINER DIRECTOR","DIRECTOR","","",""
"SUSTAINER RE","BOARD MEMBER","","",""
"SUSTAINER REPRESENTATIVE","BOARD MEMBER","","",""
"SUSTAINER VICE PRESIDENT","BOARD VICE PRESIDENT","","",""
"SUSTAINING ADVISOR","BOARD MEMBER","","",""
"SUSTAINING BOARD MEMBERS","BOARD MEMBER","","",""
"SUSTAINING MEMBER","BOARD MEMBER","","",""
"SUSTAINING MEMBER COLLECTOR'S COUN","BOARD MEMBER","","",""
"SUSTAINING TRUSTEE","BOARD MEMBER","","",""
"SVC OFFICER","BOARD MEMBER","","",""
"SVP","VICE PRESIDENT","superior","senior",""
"SWIM CHAIR","SPORTS","","","5"
"SWIM TEAM","BOARD MEMBER","","",""
"SWIM TEAM DIRECTOR","DIRECTOR","","",""
"SWIM TEAM REPRESENTATIVE","BOARD MEMBER","","",""
"SYSTEMS ADMINISTRATOR","TECHNOLOGY","","",""
"SYSTEMS BOARD MEMBER","BOARD MEMBER","","",""
"SYSTEMS CEO","CEO","","",""
"SYSTEMS CFO","CHIEF FINANCIAL OFFICER","","",""
"SYSTEMS CHIEF LEGAL OFFICER","CHIEF","","",""
"SYSTEMS CHIEF MEDICAL OFFICER","CHIEF MEDICAL OFFICER","","",""
"SYSTEMS COO","CHIEF OPERATING OFFICER","","",""
"SYSTEMS DIRECTOR","DIRECTOR","","",""
"SYSTEMS ENGINEER","TECHNOLOGY","","",""
"SYSTEMS MANAGER","MANAGER","","",""
"SYSTEMS OPERATIONS","OPERATIONS","","",""
"SYSTEMS PRESIDENT","CEO","","",""
"SYSTEMS SENIOR VICE PRESIDENT OF OPERATIONS","VICE PRESIDENT","","",""
"SYSTEMS VICE PRESIDENT","VICE PRESIDENT","","",""
"SYSTEMS VICE PRESIDENT OF FINANCE","VICE PRESIDENT OF FINANCE","","",""
"TAB DIRECTOR","DIRECTOR","","",""
"TAB LIFE DIRECTOR","DIRECTOR","","",""
"TAIL TWISTER","BOARD MEMBER","","",""
"TAILTWISTER","BOARD MEMBER","","",""
"TAMPA AND BOARD MEMBER","BOARD MEMBER","","",""
"TAR DIRECTOR","DIRECTOR","","",""
"TAU","BOARD MEMBER","","",""
"TAX OFFICER","BOARD MEMBER","","",""
"TCF CLERK DIRECTOR","DIRECTOR","","",""
"TEA","TEACHER","","",""
"TEACHER","TEACHER","","",""
"TEACHER AND EXOFFICIO SCHOOL","TEACHER","","",""
"TEACHER APPRECIATION","BOARD MEMBER","","",""
"TEACHER ASSISTANT","EDUCATION","","",""
"TEACHER DIRECTOR","BOARD MEMBER","","",""
"TEACHER LIAI","BOARD MEMBER","","",""
"TEACHER LIAISON","BOARD MEMBER","","",""
"TEACHER MEMBER","BOARD MEMBER","","",""
"TEACHER REPRESENTATIVE","BOARD MEMBER","","","4"
"TEACHING ARTIST","ARTIST","","",""
"TEAM COORDINATOR","BOARD MEMBER","","",""
"TEAM DIRECTOR","DIRECTOR","","",""
"TEAM LEADER","TEAM LEADER","","","5"
"TEAM MANAGER","MANAGER","","",""
"TEAM MEMBER","BOARD MEMBER","","",""
"TEAM PARENT","BOARD MEMBER","","",""
"TEAM PARENT COORDINATOR","BOARD MEMBER","","",""
"TEAM REPRESENTATIVE","BOARD MEMBER","","",""
"TEASURER","BOARD TREASURER","","",""
"TECHNOLOGY","TECHNOLOGY","","",""
"TECHNOLOGY ADVISOR","BOARD MEMBER","","",""
"TECHNOLOGY CHAIR","BOARD MEMBER","","",""
"TECHNOLOGY COMMITTEE CHAIR","BOARD MEMBER","committee","chair",""
"TECHNOLOGY COORDINATOR","BOARD MEMBER","","",""
"TECHNOLOGY DIRECTOR","DIRECTOR OF TECHNOLOGY","","",""
"TECHNOLOGY LEAD","BOARD MEMBER","","",""
"TECHNOLOGY MANAGER","MANAGER","","",""
"TECHNOLOGY MEMBER","BOARD MEMBER","","",""
"TECHNOLOGY O","BOARD MEMBER","","",""
"TECHNOLOGY OFFICER","BOARD MEMBER","","",""
"TECHNOLOGY REPRESENTATIVE","BOARD MEMBER","","",""
"TECHNOLOGY SERVICES DIRECTOR","DIRECTOR","","",""
"TECHNOLOGY SUPPORT","BOARD MEMBER","","",""
"TECHNOLOGY VICE PRESIDENT","BOARD VICE PRESIDENT","","",""
"TEEN DIRECTOR","DIRECTOR","","",""
"TEEN REPRESENTATIVE","BOARD MEMBER","","",""
"TENANT ASSN","BOARD MEMBER","","",""
"TENANT REPRESENTATIVE","BOARD MEMBER","","",""
"TENNIS","BOARD MEMBER","","",""
"TENNIS CHAIR","BOARD MEMBER","committee","chair","3"
"TENNIS DIRECTOR","DIRECTOR","","",""
"TENNIS PRO","ATHLETE","","","4"
"TENNIS PROFESSIONAL","ATHLETE","","",""
"TEST CHAIR","BOARD MEMBER","","",""
"THEATER DIRECTOR","DIRECTOR","","",""
"THEATER MANAGER","MANAGER","","",""
"THERAPIST","THERAPIST","","","7"
"THERAPY DIRECTOR","DIRECTOR","","",""
"THETA","BOARD MEMBER","","",""
"THETA IOTA","BOARD MEMBER","","",""
"THETA LAMBDA","BOARD MEMBER","","",""
"THETA OMEGA","BOARD MEMBER","","",""
"THETA OMICRON","BOARD MEMBER","","",""
"THETA PI","BOARD MEMBER","","",""
"THETA PSI","BOARD MEMBER","","",""
"THETA SIGMA","BOARD MEMBER","","",""
"THETA TAU","BOARD MEMBER","","",""
"THETA UPSILON","BOARD MEMBER","","",""
"THRICE POTENT MASTER","BOARD PRESIDENT","","",""
"THRIFT SHOP","BOARD MEMBER","","",""
"THRIFT SHOP CHAIR","BOARD MEMBER","","",""
"THRIFT SHOP MANAGER","MANAGER","","",""
"THRIFT STORE MANAGER","MANAGER","","",""
"TICKET MANAGER","MANAGER","","",""
"TILER","BOARD MEMBER","","","15"
"TIRE AND RUBBER DIRECTOR","DIRECTOR","","",""
"TITLE DIRECTOR","BOARD MEMBER","","",""
"TOP FINANCE OFFICER","CHIEF FINANCIAL OFFICER","","",""
"TOP MANAGEMENT OFFICER","CEO","","",""
"TOUR DIRECTOR","DIRECTOR","","",""
"TOUR REPRESENTATIVE","BOARD MEMBER","","",""
"TOURISM DIRECTOR","DIRECTOR","","",""
"TOURN DIRECTOR","DIRECTOR","","",""
"TOURNAMENT CHAIR","BOARD MEMBER","","",""
"TOURNAMENT COORDINATOR","BOARD MEMBER","","",""
"TOURNAMENT DIRECTOR","BOARD MEMBER","","",""
"TOURNAMENT MANAGER","MANAGER","","",""
"TOURNAMENTS","BOARD MEMBER","","",""
"TOWN LIAISON","LIAISON","regional","",""
"TOWN REPRESENTATIVE","BOARD MEMBER","","",""
"TRACK DIRECTOR","DIRECTOR","","",""
"TRACK OPERATIONS","OPERATIONS","","",""
"TRADE DIRECTOR","DIRECTOR","","",""
"TRADE PARTNER DIRECTOR","DIRECTOR","","",""
"TRAESURER","BOARD TREASURER","","",""
"TRAGEDIAN","BOARD MEMBER","","",""
"TRAIL ADMINISTRATION","BOARD MEMBER","","",""
"TRAIL ADMINISTRATOR","BOARD MEMBER","","",""
"TRAIL BOSS","BOARD MEMBER","","",""
"TRAIL COORDINATOR","BOARD MEMBER","","",""
"TRAIL MASTER","BOARD MEMBER","","",""
"TRAINEE REPRESENTATIVE","BOARD MEMBER","","",""
"TRAINER","BOARD MEMBER","","",""
"TRAINING","BOARD MEMBER","","",""
"TRAINING CHAIR","BOARD MEMBER","","",""
"TRAINING COO","TRAINING COORDINATOR","","",""
"TRAINING COORDINATOR","TRAINING COORDINATOR","","",""
"TRAINING DIRECTOR","TRAINING DIRECTOR","","","8"
"TRAINING INSTRUCTOR","INSTRUCTOR","","",""
"TRAINING MANAGER","MANAGER","","",""
"TRAINING OFFICER","TRAINING OFFICER","","","3"
"TRANSPORTATION","BOARD MEMBER","","",""
"TRANSPORTATION COMMITTEE CHAIR","BOARD MEMBER","committee","chair",""
"TRANSPORTATION COORDINATOR","BOARD MEMBER","","",""
"TRANSPORTATION DIRECTOR","DIRECTOR","","",""
"TRANSPORTATION RN","NURSE","","","3"
"TRAP REPRESENTATIVE","BOARD MEMBER","","",""
"TRASURER","BOARD TREASURER","","",""
"TRAVEL","BOARD MEMBER","","",""
"TRAVEL COACH","BOARD MEMBER","","",""
"TRAVEL COMMISSIONER","BOARD MEMBER","","",""
"TRAVEL COORDINATOR","BOARD MEMBER","","",""
"TRAVEL DIRECTOR","DIRECTOR","","",""
"TRAVEL PRESIDENT","BOARD MEMBER","","",""
"TRAVEL REGISTRAR","BOARD MEMBER","","",""
"TRAVEL TREASURER","BOARD MEMBER","","",""
"TRAVEL VICE PRESIDENT","BOARD MEMBER","","",""
"TRAVELING DIRECTOR","DIRECTOR","","",""
"TREASURER","BOARD TREASURER","","",""
"TREASURER """"""""""""""""","BOARD MEMBER","","",""
"TREASURER AN","BOARD TREASURER","","","3"
"TREASURER AND AS","BOARD TREASURER","","",""
"TREASURER AND B","BOARD TREASURER","","",""
"TREASURER AND BOARD","BOARD TREASURER","","",""
"TREASURER AND BOARD OF TRUSTEES","BOARD TREASURER","","",""
"TREASURER AND CFO","CHIEF FINANCIAL OFFICER","","",""
"TREASURER AND COMMITTEE","BOARD TREASURER","","",""
"TREASURER AND DIRECTOR","DIRECTOR","","",""
"TREASURER AND EXECUTIVE COMMITTEE","BOARD TREASURER","","",""
"TREASURER AND FINANCE","BOARD TREASURER","","",""
"TREASURER AND FINANCE COMMITTEE","BOARD TREASURER","","",""
"TREASURER AND P","BOARD TREASURER","","",""
"TREASURER AND PART TIME","BOARD TREASURER","","",""
"TREASURER AND REGIONAL","BOARD TREASURER","regional","regional",""
"TREASURER AND REGISTRAR","BOARD TREASURER","","",""
"TREASURER AND S","BOARD TREASURER","","",""
"TREASURER AND SECT","BOARD TREASURER","","",""
"TREASURER AND V","BOARD TREASURER","","",""
"TREASURER AS","BOARD TREASURER","","",""
"TREASURER ASSISTANT","BOARD TREASURER","","",""
"TREASURER BOARD","BOARD TREASURER","","",""
"TREASURER BOARD DIRECTOR","DIRECTOR","","",""
"TREASURER BOARD MEMBER","BOARD TREASURER","","",""
"TREASURER BOARD OF DIRECTOR","DIRECTOR","","",""
"TREASURER BUSINESS MANAGER","MANAGER","","",""
"TREASURER CFO","BOARD TREASURER","","",""
"TREASURER CFO DIRECTOR","DIRECTOR","","",""
"TREASURER CHAIR","BOARD TREASURER","","",""
"TREASURER CLERK","BOARD TREASURER","","",""
"TREASURER COMMITTEE","BOARD MEMBER","","",""
"TREASURER DIRECTOR","BOARD TREASURER","","",""
"TREASURER EXECUTIVE","BOARD TREASURER","","",""
"TREASURER F","BOARD TREASURER","","",""
"TREASURER FY","BOARD TREASURER","","",""
"TREASURER GENERAL","BOARD TREASURER","","",""
"TREASURER IN","BOARD TREASURER","","",""
"TREASURER MANAGER","MANAGER","","",""
"TREASURER MEMBER","BOARD TREASURER","","",""
"TREASURER NOT A DIRECTOR","DIRECTOR","","",""
"TREASURER OF BOARD","BOARD TREASURER","","",""
"TREASURER OF BOARD OF DIRECTOR","BOARD TREASURER","","","4"
"TREASURER OFFICER","BOARD TREASURER","","",""
"TREASURER P","BOARD TREASURER","","",""
"TREASURER PT","BOARD TREASURER","","",""
"TREASURER REGIONAL","BOARD TREASURER","","",""
"TREASURER REGIONAL F","BOARD TREASURER","","",""
"TREASURER SECRETARY","BOARD TREASURER","","",""
"TREASURER SECRETARY DIRECTOR","DIRECTOR","","",""
"TREASURER TH","BOARD TREASURER","","",""
"TREASURER TILL","BOARD TREASURER","","",""
"TREASURER TRUSTEE","BOARD TREASURER","","","3"
"TREASURER VICE PRESIDENT","BOARD TREASURER","","",""
"TRI CHAIR","BOARD MEMBER","committee","chair",""
"TRIAL BOARD","BOARD MEMBER","","",""
"TRIBAL COUNCIL","BOARD MEMBER","","",""
"TRIBE REPRESENTATIVE REGIONAL","BOARD MEMBER","regional","regional",""
"TRINITY EXECUTIVE VICE PRESIDENT","EXECUTIVE VICE PRESIDENT","","",""
"TRINITY HEALTH EXECUTIVE VICE PRESIDENT","BOARD MEMBER","","",""
"TRINITY SENIOR VICE PRESIDENT","BOARD MEMBER","","",""
"TRIP DIRECTOR","DIRECTOR","","",""
"TROOP","NO TITLE","","",""
"TROOP DIRECTOR","DIRECTOR","","",""
"TRSTEE","BOARD MEMBER","","",""
"TRSUTEE","BOARD MEMBER","","",""
"TRUS","BOARD MEMBER","","",""
"TRUSEE","BOARD MEMBER","","",""
"TRUST","BOARD MEMBER","","","6"
"TRUST ADMINISTRATOR","FUND ADMINISTRATOR","","",""
"TRUST CHAIR","BOARD PRESIDENT","","",""
"TRUST OFFICER","BOARD MEMBER","","",""
"TRUSTEE","BOARD MEMBER","","",""
"TRUSTEE #","BOARD MEMBER","","",""
"TRUSTEE 'DIRECTOR","DIRECTOR","","",""
"TRUSTEE ADVISORY","BOARD MEMBER","duplex","advisory",""
"TRUSTEE AHS","BOARD MEMBER","","",""
"TRUSTEE ALT","BOARD MEMBER","","",""
"TRUSTEE ALTERNATE","BOARD MEMBER","duplex","alternate","9"
"TRUSTEE AND","BOARD MEMBER","","","12"
"TRUSTEE AND ALTERNATE","BOARD MEMBER","","",""
"TRUSTEE AND ASSISTANT CHIEF","CHIEF","subordinate","assistant",""
"TRUSTEE AND BA","BUSINESS AGENT","","",""
"TRUSTEE AND BOARD","BOARD MEMBER","","",""
"TRUSTEE AND CBMC","BOARD MEMBER","","",""
"TRUSTEE AND CHIEF OF STAFF","CHIEF","","",""
"TRUSTEE AND CSH","BOARD MEMBER","","",""
"TRUSTEE AND CYPT","BOARD MEMBER","","",""
"TRUSTEE AND DE","BOARD MEMBER","","",""
"TRUSTEE AND DELEGATE","BOARD MEMBER","","",""
"TRUSTEE AND EMPLOYEE","BOARD MEMBER","","",""
"TRUSTEE AND EXOFFICIO","BOARD MEMBER","duplex","exofficio",""
"TRUSTEE AND FACULTY","BOARD MEMBER","","",""
"TRUSTEE AND IN","BOARD MEMBER","","",""
"TRUSTEE AND JOINED","BOARD MEMBER","","",""
"TRUSTEE AND KS","BOARD MEMBER","","",""
"TRUSTEE AND LAKEWOOD","BOARD MEMBER","","",""
"TRUSTEE AND LCI","BOARD MEMBER","","",""
"TRUSTEE AND MMC","BOARD MEMBER","","",""
"TRUSTEE AND PART TIME","BOARD MEMBER","","",""
"TRUSTEE AND PHY","DOCTOR","","",""
"TRUSTEE AND PHYS","DOCTOR","","",""
"TRUSTEE AND PHYSICIAN","DOCTOR","","","4"
"TRUSTEE AND PRESIDENT","PRESIDENT","","",""
"TRUSTEE AND PROFESSOR","BOARD MEMBER","","",""
"TRUSTEE AND REGIONAL","BOARD MEMBER","regional","regional",""
"TRUSTEE AND REGIONAL WINDSOR","BOARD MEMBER","","",""
"TRUSTEE AND RI","BOARD MEMBER","","",""
"TRUSTEE AND RWJUHH","BOARD MEMBER","","",""
"TRUSTEE AND SANFORD PHYSICIAN","DOCTOR","","",""
"TRUSTEE AND SCH O","BOARD MEMBER","","",""
"TRUSTEE AND UNION","BOARD MEMBER","","",""
"TRUSTEE AND UTP","BOARD MEMBER","","",""
"TRUSTEE APPOINTED","BOARD MEMBER","","",""
"TRUSTEE AS REQUIRED","BOARD MEMBER","","",""
"TRUSTEE AT L","BOARD MEMBER","","",""
"TRUSTEE BALL COORDINATOR","BOARD MEMBER","","",""
"TRUSTEE BALL DIRECTOR","DIRECTOR","","",""
"TRUSTEE BEGI","BOARD MEMBER","","",""
"TRUSTEE BOARD","BOARD MEMBER","","",""
"TRUSTEE BOARD MEMBER","BOARD MEMBER","","",""
"TRUSTEE BY VIRTUE OF OFFICER","BOARD MEMBER","","",""
"TRUSTEE CHAIR","BOARD PRESIDENT","","",""
"TRUSTEE CLASS","BOARD MEMBER","","",""
"TRUSTEE COMMITTEE CHAIR","BOARD MEMBER","committee","chair",""
"TRUSTEE COMMONWEALTH APPOINTEE","BOARD MEMBER","","",""
"TRUSTEE DIRECTOR","BOARD MEMBER","","",""
"TRUSTEE DIVERSI","BOARD MEMBER","","",""
"TRUSTEE ELECTED","BOARD MEMBER","","",""
"TRUSTEE EMPLOYER","BOARD MEMBER","","",""
"TRUSTEE EXOFFICIO","BOARD MEMBER","duplex","exofficio",""
"TRUSTEE FOR","BOARD MEMBER","","",""
"TRUSTEE HONORARY","BOARD MEMBER","duplex","honorary",""
"TRUSTEE IN","BOARD MEMBER","","",""
"TRUSTEE JOINED","BOARD MEMBER","","",""
"TRUSTEE LEAVE OF ABSENCE","BOARD MEMBER","","",""
"TRUSTEE LEGACY","BOARD MEMBER","","",""
"TRUSTEE LIAISON","BOARD MEMBER","","",""
"TRUSTEE LODGE","BOARD MEMBER","","",""
"TRUSTEE MEMBER","BOARD MEMBER","","",""
"TRUSTEE MID","BOARD MEMBER","","",""
"TRUSTEE NONVOTING","BOARD MEMBER","","",""
"TRUSTEE NONVOTING REGIONAL APP","BOARD MEMBER","regional","regional",""
"TRUSTEE OF ADVISORY BOARD","BOARD MEMBER","","",""
"TRUSTEE OF ARTIST","BOARD MEMBER","","",""
"TRUSTEE OF BOARD","BOARD MEMBER","","",""
"TRUSTEE OF BUSINESS AGENT","BUSINESS AGENT","","","4"
"TRUSTEE OF COMMITTEE","BOARD MEMBER","","",""
"TRUSTEE OF DEVELOPMENT","BOARD MEMBER","","",""
"TRUSTEE OF EXECUTIVE COMMITTEE","BOARD MEMBER","committee","executive",""
"TRUSTEE OF FINANCE","BOARD MEMBER","","",""
"TRUSTEE OF FOUNDATION","BOARD MEMBER","","",""
"TRUSTEE OF LABOR","BOARD MEMBER","","",""
"TRUSTEE OF LIFE","BOARD MEMBER","","",""
"TRUSTEE OF MANAGEMENT","BOARD MEMBER","","",""
"TRUSTEE OF MARKETING","BOARD MEMBER","","",""
"TRUSTEE OFFICIO","BOARD MEMBER","duplex","exofficio","4"
"TRUSTEE P","BOARD MEMBER","","","3"
"TRUSTEE PART","BOARD MEMBER","","",""
"TRUSTEE PART TIME","BOARD MEMBER","","",""
"TRUSTEE PARTIAL","BOARD MEMBER","","",""
"TRUSTEE PCT","BOARD MEMBER","","",""
"TRUSTEE PIONEERS DIRECTOR","BOARD MEMBER","","",""
"TRUSTEE POS","BOARD MEMBER","","","6"
"TRUSTEE PRESIDENT","BOARD PRESIDENT","","",""
"TRUSTEE REGIONAL","BOARD MEMBER","","",""
"TRUSTEE REPRESENTATIVE","BOARD MEMBER","","",""
"TRUSTEE RESOURCES","BOARD MEMBER","","",""
"TRUSTEE SCH O","BOARD MEMBER","","",""
"TRUSTEE SECRETARY","BOARD SECRETARY","","",""
"TRUSTEE SERVICE","BOARD MEMBER","","",""
"TRUSTEE TERMED","BOARD MEMBER","","","3"
"TRUSTEE TREASURER","BOARD TREASURER","","",""
"TRUSTEE TRUSTEE","BOARD MEMBER","","",""
"TRUSTEE UNION","BOARD MEMBER","","",""
"TRUSTEE VARIOUS","BOARD MEMBER","","",""
"TRUSTEE VICE CHAIR","BOARD VICE PRESIDENT","","",""
"TRUSTEE VICE PRESIDENT","BOARD VICE PRESIDENT","","","*vice president of board is a subordinate of president"
"TRUSTEE VOLUNTEER","BOARD MEMBER","","",""
"TRUSTEE YE","BOARD MEMBER","","",""
"TRUSTEE YEARS","BOARD MEMBER","","",""
"TRUSTEEBENEFACTOR","BOARD MEMBER","","",""
"TRUSTEEDEACON","BOARD MEMBER","","",""
"TRUSTEEDIRECTOR","BOARD MEMBER","","",""
"TRUSTEEE","BOARD MEMBER","","",""
"TRUSTEEEMERITUS","BOARD MEMBER","duplex","emeritus",""
"TRUSTEES","BOARD MEMBER","","","13"
"TRUSTEETO","BOARD MEMBER","","",""
"TRUSTREE","BOARD MEMBER","","",""
"TRUSTTEE","BOARD MEMBER","","",""
"TRUTEE","BOARD MEMBER","","",""
"TRYOUT DIRECTOR","DIRECTOR","","",""
"TSCPA DIRECTOR","BOARD MEMBER","","",""
"TTE","BOARD MEMBER","","",""
"TURSTEE","BOARD MEMBER","","",""
"TUSTEE","BOARD MEMBER","","",""
"TUTOR","INSTRUCTOR","","",""
"TXCPA DIRECTOR","DIRECTOR","","",""
"TYLER","BOARD MEMBER","","",""
"U COORDINATOR","BOARD MEMBER","","",""
"U DIRECTOR","BOARD MEMBER","","",""
"U DIVISION MANAGER","MANAGER","","",""
"U REPRESENTATIVE","BOARD MEMBER","","",""
"UAL LEC CHAIR","BOARD MEMBER","committee","chair",""
"UAL LEC STR","BOARD MEMBER","","",""
"UAL LEC VCH","BOARD MEMBER","","",""
"UIC","BOARD MEMBER","","",""
"UMASS MEMORIAL HEALTH CARE AND INC","BOARD MEMBER","","",""
"UMPIRE CHIEF","BOARD MEMBER","","",""
"UMPIRE COORDINATOR","BOARD MEMBER","","",""
"UMPIRE DIRECTOR","PROGRAMS","","","3"
"UMPIRE IN CHARGE","BOARD MEMBER","","",""
"UMPIRE IN CHIEF","BOARD MEMBER","superior","chief","6"
"UMPIRE REPRESENTATIVE","BOARD MEMBER","","",""
"UMPIRES","BOARD MEMBER","","",""
"UNDERGRAD DIRECTOR","UNDERGRAD DIRECTOR","","","6"
"UNDERGRADUATE DIRECTOR","DIRECTOR","","",""
"UNDERGRADUATE REPRESENTATIVE","BOARD MEMBER","","",""
"UNIFORM CHAIR","BOARD MEMBER","","",""
"UNIFORM COORDINATOR","PROGRAMS","","","3"
"UNIFORM DIRECTOR","DIRECTOR","","",""
"UNIFORM MANAGER","MANAGER","","",""
"UNIFORMS","BOARD MEMBER","","",""
"UNIFORMS DIRECTOR","DIRECTOR","","",""
"UNIFORMS MANAGER","MANAGER","","",""
"UNION CHAIR","BOARD PRESIDENT","","",""
"UNION DIRECTOR","DIRECTOR","","",""
"UNION PRESIDENT","BOARD PRESIDENT","","",""
"UNION REPRESENTATIVE","BOARD MEMBER","","",""
"UNION STEWARD","BOARD MEMBER","","",""
"UNION TRUSTEE","BOARD MEMBER","","","78"
"UNION TRUSTEE ALT","BOARD MEMBER","","",""
"UNION TRUSTEE ALTERNATE","BOARD MEMBER","","",""
"UNION TRUSTEE AND ALTERNATE","BOARD MEMBER","","",""
"UNION TRUSTEE P","BOARD MEMBER","","",""
"UNION TRUSTEE REGIONAL","BOARD MEMBER","","",""
"UNION VICE PRESIDENT","BOARD VICE PRESIDENT","","",""
"UNISERV DIRECTOR","STAFF REPRESENTATIVE","","",""
"UNISERV REPRESENTATIVE","STAFF REPRESENTATIVE","","",""
"UNIT CHAIR","BOARD MEMBER","committee","chair",""
"UNIT DIRECTOR","DIRECTOR","","",""
"UNIT MANAGER","MANAGER","","",""
"UNIT PRESIDENT","BOARD PRESIDENT","","",""
"UNIT REPRESENTATIVE","BOARD MEMBER","","",""
"UNIT VICE PRESIDENT","BOARD VICE PRESIDENT","","",""
"UNIVERSITY","BOARD MEMBER","","",""
"UNIVERSITY COUNSEL","GENERAL COUNSEL","","",""
"UNIVERSITY DIRECTOR","DIRECTOR","","",""
"UNIVERSITY PRESIDENT","PRESIDENT","","",""
"UNIVERSITY REPRESENTATIVE","BOARD MEMBER","","",""
"UNIVERSITY TRUSTEE","BOARD MEMBER","","",""
"UPPER SCHOOL DIRECTOR","HEAD OF DIVISION","","",""
"UPPER SCHOOL HEAD","HEAD OF DIVISION","","",""
"UPPER SCHOOL PRINCIPAL","HEAD OF DIVISION","","",""
"UPSILON","BOARD MEMBER","","",""
"UROLOGIST","DOCTOR","","",""
"US DIRECTOR","DIRECTOR","","",""
"US REPRESENTATIVE","BOARD MEMBER","","",""
"USA DIRECTOR","DIRECTOR","","",""
"USA KS REPRESENTATIVE","BOARD MEMBER","","",""
"USA REPRESENTATIVE","BOARD MEMBER","","",""
"USACV DIRECTOR","DIRECTOR","","",""
"UTILITY BOARD MEMBER","BOARD MEMBER","","",""
"UTILITY DIRECTOR","DIRECTOR","","",""
"V AND P","BOARD VICE PRESIDENT","","",""
"V AND P DIRECTOR","DIRECTOR","","",""
"V AND PRESIDENT","BOARD VICE PRESIDENT","","",""
"V CHAIR","BOARD VICE PRESIDENT","","","5"
"V COMMANDER","BOARD VICE PRESIDENT","","","3"
"V COMMITTEE","BOARD VICE PRESIDENT","","",""
"V COMMODORE","BOARD VICE PRESIDENT","","",""
"V P","BOARD VICE PRESIDENT","","",""
"V PRESIDENT","BOARD VICE PRESIDENT","","",""
"V-PRESIDENT","VICE PRESIDENT","","",""
"VARIOUS","NO TITLE","","",""
"VARSITY REPRESENTATIVE","BOARD MEMBER","","",""
"VCHAIR","BOARD VICE PRESIDENT","","",""
"VCHAIRMAN","BOARD VICE PRESIDENT","","",""
"VEBA COMMITTEE","BOARD MEMBER","","",""
"VEBA COMMITTEE MEMBER","BOARD MEMBER","","",""
"VENDOR CHAIR","BOARD MEMBER","","",""
"VENDOR COORDINATOR","BOARD MEMBER","","",""
"VENDOR DIRECTOR","DIRECTOR","","",""
"VENDOR DIVISION DIRECTOR","DIRECTOR","","",""
"VENDOR REPRESENTATIVE","BOARD MEMBER","","",""
"VENERABLE MA","BOARD PRESIDENT","","",""
"VENERABLE MASTER","BOARD PRESIDENT","","",""
"VETERINARIAN","VETERINARIAN","","",""
"VIC PRESIDENT","BOARD VICE PRESIDENT","","",""
"VICAR","BOARD MEMBER","","",""
"VICAR GENERAL","BOARD MEMBER","","",""
"VICE","VICE PRESIDENT","","",""
"VICE ALL","BOARD VICE PRESIDENT","","",""
"VICE ARCHON","BOARD VICE PRESIDENT","","",""
"VICE BOARD CHAIR","BOARD VICE PRESIDENT","","",""
"VICE BOARD MEMBER","BOARD VICE PRESIDENT","","",""
"VICE CDR","BOARD VICE PRESIDENT","","",""
"VICE CHAIR","BOARD VICE PRESIDENT","","",""
"VICE CHAIR A","BOARD VICE PRESIDENT","","","3"
"VICE CHAIR AND BOARD","BOARD VICE PRESIDENT","","",""
"VICE CHAIR AND BOARD OF TRUSTEES","BOARD VICE PRESIDENT","","",""
"VICE CHAIR AND GOVERNANCE","BOARD VICE PRESIDENT","","",""
"VICE CHAIR AND PHYSICIAN","BOARD VICE PRESIDENT","","",""
"VICE CHAIR AND PROGRAMS","BOARD VICE PRESIDENT","","",""
"VICE CHAIR AND REGIONAL","BOARD MEMBER","","",""
"VICE CHAIR AND S","BOARD VICE PRESIDENT","","","3"
"VICE CHAIR B","BOARD VICE PRESIDENT","","",""
"VICE CHAIR BOARD","BOARD VICE PRESIDENT","","",""
"VICE CHAIR BOARD MEMBER","BOARD VICE PRESIDENT","","",""
"VICE CHAIR BOARD OF DIRECTOR","DIRECTOR","committee","chair",""
"VICE CHAIR BOARD OF TRUSTEES","BOARD VICE PRESIDENT","","",""
"VICE CHAIR CHAIR","BOARD VICE PRESIDENT","","",""
"VICE CHAIR DIRECTOR","DIRECTOR","committee","chair",""
"VICE CHAIR E","BOARD VICE PRESIDENT","","",""
"VICE CHAIR F","BOARD VICE PRESIDENT","","",""
"VICE CHAIR FR","BOARD MEMBER","committee","chair",""
"VICE CHAIR GOVERNANCE","BOARD VICE PRESIDENT","committee","chair",""
"VICE CHAIR GOVERNOR","BOARD MEMBER","","",""
"VICE CHAIR M","BOARD VICE PRESIDENT","","",""
"VICE CHAIR O","BOARD VICE PRESIDENT","","",""
"VICE CHAIR OF ADMINISTRATION","BOARD VICE PRESIDENT","","",""
"VICE CHAIR OF AUDIT","BOARD MEMBER","committee","chair",""
"VICE CHAIR OF BOARD","BOARD VICE PRESIDENT","committee","chair",""
"VICE CHAIR OF BOARD AND FIELD OPERATIONS","OPERATIONS","committee","chair",""
"VICE CHAIR OF BOARD DEVELOPMENT","BOARD VICE PRESIDENT","","",""
"VICE CHAIR OF BOARD MEMBER","BOARD VICE PRESIDENT","","",""
"VICE CHAIR OF BOARD OF DIRECTOR","DIRECTOR","committee","chair",""
"VICE CHAIR OF BOARD OF TRUSTEES","BOARD VICE PRESIDENT","","",""
"VICE CHAIR OF BSMH CHIEF CLINICAL OFFICER","CHIEF","committee","chair",""
"VICE CHAIR OF CHAIR","BOARD VICE PRESIDENT","","",""
"VICE CHAIR OF COMMITTEE","BOARD MEMBER","committee","chair",""
"VICE CHAIR OF COMMUNICATIONS","BOARD VICE PRESIDENT","","",""
"VICE CHAIR OF COMMUNITY DEVELOPMENT","BOARD MEMBER","","",""
"VICE CHAIR OF DEVELOPMENT","BOARD VICE PRESIDENT","subordinate","vice",""
"VICE CHAIR OF ECONOMIC DEVELOPMENT","BOARD VICE PRESIDENT","","",""
"VICE CHAIR OF EDUCATION","BOARD VICE PRESIDENT","committee","chair",""
"VICE CHAIR OF EVENTS","BOARD VICE PRESIDENT","","",""
"VICE CHAIR OF EXECUTIVE COMMITTEE","BOARD VICE PRESIDENT","committee","chair",""
"VICE CHAIR OF EXTERNAL AFFAIRS","BOARD MEMBER","committee","chair",""
"VICE CHAIR OF FINANCE","BOARD VICE PRESIDENT","committee","chair",""
"VICE CHAIR OF FUND DEVELOPMENT","BOARD VICE PRESIDENT","","",""
"VICE CHAIR OF FUNDRAISING","BOARD VICE PRESIDENT","","",""
"VICE CHAIR OF GOVERNANCE","BOARD VICE PRESIDENT","committee","chair",""
"VICE CHAIR OF GOVERNMENT AFFAIRS","BOARD VICE PRESIDENT","","",""
"VICE CHAIR OF HUMAN RESOURCES","BOARD VICE PRESIDENT","","",""
"VICE CHAIR OF MARKETING","BOARD VICE PRESIDENT","committee","chair",""
"VICE CHAIR OF MEMBERSHIP","BOARD VICE PRESIDENT","committee","chair",""
"VICE CHAIR OF OPERATIONS","BOARD VICE PRESIDENT","committee","chair","3"
"VICE CHAIR OF PROGRAMS","BOARD VICE PRESIDENT","","",""
"VICE CHAIR OF PUBLIC POLICY","BOARD VICE PRESIDENT","","",""
"VICE CHAIR OF RESOURCES DEVELOPMENT","BOARD VICE PRESIDENT","committee","chair",""
"VICE CHAIR OF STRATEGY PLANNING","BOARD MEMBER","committee","chair",""
"VICE CHAIR OF TRUSTEE","BOARD VICE PRESIDENT","committee","chair",""
"VICE CHAIR OF TRUSTEES","BOARD MEMBER","committee","chair",""
"VICE CHAIR OF TV","BOARD MEMBER","committee","chair",""
"VICE CHAIR P","BOARD VICE PRESIDENT","committee","chair",""
"VICE CHAIR PARTIAL","BOARD MEMBER","committee","chair",""
"VICE CHAIR PRESIDENT","BOARD MEMBER","committee","chair",""
"VICE CHAIR PROGRAMS","BOARD VICE PRESIDENT","committee","chair",""
"VICE CHAIR REGIONAL","BOARD VICE PRESIDENT","regional","regional",""
"VICE CHAIR S","BOARD VICE PRESIDENT","","",""
"VICE CHAIR SECRETARY","BOARD SECRETARY","","",""
"VICE CHAIR TREASURER","BOARD TREASURER","committee","chair",""
"VICE CHAIR TRUSTEE","BOARD VICE PRESIDENT","committee","chair",""
"VICE CHAIR: HSC","BOARD MEMBER","","",""
"VICE CHANCELLOR","VICE PRESIDENT","","",""
"VICE CHARI","BOARD MEMBER","","",""
"VICE CHARIMA","BOARD VICE PRESIDENT","","",""
"VICE CHARIMAN","BOARD VICE PRESIDENT","","",""
"VICE CHARIPERSON","BOARD VICE PRESIDENT","","",""
"VICE CHARMAN","BOARD VICE PRESIDENT","","",""
"VICE CHIEF","CHIEF","","",""
"VICE CHIEF O","CHIEF","","",""
"VICE CHIEF OF STAFF","CHIEF","","",""
"VICE CHIEF VOLUNTEER OFFICER","CHIEF","","",""
"VICE CHRMN","BOARD VICE PRESIDENT","committee","chair",""
"VICE CMD","BOARD VICE PRESIDENT","","",""
"VICE CMDR","BOARD VICE PRESIDENT","","",""
"VICE CO-CHAIR OF PROGRAMS","BOARD MEMBER","committee","chair",""
"VICE COMMA","BOARD VICE PRESIDENT","","",""
"VICE COMMAN","BOARD VICE PRESIDENT","","",""
"VICE COMMAND","BOARD VICE PRESIDENT","","","3"
"VICE COMMANDER","BOARD VICE PRESIDENT","","","21"
"VICE COMMANDER AND DIRECTOR","DIRECTOR","","",""
"VICE COMMISS","BOARD VICE PRESIDENT","","",""
"VICE COMMISSIONER","BOARD VICE PRESIDENT","","",""
"VICE COMMITTEE","BOARD VICE PRESIDENT","","","7"
"VICE COMMODO","BOARD VICE PRESIDENT","","","5"
"VICE COMMODORE","BOARD VICE PRESIDENT","","","11"
"VICE COMMODORE AND DIRECTOR","DIRECTOR","","",""
"VICE CVO","BOARD VICE PRESIDENT","","",""
"VICE DEAN","DEAN","","",""
"VICE DIRECTOR","DIRECTOR","","",""
"VICE DIS","BOARD VICE PRESIDENT","","",""
"VICE EXECUTIVE DIRECTOR","BOARD VICE PRESIDENT","","",""
"VICE GENERAL CHAIR","BOARD VICE PRESIDENT","committee","chair",""
"VICE GOVERNOR","BOARD VICE PRESIDENT","","",""
"VICE GRAND","BOARD VICE PRESIDENT","","",""
"VICE LC","BOARD VICE PRESIDENT","","",""
"VICE MODERATOR","BOARD VICE PRESIDENT","","",""
"VICE P","BOARD VICE PRESIDENT","","",""
"VICE PERSIDENT","BOARD VICE PRESIDENT","","",""
"VICE PESIDEN","BOARD VICE PRESIDENT","","",""
"VICE PESIDENT","BOARD VICE PRESIDENT","","",""
"VICE PR","BOARD VICE PRESIDENT","","",""
"VICE PREDIDENT","BOARD VICE PRESIDENT","","",""
"VICE PREIDENT","BOARD VICE PRESIDENT","","",""
"VICE PREISDENT","BOARD VICE PRESIDENT","","",""
"VICE PRESIDENT","BOARD VICE PRESIDENT","","",""
"VICE PRESIDENT #","BOARD VICE PRESIDENT","","",""
"VICE PRESIDENT A","VICE PRESIDENT","","","4"
"VICE PRESIDENT ACADEMICS","VICE PRESIDENT OF ACADEMICS","","",""
"VICE PRESIDENT ACADEMICS EXECUTIVE","BOARD MEMBER","","",""
"VICE PRESIDENT ACCOUNTING","VICE PRESIDENT OF FINANCE","","",""
"VICE PRESIDENT ACQUISITIONS AND PROJECTS","VICE PRESIDENT OF ACQUISITIONS AND PROJECTS","","",""
"VICE PRESIDENT ACQUISITIONS AND PROJECTS DE","VICE PRESIDENT OF ACQUISITIONS AND PROJECTS","","",""
"VICE PRESIDENT ACQUISITIONS AND PROJECTS DV","VICE PRESIDENT OF ACQUISITIONS AND PROJECTS","","","3"
"VICE PRESIDENT ACQUISITIONS AND PROJECTS DVP","VICE PRESIDENT OF ACQUISITIONS AND PROJECTS","","",""
"VICE PRESIDENT ADMINISTRATIVE SERVICES","VICE PRESIDENT OF ADMINISTRATION","","",""
"VICE PRESIDENT ADMINISTRATOR","VICE PRESIDENT OF ADMINISTRATION","","",""
"VICE PRESIDENT ADMISSIONS","VICE PRESIDENT","","",""
"VICE PRESIDENT ADVOCACY","BOARD VICE PRESIDENT","","",""
"VICE PRESIDENT ALUMNAE RELATIONS","BOARD VICE PRESIDENT","","",""
"VICE PRESIDENT ALUMNI","BOARD VICE PRESIDENT","","",""
"VICE PRESIDENT ALUMNI RELATIONS","BOARD VICE PRESIDENT","","",""
"VICE PRESIDENT AMBULATORY SERVICES","VICE PRESIDENT","","",""
"VICE PRESIDENT ANCILLARY SERVICES","VICE PRESIDENT","","",""
"VICE PRESIDENT AND ASSISTANT CHIEF","CHIEF","subordinate","assistant",""
"VICE PRESIDENT AND BA","BUSINESS AGENT","","",""
"VICE PRESIDENT AND BASEBALL","BOARD MEMBER","","",""
"VICE PRESIDENT AND BOARD","BOARD VICE PRESIDENT","","",""
"VICE PRESIDENT AND CHIEF OF STAFF","CHIEF","","",""
"VICE PRESIDENT AND CHIEF QLT OFFICER","CHIEF","","",""
"VICE PRESIDENT AND CHIEF STEWARD","CHIEF","","",""
"VICE PRESIDENT AND CHRO","CHIEF HUMAN RESOURCES OFFICER","","",""
"VICE PRESIDENT AND CIO","CHIEF INFORMATION OFFICER","","",""
"VICE PRESIDENT AND CNE","CHIEF NURSING OFFICER","","",""
"VICE PRESIDENT AND CNO","CHIEF NURSING OFFICER","","","4"
"VICE PRESIDENT AND DIGITAL INTEGRATION","VICE PRESIDENT OF TECHNOLOGY","","",""
"VICE PRESIDENT AND DIRECTOR","DIRECTOR","","",""
"VICE PRESIDENT AND E BOARD","BOARD VICE PRESIDENT","","",""
"VICE PRESIDENT AND E BOARD AND UNION REPRESENTATIVE","BOARD MEMBER","","",""
"VICE PRESIDENT AND FINANCE","BOARD VICE PRESIDENT","","",""
"VICE PRESIDENT AND PROGRAMS","VICE PRESIDENT OF PROGRAMS","","","10"
"VICE PRESIDENT AND PROVOST","PROVOST","","",""
"VICE PRESIDENT AND REGIONAL","VICE PRESIDENT","regional","regional","6"
"VICE PRESIDENT AND S","BOARD VICE PRESIDENT","","",""
"VICE PRESIDENT AND SECRETARY AND AND DIRECTOR","DIRECTOR","","",""
"VICE PRESIDENT AND TREASURER AND CFO AND AND DIRECTOR","DIRECTOR","","",""
"VICE PRESIDENT AND WAYS AND MEANS","VICE PRESIDENT","","","3"
"VICE PRESIDENT ATHLETICS","BOARD VICE PRESIDENT","","",""
"VICE PRESIDENT AWARDS","BOARD VICE PRESIDENT","","",""
"VICE PRESIDENT B","BOARD VICE PRESIDENT","","",""
"VICE PRESIDENT BAND","BOARD VICE PRESIDENT","","",""
"VICE PRESIDENT BASEBALL","BOARD VICE PRESIDENT","","",""
"VICE PRESIDENT BOARD","BOARD VICE PRESIDENT","","",""
"VICE PRESIDENT BOARD MEMBER","BOARD VICE PRESIDENT","","",""
"VICE PRESIDENT BOARD OF DIRECTOR","DIRECTOR","","",""
"VICE PRESIDENT BOARD RELATIONS","CHIEF DEVELOPMENT OFFICER","","",""
"VICE PRESIDENT BOYS","BOARD VICE PRESIDENT","","",""
"VICE PRESIDENT BU DIRECTOR","DIRECTOR","","",""
"VICE PRESIDENT CAMPAIGN","BOARD VICE PRESIDENT","","",""
"VICE PRESIDENT CAMPING","BOARD VICE PRESIDENT","","",""
"VICE PRESIDENT CAMPUS RE","BOARD VICE PRESIDENT","","",""
"VICE PRESIDENT CAMPUS RELATIONS","BOARD VICE PRESIDENT","","",""
"VICE PRESIDENT CFO","CHIEF FINANCIAL OFFICER","","",""
"VICE PRESIDENT CHAIR","BOARD VICE PRESIDENT","","",""
"VICE PRESIDENT CHEER","BOARD VICE PRESIDENT","","",""
"VICE PRESIDENT CHIEF COMPLIANCE OFFICER","CHIEF","","",""
"VICE PRESIDENT CHIEF INFORMATION OFFICER","CHIEF","","",""
"VICE PRESIDENT CHIEF MEDICAL OFFICER","CHIEF","","",""
"VICE PRESIDENT CHIEF NURSING OFFICER","CHIEF","","",""
"VICE PRESIDENT CIO","CHIEF INFORMATION OFFICER","","",""
"VICE PRESIDENT CLINICAL","VICE PRESIDENT","","",""
"VICE PRESIDENT CLINICAL OUTCOMES","VICE PRESIDENT","","",""
"VICE PRESIDENT CLINICAL SERVICES","VICE PRESIDENT","","",""
"VICE PRESIDENT CNO","CHIEF NURSING OFFICER","","",""
"VICE PRESIDENT COMMERCIAL LENDING","VICE PRESIDENT OF LENDING","","",""
"VICE PRESIDENT COMMUNITY","BOARD VICE PRESIDENT","","","4"
"VICE PRESIDENT COMMUNITY ENGAGEMENT","VICE PRESIDENT OF COMMUNITY","","",""
"VICE PRESIDENT COMMUNITY IMPACT","VICE PRESIDENT OF COMMUNITY","","",""
"VICE PRESIDENT COMMUNITY OUTREACH","BOARD VICE PRESIDENT","","",""
"VICE PRESIDENT COMMUNITY RELATIONS","BOARD VICE PRESIDENT","","",""
"VICE PRESIDENT COMMUNITY SERVICE","BOARD VICE PRESIDENT","","",""
"VICE PRESIDENT COMMUNITY SERVICES","VICE PRESIDENT OF COMMUNITY","","",""
"VICE PRESIDENT COMPETITION","BOARD VICE PRESIDENT","","",""
"VICE PRESIDENT COMPLIANCE","VICE PRESIDENT","","",""
"VICE PRESIDENT CONCESSIONS","BOARD VICE PRESIDENT","","",""
"VICE PRESIDENT CONFERENCES","BOARD VICE PRESIDENT","","",""
"VICE PRESIDENT CONSTRUCTION","VICE PRESIDENT","","",""
"VICE PRESIDENT CONSULTANT LENDING","VICE PRESIDENT OF LENDING","","",""
"VICE PRESIDENT CONTROLLER","VICE PRESIDENT","","",""
"VICE PRESIDENT COO","CHIEF OPERATING OFFICER","","",""
"VICE PRESIDENT CORP","BOARD VICE PRESIDENT","","",""
"VICE PRESIDENT CORPORATE","BOARD VICE PRESIDENT","","",""
"VICE PRESIDENT CORPORATE MED STAFF SVCS","VICE PRESIDENT OF MEDICAL AFFAIRS","","",""
"VICE PRESIDENT CORRESPONDING","BOARD VICE PRESIDENT","","",""
"VICE PRESIDENT DANCE","BOARD VICE PRESIDENT","","",""
"VICE PRESIDENT DIAGNOSTIC OUTREACH","VICE PRESIDENT","","",""
"VICE PRESIDENT DIRECTOR","BOARD VICE PRESIDENT","","","4"
"VICE PRESIDENT DIRECTOR OF OPERATIONS","DIRECTOR","","",""
"VICE PRESIDENT DIVERSITY","BOARD VICE PRESIDENT","","",""
"VICE PRESIDENT DONOR RELATIONS","VICE PRESIDENT OF DEVELOPMENT","","",""
"VICE PRESIDENT ELEMENTAR","BOARD VICE PRESIDENT","","",""
"VICE PRESIDENT ELEMENTARY","BOARD VICE PRESIDENT","","",""
"VICE PRESIDENT ENDOWMENT","BOARD VICE PRESIDENT","","",""
"VICE PRESIDENT ENGINEERI","VICE PRESIDENT","","",""
"VICE PRESIDENT ENRICHMEN","BOARD MEMBER","","",""
"VICE PRESIDENT ENRICHMENT","BOARD VICE PRESIDENT","","",""
"VICE PRESIDENT ENROLLMENT","VICE PRESIDENT","","",""
"VICE PRESIDENT EQUIPMENT","BOARD VICE PRESIDENT","","",""
"VICE PRESIDENT EXECUTIVE BOARD","BOARD VICE PRESIDENT","","",""
"VICE PRESIDENT EXECUTIVE DIRECTOR","EXECUTIVE DIRECTOR","","",""
"VICE PRESIDENT EXPLORING","BOARD VICE PRESIDENT","","",""
"VICE PRESIDENT F","BOARD VICE PRESIDENT","","",""
"VICE PRESIDENT FACILITIE","VICE PRESIDENT OF FACILITIES","","",""
"VICE PRESIDENT FACILITIES","VICE PRESIDENT OF FACILITIES","","",""
"VICE PRESIDENT FIELDS","BOARD VICE PRESIDENT","","",""
"VICE PRESIDENT FINANCE","VICE PRESIDENT OF FINANCE","","",""
"VICE PRESIDENT FOOTBALL","BOARD VICE PRESIDENT","","",""
"VICE PRESIDENT FUND RAISING","BOARD VICE PRESIDENT","","",""
"VICE PRESIDENT FUNDR","BOARD VICE PRESIDENT","","",""
"VICE PRESIDENT FUNDRAISI","BOARD VICE PRESIDENT","","",""
"VICE PRESIDENT GENERAL","BOARD VICE PRESIDENT","","",""
"VICE PRESIDENT GENERAL COUNSEL","GENERAL COUNSEL","","",""
"VICE PRESIDENT GIRLS","BOARD VICE PRESIDENT","","",""
"VICE PRESIDENT GOVERNANCE","BOARD VICE PRESIDENT","","",""
"VICE PRESIDENT GOVERNMENT RELATIONS","VICE PRESIDENT OF GOVERNMENT AFFAIRS","","",""
"VICE PRESIDENT GOVERNOR","BOARD VICE PRESIDENT","","",""
"VICE PRESIDENT GRANTS","BOARD VICE PRESIDENT","","",""
"VICE PRESIDENT GRIEVANCE","BOARD VICE PRESIDENT","","",""
"VICE PRESIDENT HEALTH","BOARD VICE PRESIDENT","","",""
"VICE PRESIDENT HEALTH AND WELLNESS","BOARD MEMBER","","",""
"VICE PRESIDENT HEALTH SERVICES","VICE PRESIDENT OF HEALTH","","",""
"VICE PRESIDENT HIGH SCHO","BOARD VICE PRESIDENT","","",""
"VICE PRESIDENT HIM CDI AND POLICIES","VICE PRESIDENT","","",""
"VICE PRESIDENT HOSPITALITY","VICE PRESIDENT OF HOSPITALITY","","",""
"VICE PRESIDENT HOUSE","BOARD VICE PRESIDENT","","",""
"VICE PRESIDENT HOUSING","BOARD VICE PRESIDENT","","","7"
"VICE PRESIDENT HOUSING ACCOUNTING","VICE PRESIDENT OF FINANCE","","",""
"VICE PRESIDENT HUMAN RESOURCES","VICE PRESIDENT OF HUMAN RESOURCES","","",""
"VICE PRESIDENT I","BOARD VICE PRESIDENT","","",""
"VICE PRESIDENT II","BOARD VICE PRESIDENT","","",""
"VICE PRESIDENT INCLUSION","BOARD VICE PRESIDENT","","",""
"VICE PRESIDENT INFORMATION","VICE PRESIDENT OF INFORMATION TECHNOLOGY","","",""
"VICE PRESIDENT INFORMATION SERVICES","VICE PRESIDENT OF INFORMATION TECHNOLOGY","","",""
"VICE PRESIDENT INFORMATION SYSTEMS","VICE PRESIDENT OF INFORMATION TECHNOLOGY","","",""
"VICE PRESIDENT INSTITUTE","VICE PRESIDENT","","",""
"VICE PRESIDENT INSTITUTIONAL ADVISOR","VICE PRESIDENT OF INSTITUTIONAL ADVANCEMENT","","",""
"VICE PRESIDENT INVESTMENTS","BOARD VICE PRESIDENT","","",""
"VICE PRESIDENT IT","VICE PRESIDENT OF INFORMATION TECHNOLOGY","","",""
"VICE PRESIDENT LEADERSHIP","BOARD VICE PRESIDENT","","",""
"VICE PRESIDENT LEARNING","BOARD VICE PRESIDENT","","",""
"VICE PRESIDENT LEGISLATION","BOARD VICE PRESIDENT","","",""
"VICE PRESIDENT LEGISLATIVE","BOARD VICE PRESIDENT","","",""
"VICE PRESIDENT LENDING","VICE PRESIDENT OF LENDING","","",""
"VICE PRESIDENT LOGISTICS","BOARD VICE PRESIDENT","","",""
"VICE PRESIDENT MAINTENANCE","BOARD VICE PRESIDENT","","",""
"VICE PRESIDENT MAJORS","BOARD VICE PRESIDENT","","",""
"VICE PRESIDENT MANAGED CARE","VICE PRESIDENT","","",""
"VICE PRESIDENT MARKETING","VICE PRESIDENT OF MARKETING","","",""
"VICE PRESIDENT MEDICAL AFFAIRS","VICE PRESIDENT OF MEDICAL AFFAIRS","","",""
"VICE PRESIDENT MEDICAL OUTCOMES","VICE PRESIDENT","","",""
"VICE PRESIDENT MEDICAL SERVICES","VICE PRESIDENT","","",""
"VICE PRESIDENT MEDICAL STAFF","PRESIDENT OF MEDICAL STAFF","","",""
"VICE PRESIDENT MEMBE","BOARD MEMBER","","",""
"VICE PRESIDENT MEMBER","BOARD VICE PRESIDENT","","",""
"VICE PRESIDENT MEMBER EDUC","BOARD VICE PRESIDENT","","","6"
"VICE PRESIDENT MEMBER EXECUTIVE","BOARD VICE PRESIDENT","","",""
"VICE PRESIDENT MEMBER EXECUTIVE DIRECTOR","BOARD VICE PRESIDENT","","",""
"VICE PRESIDENT MEMBER RECRUIT","BOARD VICE PRESIDENT","","","6"
"VICE PRESIDENT MEMBER SECRETARY","BOARD VICE PRESIDENT","","",""
"VICE PRESIDENT MEMBER SERVICE","BOARD VICE PRESIDENT","","",""
"VICE PRESIDENT MEMBER SERVICES","VICE PRESIDENT OF MEMBERSHIP","","",""
"VICE PRESIDENT MEMBERS","BOARD VICE PRESIDENT","","",""
"VICE PRESIDENT MEMBERSHI","BOARD VICE PRESIDENT","","",""
"VICE PRESIDENT MEMBERSHIP","VICE PRESIDENT OF MEMBERSHIP","","",""
"VICE PRESIDENT MERCHANDISE","BOARD VICE PRESIDENT","","",""
"VICE PRESIDENT MIDDLE REGIONAL","BOARD VICE PRESIDENT","","",""
"VICE PRESIDENT MISSION","VICE PRESIDENT","","",""
"VICE PRESIDENT MISSION INTEGRATION","VICE PRESIDENT","","",""
"VICE PRESIDENT NOMINATING","BOARD VICE PRESIDENT","","",""
"VICE PRESIDENT NURSING","VICE PRESIDENT","","",""
"VICE PRESIDENT NURSING AND CNO","CHIEF NURSING OFFICER","","",""
"VICE PRESIDENT NURSING SERVICES","VICE PRESIDENT","","",""
"VICE PRESIDENT OCCUPANCY AND TAX CREDIT","VICE PRESIDENT OF HOUSING OPERATIONS","","",""
"VICE PRESIDENT OF","VICE PRESIDENT","","",""
"VICE PRESIDENT OF ACADEMICS","VICE PRESIDENT","","",""
"VICE PRESIDENT OF ACADEMICS AFFAIRS","VICE PRESIDENT OF ACADEMICS AFFAIRS","","","5"
"VICE PRESIDENT OF ACADEMICS AFFAIRS AND PROVOST","PROVOST","","",""
"VICE PRESIDENT OF ACADEMICS EXECUTIVE","VICE PRESIDENT OF ACADEMICS","","","4"
"VICE PRESIDENT OF ACCOUNTING","VICE PRESIDENT","","",""
"VICE PRESIDENT OF ACCOUNTING AND FINANCE","VICE PRESIDENT","","",""
"VICE PRESIDENT OF ACQUIS AND PROJECTS DEVELOPMENT","VICE PRESIDENT","","",""
"VICE PRESIDENT OF ACQUISITION AND ASSET MANAGEMENT","VICE PRESIDENT","","",""
"VICE PRESIDENT OF ACQUISITIONS","VICE PRESIDENT","","",""
"VICE PRESIDENT OF ACQUISITIONS AND PROJECTS DEVELOPMENT","VICE PRESIDENT OF ACQUISITIONS AND PROJECTS","","",""
"VICE PRESIDENT OF ACTIVITIES","VICE PRESIDENT","","",""
"VICE PRESIDENT OF ADMINISTRATION","VICE PRESIDENT OF ADMINISTRATION","","",""
"VICE PRESIDENT OF ADMINISTRATION AND FINANCE","VICE PRESIDENT OF FINANCE AND ADMINISTRATION","","",""
"VICE PRESIDENT OF ADMINISTRATION OPERATIONS","VICE PRESIDENT","","",""
"VICE PRESIDENT OF ADMINISTRATION SERVICES","VICE PRESIDENT OF ADMINISTRATION","","",""
"VICE PRESIDENT OF ADMINISTRATION SVCS","VICE PRESIDENT OF ADMINISTRATION","","",""
"VICE PRESIDENT OF ADMINISTRATIVE SERVICES","VICE PRESIDENT","","",""
"VICE PRESIDENT OF ADMISSIONS","VICE PRESIDENT","","",""
"VICE PRESIDENT OF ADMISSIONS AND FINANCE AID","VICE PRESIDENT","","",""
"VICE PRESIDENT OF ADVANCEMENT","VICE PRESIDENT OF DEVELOPMENT","","",""
"VICE PRESIDENT OF ADVANCEMENT AND COMMUNICATIONS","VICE PRESIDENT","","",""
"VICE PRESIDENT OF ADVOCACY","VICE PRESIDENT","","",""
"VICE PRESIDENT OF AFFAIRS","VICE PRESIDENT","","",""
"VICE PRESIDENT OF AFFORDABLE LIVING","VICE PRESIDENT","","",""
"VICE PRESIDENT OF ALUMNAE","VICE PRESIDENT","","",""
"VICE PRESIDENT OF ALUMNAE RELATIONS","BOARD VICE PRESIDENT","","","3"
"VICE PRESIDENT OF ALUMNI","BOARD VICE PRESIDENT","","",""
"VICE PRESIDENT OF ALUMNI AFFAIRS","VICE PRESIDENT","","",""
"VICE PRESIDENT OF ALUMNI RELATIONS","VICE PRESIDENT","","",""
"VICE PRESIDENT OF AMBULATORY SERVICES","VICE PRESIDENT","","",""
"VICE PRESIDENT OF ANALYTICS","VICE PRESIDENT","","",""
"VICE PRESIDENT OF ANALYTICS AND TECHNOLOGY","VICE PRESIDENT","","",""
"VICE PRESIDENT OF ANIMAL CARE","VICE PRESIDENT","","",""
"VICE PRESIDENT OF ARTIST","VICE PRESIDENT","","",""
"VICE PRESIDENT OF ARTISTIC IN EDUCATION","VICE PRESIDENT","","",""
"VICE PRESIDENT OF ASSET MANAGEMENT","VICE PRESIDENT","","",""
"VICE PRESIDENT OF ASSISTANT SECRETARY","VICE PRESIDENT","subordinate","assistant",""
"VICE PRESIDENT OF ASSISTANT TREASURER","VICE PRESIDENT","subordinate","assistant",""
"VICE PRESIDENT OF ASSOCIATE","BOARD VICE PRESIDENT","subordinate","associate",""
"VICE PRESIDENT OF ASSOCIATE AFFAIRS","VICE PRESIDENT","subordinate","associate",""
"VICE PRESIDENT OF ATHLETICS","VICE PRESIDENT","","",""
"VICE PRESIDENT OF AWARDS","VICE PRESIDENT","","",""
"VICE PRESIDENT OF BAND","VICE PRESIDENT","","",""
"VICE PRESIDENT OF BASEBA","BOARD VICE PRESIDENT","","",""
"VICE PRESIDENT OF BASEBALL","VICE PRESIDENT","","",""
"VICE PRESIDENT OF BASEBALL OPERATIONS","BOARD VICE PRESIDENT","","",""
"VICE PRESIDENT OF BEHAVIORAL HEALTH","VICE PRESIDENT OF HEALTH","","",""
"VICE PRESIDENT OF BHS","VICE PRESIDENT","","",""
"VICE PRESIDENT OF BLDG AND GROUNDS","VICE PRESIDENT OF FACILITIES","","",""
"VICE PRESIDENT OF BOARD","BOARD VICE PRESIDENT","","",""
"VICE PRESIDENT OF BOARD AND CORP GOV AND ASSISTANT SECRETARY","VICE PRESIDENT","subordinate","assistant",""
"VICE PRESIDENT OF BOARD DEVELOPMENT","BOARD VICE PRESIDENT","","",""
"VICE PRESIDENT OF BOARD MEMBER","VICE PRESIDENT","","",""
"VICE PRESIDENT OF BOARD OF DIRECTOR","BOARD VICE PRESIDENT","","",""
"VICE PRESIDENT OF BOARD OF TRUSTEES","BOARD VICE PRESIDENT","","",""
"VICE PRESIDENT OF BOOSTER SALES","VICE PRESIDENT","","",""
"VICE PRESIDENT OF BRANCH OPERATIONS","VICE PRESIDENT","","",""
"VICE PRESIDENT OF BROTHERHOOD","VICE PRESIDENT","","",""
"VICE PRESIDENT OF BUDGET AND FINANCE","BOARD VICE PRESIDENT","","",""
"VICE PRESIDENT OF BUILDINGS","VICE PRESIDENT OF FACILITIES","","",""
"VICE PRESIDENT OF BUSINESS","VICE PRESIDENT OF BUSINESS DEVELOPMENT","","",""
"VICE PRESIDENT OF BUSINESS AFFAIRS","VICE PRESIDENT","","",""
"VICE PRESIDENT OF BUSINESS AGENT","VICE PRESIDENT","","",""
"VICE PRESIDENT OF BUSINESS AGT","VICE PRESIDENT","","",""
"VICE PRESIDENT OF BUSINESS AND FINANCE","VICE PRESIDENT OF FINANCE","","",""
"VICE PRESIDENT OF BUSINESS DEVELOPMENT","VICE PRESIDENT OF BUSINESS DEVELOPMENT","","",""
"VICE PRESIDENT OF BUSINESS DIRECTOR","VICE PRESIDENT","","",""
"VICE PRESIDENT OF BUSINESS INTELLIGENCE","VICE PRESIDENT","","",""
"VICE PRESIDENT OF BUSINESS LENDING","VICE PRESIDENT","","",""
"VICE PRESIDENT OF BUSINESS OPERATIONS","VICE PRESIDENT OF OPERATIONS","","",""
"VICE PRESIDENT OF BUSINESS REPRESENTATIVE","VICE PRESIDENT","","",""
"VICE PRESIDENT OF BUSINESS SERVICES","VICE PRESIDENT","","",""
"VICE PRESIDENT OF BUSINESS SOLUTIONS","VICE PRESIDENT","","",""
"VICE PRESIDENT OF CAMPAIGN","BOARD VICE PRESIDENT","","",""
"VICE PRESIDENT OF CAMPING","BOARD VICE PRESIDENT","","",""
"VICE PRESIDENT OF CAREER DEVELOPMENT","VICE PRESIDENT","","",""
"VICE PRESIDENT OF CEO","VICE PRESIDENT","","",""
"VICE PRESIDENT OF CHAIR","BOARD VICE PRESIDENT","","",""
"VICE PRESIDENT OF CHARGER PARTNERS","VICE PRESIDENT","","",""
"VICE PRESIDENT OF CHEER","VICE PRESIDENT","","",""
"VICE PRESIDENT OF CHIEF HUMAN RESOURCES","VICE PRESIDENT","","",""
"VICE PRESIDENT OF CHIEF STRATEGY AND DEVELOPMENT","VICE PRESIDENT","","",""
"VICE PRESIDENT OF CIO","VICE PRESIDENT","","",""
"VICE PRESIDENT OF CIV","VICE PRESIDENT","","",""
"VICE PRESIDENT OF CLERK","VICE PRESIDENT","","",""
"VICE PRESIDENT OF CLIENT SERVICES","VICE PRESIDENT","","",""
"VICE PRESIDENT OF CLINIC","VICE PRESIDENT","","",""
"VICE PRESIDENT OF CLINIC OPERATIONS","VICE PRESIDENT","","",""
"VICE PRESIDENT OF CLINICAL","VICE PRESIDENT","","",""
"VICE PRESIDENT OF CLINICAL AFFAIRS","VICE PRESIDENT","","",""
"VICE PRESIDENT OF CLINICAL EXECUTIVE","VICE PRESIDENT","","",""
"VICE PRESIDENT OF CLINICAL OPERATIONS","VICE PRESIDENT","","",""
"VICE PRESIDENT OF CLINICAL QUALITY","VICE PRESIDENT","","",""
"VICE PRESIDENT OF CLINICAL QUALITY IMP","VICE PRESIDENT","","",""
"VICE PRESIDENT OF CLINICAL SERVICES","VICE PRESIDENT","","",""
"VICE PRESIDENT OF CMO","VICE PRESIDENT","","",""
"VICE PRESIDENT OF CMTY SERVICE","BOARD VICE PRESIDENT","","",""
"VICE PRESIDENT OF COLLECTIONS","VICE PRESIDENT OF COLLECTIONS","","",""
"VICE PRESIDENT OF COLLEGE ADVANCEMENT","VICE PRESIDENT OF ADVANCEMENT","","",""
"VICE PRESIDENT OF COLLEGE RELATIONS","VICE PRESIDENT OF EXTERNAL AFFAIRS","","",""
"VICE PRESIDENT OF COMMERCIAL LENDING","VICE PRESIDENT","","",""
"VICE PRESIDENT OF COMMERCIAL SERVICES","VICE PRESIDENT","","",""
"VICE PRESIDENT OF COMMITTEE","BOARD VICE PRESIDENT","committee","vp","5"
"VICE PRESIDENT OF COMMITTEE AND MARKETING","VICE PRESIDENT","","",""
"VICE PRESIDENT OF COMMITTEE AND TECHNOLOGY","VICE PRESIDENT","","",""
"VICE PRESIDENT OF COMMITTEE DEVELOPMENT","VICE PRESIDENT","","",""
"VICE PRESIDENT OF COMMITTEE OUTREACH","VICE PRESIDENT","","",""
"VICE PRESIDENT OF COMMITTEE RELATIONS","BOARD VICE PRESIDENT","","","6"
"VICE PRESIDENT OF COMMUNICATIONS","VICE PRESIDENT OF COMMUNICATIONS","","",""
"VICE PRESIDENT OF COMMUNICATIONS AND MARKETING","VICE PRESIDENT","","",""
"VICE PRESIDENT OF COMMUNICATIONS AND MEMBERSHIP","VICE PRESIDENT","","",""
"VICE PRESIDENT OF COMMUNICATIONS AND OPERATIONS","VICE PRESIDENT OF COMMUNICATIONS AND OPERATIONS","","","3"
"VICE PRESIDENT OF COMMUNICATIONS AND OUTREACH","VICE PRESIDENT","","",""
"VICE PRESIDENT OF COMMUNICATIONS AND STRATEGY","VICE PRESIDENT","","",""
"VICE PRESIDENT OF COMMUNICATIONS AND TECHNOLOGY","VICE PRESIDENT","","",""
"VICE PRESIDENT OF COMMUNIT","BOARD VICE PRESIDENT","","",""
"VICE PRESIDENT OF COMMUNITY","VICE PRESIDENT","","",""
"VICE PRESIDENT OF COMMUNITY AFFAIRS","VICE PRESIDENT","","",""
"VICE PRESIDENT OF COMMUNITY BUILDING","BOARD VICE PRESIDENT","","",""
"VICE PRESIDENT OF COMMUNITY DEVELOPMENT","VICE PRESIDENT","","",""
"VICE PRESIDENT OF COMMUNITY ENGAGEMENT","VICE PRESIDENT","","",""
"VICE PRESIDENT OF COMMUNITY EVENTS","VICE PRESIDENT","","",""
"VICE PRESIDENT OF COMMUNITY IMPACT","VICE PRESIDENT","","",""
"VICE PRESIDENT OF COMMUNITY INVESTMENT","VICE PRESIDENT","","",""
"VICE PRESIDENT OF COMMUNITY OPERATIONS","VICE PRESIDENT","","",""
"VICE PRESIDENT OF COMMUNITY OUTREACH","VICE PRESIDENT","","",""
"VICE PRESIDENT OF COMMUNITY PROGRAMS","VICE PRESIDENT","","",""
"VICE PRESIDENT OF COMMUNITY RELATIONS","VICE PRESIDENT","","",""
"VICE PRESIDENT OF COMMUNITY SERVICE","VICE PRESIDENT","","",""
"VICE PRESIDENT OF COMMUNITY SERVICES","VICE PRESIDENT","","",""
"VICE PRESIDENT OF COMPETITION","VICE PRESIDENT","","",""
"VICE PRESIDENT OF COMPETITIVE","VICE PRESIDENT","","",""
"VICE PRESIDENT OF COMPLIANCE","VICE PRESIDENT","","",""
"VICE PRESIDENT OF COMPLIANCE AND RISK","VICE PRESIDENT","","",""
"VICE PRESIDENT OF CONCES","VICE PRESIDENT","","",""
"VICE PRESIDENT OF CONCESSIONS","VICE PRESIDENT","","",""
"VICE PRESIDENT OF CONFERENCE PLANNING","VICE PRESIDENT","","",""
"VICE PRESIDENT OF CONFERENCES","VICE PRESIDENT","","",""
"VICE PRESIDENT OF CONSERVATION","VICE PRESIDENT","","",""
"VICE PRESIDENT OF CONSTRUCTION","VICE PRESIDENT","","",""
"VICE PRESIDENT OF CONSTRUCTION AND FACILITY SERVICES","VICE PRESIDENT","","",""
"VICE PRESIDENT OF CONSTRUCTION AND IT","VICE PRESIDENT","","",""
"VICE PRESIDENT OF CONSULTANT EXPERIENCE","VICE PRESIDENT","","",""
"VICE PRESIDENT OF CONSULTANT LENDING","VICE PRESIDENT","","",""
"VICE PRESIDENT OF CONTENT","VICE PRESIDENT","","",""
"VICE PRESIDENT OF CONTINUUM OF CARE","VICE PRESIDENT","","",""
"VICE PRESIDENT OF CONTROLLER","VICE PRESIDENT","","",""
"VICE PRESIDENT OF CORP","VICE PRESIDENT","","",""
"VICE PRESIDENT OF CORP DEVELOPMENT","VICE PRESIDENT","","",""
"VICE PRESIDENT OF CORP RECORDS","VICE PRESIDENT OF CORPORATE RECORDS","","",""
"VICE PRESIDENT OF CORP RECORDS AND CORP","VICE PRESIDENT OF CORPORATE RECORDS","","","3"
"VICE PRESIDENT OF CORPORATE","VICE PRESIDENT","","",""
"VICE PRESIDENT OF CORPORATE AFFAIRS","VICE PRESIDENT","","",""
"VICE PRESIDENT OF CORPORATE DEVELOPMENT","VICE PRESIDENT","","",""
"VICE PRESIDENT OF CORPORATE PARTNERSHIPS","VICE PRESIDENT","","",""
"VICE PRESIDENT OF CORPORATE SERVICES","VICE PRESIDENT","","",""
"VICE PRESIDENT OF CORRESPONDENCE","BOARD VICE PRESIDENT","","","F-016: former board standard"
"VICE PRESIDENT OF CREDIT","VICE PRESIDENT","","",""
"VICE PRESIDENT OF CTO","VICE PRESIDENT","","",""
"VICE PRESIDENT OF CULTURAL ARTIST","VICE PRESIDENT","","",""
"VICE PRESIDENT OF CULTURE","VICE PRESIDENT","","",""
"VICE PRESIDENT OF CURRICULUM","VICE PRESIDENT","","",""
"VICE PRESIDENT OF CUSTOMER EXPERIENCE","VICE PRESIDENT","","",""
"VICE PRESIDENT OF DATA ANALYTICS","VICE PRESIDENT","","",""
"VICE PRESIDENT OF DATA AND ANALYTICS","VICE PRESIDENT","","",""
"VICE PRESIDENT OF DEI","BOARD VICE PRESIDENT","","",""
"VICE PRESIDENT OF DEPUTY","VICE PRESIDENT","subordinate","deputy",""
"VICE PRESIDENT OF DEPUTY GENERAL COUNSEL","VICE PRESIDENT","subordinate","deputy",""
"VICE PRESIDENT OF DEPUTY OPERATIONS","VICE PRESIDENT","subordinate","deputy",""
"VICE PRESIDENT OF DEVELOPMENT","VICE PRESIDENT OF DEVELOPMENT","","",""
"VICE PRESIDENT OF DEVELOPMENT AND ALUMNI RELATIONS","VICE PRESIDENT OF DEVELOPMENT","","",""
"VICE PRESIDENT OF DEVELOPMENT AND COMMITTEE","VICE PRESIDENT","","",""
"VICE PRESIDENT OF DEVELOPMENT AND COMMUNICATIONS","VICE PRESIDENT","","",""
"VICE PRESIDENT OF DEVELOPMENT AND MARKETING","VICE PRESIDENT","","",""
"VICE PRESIDENT OF DEVELOPMENT AND MEMBERSHIP","VICE PRESIDENT","","",""
"VICE PRESIDENT OF DEVELOPMENT FINANCE","VICE PRESIDENT","","",""
"VICE PRESIDENT OF DEVELOPMENT STRATEGY AND IMPACT","VICE PRESIDENT","","",""
"VICE PRESIDENT OF DIGITAL","VICE PRESIDENT","","",""
"VICE PRESIDENT OF DIRECTOR","BOARD VICE PRESIDENT","","",""
"VICE PRESIDENT OF DIVERSITY","BOARD VICE PRESIDENT","","",""
"VICE PRESIDENT OF DIVERSITY AND EQUITY AND INCLUSION","VICE PRESIDENT","","",""
"VICE PRESIDENT OF DONATED GOODS","VICE PRESIDENT","","",""
"VICE PRESIDENT OF DONATED GOODS RETAIL","VICE PRESIDENT","","",""
"VICE PRESIDENT OF DONOR RELATIONS","VICE PRESIDENT","","",""
"VICE PRESIDENT OF DONOR SERVICES","VICE PRESIDENT","","",""
"VICE PRESIDENT OF EARNED INCOME","VICE PRESIDENT OF SALES","","",""
"VICE PRESIDENT OF ECONOMIC DEVELOPMENT","VICE PRESIDENT OF ECONOMIC DEVELOPMENT","","","3"
"VICE PRESIDENT OF ECONOMIC DEVELOPMENT PROGRAMS","VICE PRESIDENT","","",""
"VICE PRESIDENT OF EDUCAT","VICE PRESIDENT","","",""
"VICE PRESIDENT OF EDUCATI","VICE PRESIDENT","","",""
"VICE PRESIDENT OF EDUCATIO","VICE PRESIDENT","","",""
"VICE PRESIDENT OF EDUCATION","VICE PRESIDENT OF EDUCATION","","",""
"VICE PRESIDENT OF EDUCATION AND EVENTS","VICE PRESIDENT","","",""
"VICE PRESIDENT OF EDUCATION AND GUEST EXPERIENCE","VICE PRESIDENT OF EDUCATION AND GUEST EXPERIENCE","","",""
"VICE PRESIDENT OF EDUCATION AND OUTREACH","VICE PRESIDENT OF EDUCATION","","",""
"VICE PRESIDENT OF EDUCATION AND TRAINING","VICE PRESIDENT","","",""
"VICE PRESIDENT OF EDUCATION PROGRAMS","VICE PRESIDENT OF PROGRAMS","","",""
"VICE PRESIDENT OF EDUCATION SERVICES","VICE PRESIDENT","","",""
"VICE PRESIDENT OF EDUCATIONAL PROGRAMS","VICE PRESIDENT","","",""
"VICE PRESIDENT OF ELEMENTARY","VICE PRESIDENT","","",""
"VICE PRESIDENT OF ENDOWME","VICE PRESIDENT","","",""
"VICE PRESIDENT OF ENDOWMENT","BOARD VICE PRESIDENT","","",""
"VICE PRESIDENT OF ENG AND OPERATIONS","VICE PRESIDENT","","",""
"VICE PRESIDENT OF ENGAGEMENT","VICE PRESIDENT","","",""
"VICE PRESIDENT OF ENGINE","VICE PRESIDENT","","",""
"VICE PRESIDENT OF ENGINEERI","VICE PRESIDENT","","",""
"VICE PRESIDENT OF ENGINEERING","VICE PRESIDENT","","",""
"VICE PRESIDENT OF ENGINEERING AND OPERATIONS","VICE PRESIDENT","","",""
"VICE PRESIDENT OF ENGINEERING SERVICES","VICE PRESIDENT","","",""
"VICE PRESIDENT OF ENLISTED AFFAIRS","VICE PRESIDENT","","",""
"VICE PRESIDENT OF ENRICHMENT","VICE PRESIDENT","","",""
"VICE PRESIDENT OF ENROLLMENT","VICE PRESIDENT","","",""
"VICE PRESIDENT OF ENROLLMENT AND MARKETING","VICE PRESIDENT OF MARKETING","","",""
"VICE PRESIDENT OF ENROLLMENT MANAGEMENT","VICE PRESIDENT","","",""
"VICE PRESIDENT OF ENTERPRISE RISK MANAGEMENT","VICE PRESIDENT","","",""
"VICE PRESIDENT OF EQUIPMENT","VICE PRESIDENT","","",""
"VICE PRESIDENT OF EVENT","VICE PRESIDENT","","",""
"VICE PRESIDENT OF EVENT PLA","BOARD VICE PRESIDENT","","",""
"VICE PRESIDENT OF EVENT PLANNING","BOARD VICE PRESIDENT","","","7"
"VICE PRESIDENT OF EVENTS","BOARD VICE PRESIDENT","","",""
"VICE PRESIDENT OF EVENTS A","VICE PRESIDENT","","",""
"VICE PRESIDENT OF EVENTS AN","VICE PRESIDENT","","",""
"VICE PRESIDENT OF EVENTS AND PROGRAMMING","VICE PRESIDENT","","",""
"VICE PRESIDENT OF EXECUTIVE COMMITTEE","BOARD VICE PRESIDENT","committee","vp",""
"VICE PRESIDENT OF EXHIBITIONS","VICE PRESIDENT","","",""
"VICE PRESIDENT OF EXHIBITS","VICE PRESIDENT OF EXHIBITS","","",""
"VICE PRESIDENT OF EXPANSION","VICE PRESIDENT","","",""
"VICE PRESIDENT OF EXPERIENCE","VICE PRESIDENT","","",""
"VICE PRESIDENT OF EXPLORING","VICE PRESIDENT","","",""
"VICE PRESIDENT OF EXTERNAL","VICE PRESIDENT","","",""
"VICE PRESIDENT OF EXTERNAL AFFAIRS","VICE PRESIDENT OF EXTERNAL AFFAIRS","","",""
"VICE PRESIDENT OF EXTERNAL COMMUNICATIONS","VICE PRESIDENT","","",""
"VICE PRESIDENT OF EXTERNAL RELATIONS","VICE PRESIDENT","","",""
"VICE PRESIDENT OF FACILITIES","VICE PRESIDENT OF FACILITIES","","",""
"VICE PRESIDENT OF FACILITIES MANAGEMENT","VICE PRESIDENT OF FACILITIES","","",""
"VICE PRESIDENT OF FACILITY OPERATIONS","VICE PRESIDENT OF FACILITIES","","",""
"VICE PRESIDENT OF FAMILY ENGAGEMENT","VICE PRESIDENT","","",""
"VICE PRESIDENT OF FAMILY EVENTS","BOARD VICE PRESIDENT","","",""
"VICE PRESIDENT OF FEDERAL AFFAIRS","VICE PRESIDENT","","",""
"VICE PRESIDENT OF FIELD OPERATIONS","VICE PRESIDENT","","",""
"VICE PRESIDENT OF FIELDS","BOARD VICE PRESIDENT","","",""
"VICE PRESIDENT OF FINANCE","VICE PRESIDENT OF FINANCE","","",""
"VICE PRESIDENT OF FINANCE A","VICE PRESIDENT","","",""
"VICE PRESIDENT OF FINANCE ADMINISTRATION","VICE PRESIDENT OF FINANCE AND ADMINISTRATION","","",""
"VICE PRESIDENT OF FINANCE AFFAIRS","VICE PRESIDENT","","",""
"VICE PRESIDENT OF FINANCE AND ACC","VICE PRESIDENT","","",""
"VICE PRESIDENT OF FINANCE AND ACCOUNTING","VICE PRESIDENT","","",""
"VICE PRESIDENT OF FINANCE AND ADMINISTRATION","VICE PRESIDENT OF FINANCE AND ADMINISTRATION","","",""
"VICE PRESIDENT OF FINANCE AND ADMINISTRATION AND CFO","VICE PRESIDENT","","",""
"VICE PRESIDENT OF FINANCE AND ADMINISTRATION AND TREASURER","VICE PRESIDENT OF FINANCE AND ADMINISTRATION","","",""
"VICE PRESIDENT OF FINANCE AND BUSINESS","VICE PRESIDENT OF FINANCE","","",""
"VICE PRESIDENT OF FINANCE AND GOVERNANCE","VICE PRESIDENT","","",""
"VICE PRESIDENT OF FINANCE AND HOUSING","BOARD VICE PRESIDENT","","",""
"VICE PRESIDENT OF FINANCE AND HUMAN RESOURCES","VICE PRESIDENT","","",""
"VICE PRESIDENT OF FINANCE AND IT","VICE PRESIDENT","","",""
"VICE PRESIDENT OF FINANCE AND OPERATIONS","VICE PRESIDENT OF FINANCE AND OPERATIONS","","",""
"VICE PRESIDENT OF FINANCE AND REGIONAL","VICE PRESIDENT","regional","regional",""
"VICE PRESIDENT OF FINANCE AND TECHNOLOGY","VICE PRESIDENT","","",""
"VICE PRESIDENT OF FINANCE CFO","VICE PRESIDENT","","",""
"VICE PRESIDENT OF FINANCE CHAIR","VICE PRESIDENT","committee","chair",""
"VICE PRESIDENT OF FINANCE DEVELOPMENT","VICE PRESIDENT","","",""
"VICE PRESIDENT OF FINANCE OPERATIONS","VICE PRESIDENT","","",""
"VICE PRESIDENT OF FINANCE OPERATIONS AND CONT CARE","VICE PRESIDENT","","",""
"VICE PRESIDENT OF FINANCE PLANNING","VICE PRESIDENT OF FINANCE","","",""
"VICE PRESIDENT OF FINANCE SCH O","VICE PRESIDENT","","",""
"VICE PRESIDENT OF FINANCE SECRETARY","VICE PRESIDENT","","",""
"VICE PRESIDENT OF FINANCE SERVICES","VICE PRESIDENT","","",""
"VICE PRESIDENT OF FISCAL AFFAIRS","VICE PRESIDENT","","",""
"VICE PRESIDENT OF FOOTBA","VICE PRESIDENT","","",""
"VICE PRESIDENT OF FOOTBALL","VICE PRESIDENT","","",""
"VICE PRESIDENT OF FOUNDATION","VICE PRESIDENT","","",""
"VICE PRESIDENT OF FOUNDATION AND CDO","VICE PRESIDENT","","",""
"VICE PRESIDENT OF FOUNDATION OPERATIONS","VICE PRESIDENT","","",""
"VICE PRESIDENT OF FRATERNITY DEVELOPMENT","BOARD VICE PRESIDENT","","","6"
"VICE PRESIDENT OF FUND DEVELOPMENT","VICE PRESIDENT OF DEVELOPMENT","","","4"
"VICE PRESIDENT OF FUND RAISING","BOARD VICE PRESIDENT","","",""
"VICE PRESIDENT OF FUNDRAI","BOARD VICE PRESIDENT","","",""
"VICE PRESIDENT OF FUNDRAIS","VICE PRESIDENT","","",""
"VICE PRESIDENT OF FUNDRAISI","VICE PRESIDENT","","",""
"VICE PRESIDENT OF FUNDRAISING","BOARD VICE PRESIDENT","","",""
"VICE PRESIDENT OF FUNDRAISING DEVELOPMENT","VICE PRESIDENT","","",""
"VICE PRESIDENT OF GIRLS","BOARD VICE PRESIDENT","","",""
"VICE PRESIDENT OF GLOBAL","VICE PRESIDENT","","",""
"VICE PRESIDENT OF GLOBAL DEVELOPMENT","VICE PRESIDENT","","",""
"VICE PRESIDENT OF GLOBAL OPERATIONS","VICE PRESIDENT","","",""
"VICE PRESIDENT OF GLOBAL PARTNERSHIPS","VICE PRESIDENT","","",""
"VICE PRESIDENT OF GLOBAL SERVICES","VICE PRESIDENT","","",""
"VICE PRESIDENT OF GOV AFFAIRS","VICE PRESIDENT","","",""
"VICE PRESIDENT OF GOV RELATIONS","VICE PRESIDENT","","",""
"VICE PRESIDENT OF GOVERN","VICE PRESIDENT","","",""
"VICE PRESIDENT OF GOVERNANCE","BOARD VICE PRESIDENT","","",""
"VICE PRESIDENT OF GOVERNME","VICE PRESIDENT","","",""
"VICE PRESIDENT OF GOVERNMENT A","VICE PRESIDENT","","",""
"VICE PRESIDENT OF GOVERNMENT AFFAIRS","VICE PRESIDENT OF GOVERNMENT AFFAIRS","","","5"
"VICE PRESIDENT OF GOVERNMENT AND PUBLIC AFFAIRS","VICE PRESIDENT","","",""
"VICE PRESIDENT OF GOVERNMENT RELATIONS","VICE PRESIDENT","","",""
"VICE PRESIDENT OF GOVERNMENTAL AFFAIRS","VICE PRESIDENT","","",""
"VICE PRESIDENT OF GOVERNOR","BOARD VICE PRESIDENT","","",""
"VICE PRESIDENT OF GRADE","VICE PRESIDENT","","",""
"VICE PRESIDENT OF GRANTS","VICE PRESIDENT","","",""
"VICE PRESIDENT OF GROUNDS","BOARD VICE PRESIDENT","","",""
"VICE PRESIDENT OF GROWTH","VICE PRESIDENT","","",""
"VICE PRESIDENT OF GROWTH AND DEVELOPMENT","VICE PRESIDENT","","",""
"VICE PRESIDENT OF GUEST EXPERIENCE","VICE PRESIDENT","","",""
"VICE PRESIDENT OF HEALTH","VICE PRESIDENT","","",""
"VICE PRESIDENT OF HEALTH AND SAFETY","VICE PRESIDENT","","",""
"VICE PRESIDENT OF HEALTH AND W","BOARD VICE PRESIDENT","","",""
"VICE PRESIDENT OF HEALTH AND WELLNESS","VICE PRESIDENT","","",""
"VICE PRESIDENT OF HEALTH CARE OPERATIONS","VICE PRESIDENT OF HEALTH CARE OPERATIONS","","","5"
"VICE PRESIDENT OF HEALTH PLAN OPERATIONS","VICE PRESIDENT","","",""
"VICE PRESIDENT OF HEALTH POLICY","VICE PRESIDENT","","",""
"VICE PRESIDENT OF HEALTH SERVICES","VICE PRESIDENT","","",""
"VICE PRESIDENT OF HEALTH SERVICES AND CHCO","VICE PRESIDENT","","",""
"VICE PRESIDENT OF HEALTHCARE OPERATIONS","VICE PRESIDENT OF HEALTH CARE OPERATIONS","","",""
"VICE PRESIDENT OF HEALTHCARE SERVICES","VICE PRESIDENT","","",""
"VICE PRESIDENT OF HIGH SCHOOL","VICE PRESIDENT","","",""
"VICE PRESIDENT OF HISTORIAN","VICE PRESIDENT","","",""
"VICE PRESIDENT OF HOCKEY OPERATIONS","BOARD VICE PRESIDENT","","",""
"VICE PRESIDENT OF HOME AND COMMITTEE","VICE PRESIDENT","","",""
"VICE PRESIDENT OF HOSPICE OPERATIONS","VICE PRESIDENT","","",""
"VICE PRESIDENT OF HOSPITAL OPERATIONS","VICE PRESIDENT","","",""
"VICE PRESIDENT OF HOSPITALI","VICE PRESIDENT","","",""
"VICE PRESIDENT OF HOSPITALITY","VICE PRESIDENT","","",""
"VICE PRESIDENT OF HOSPITALITY AND EVENTS","VICE PRESIDENT","","",""
"VICE PRESIDENT OF HOUSE","BOARD VICE PRESIDENT","","",""
"VICE PRESIDENT OF HOUSE OPERATIONS","VICE PRESIDENT","","",""
"VICE PRESIDENT OF HOUSIN","VICE PRESIDENT","","",""
"VICE PRESIDENT OF HOUSING","VICE PRESIDENT","","",""
"VICE PRESIDENT OF HOUSING DEVELOPMENT","VICE PRESIDENT","","",""
"VICE PRESIDENT OF HOUSING OPERATIONS","VICE PRESIDENT OF HOUSING OPERATIONS","","",""
"VICE PRESIDENT OF HUMAN CAPITAL","VICE PRESIDENT","","",""
"VICE PRESIDENT OF HUMAN RESOURCES","VICE PRESIDENT OF HUMAN RESOURCES","","",""
"VICE PRESIDENT OF HUMAN RESOURCES AND ADMINISTRATION","VICE PRESIDENT","","",""
"VICE PRESIDENT OF HUMAN RESOURCES AND CHRO","VICE PRESIDENT","","",""
"VICE PRESIDENT OF HUMAN RESOURCES AND COMPLIANCE","VICE PRESIDENT","","",""
"VICE PRESIDENT OF HUMAN RESOURCES AND OPERATIONS","VICE PRESIDENT","","",""
"VICE PRESIDENT OF HUMAN RESOURCES AND ORGANIZING DEVELOPMENT","VICE PRESIDENT","","",""
"VICE PRESIDENT OF HUMAN RESOURCES AND TRAINING","VICE PRESIDENT","","",""
"VICE PRESIDENT OF HUMAN RESOURCES ECR","VICE PRESIDENT","","",""
"VICE PRESIDENT OF HUMAN RESOURCES OPERATIONS","VICE PRESIDENT OF HUMAN RESOURCES","","",""
"VICE PRESIDENT OF HUMAN SERVICES","VICE PRESIDENT","","",""
"VICE PRESIDENT OF IDEA","VICE PRESIDENT","","",""
"VICE PRESIDENT OF IMPACT","VICE PRESIDENT","","",""
"VICE PRESIDENT OF IMPACT INVESTMENTS","VICE PRESIDENT","","",""
"VICE PRESIDENT OF INCLUS","VICE PRESIDENT","","",""
"VICE PRESIDENT OF INCLUSI","VICE PRESIDENT","","",""
"VICE PRESIDENT OF INCLUSIO","VICE PRESIDENT","","",""
"VICE PRESIDENT OF INCLUSION","VICE PRESIDENT","","",""
"VICE PRESIDENT OF INDUSTRY","VICE PRESIDENT","","",""
"VICE PRESIDENT OF INDUSTRY AFFAIRS","VICE PRESIDENT","","",""
"VICE PRESIDENT OF INDUSTRY ENGAGEMENT","VICE PRESIDENT","","",""
"VICE PRESIDENT OF INDUSTRY RELATIONS","VICE PRESIDENT","","",""
"VICE PRESIDENT OF INFORMATION","VICE PRESIDENT","","",""
"VICE PRESIDENT OF INFORMATION SERVICES","VICE PRESIDENT","","",""
"VICE PRESIDENT OF INFORMATION SYSTEMS","VICE PRESIDENT","","",""
"VICE PRESIDENT OF INFORMATION TECHNOLOGY","VICE PRESIDENT OF INFORMATION TECHNOLOGY","","",""
"VICE PRESIDENT OF INFORMATION TECHNOLOGY AND CIO","VICE PRESIDENT AND CIO","","",""
"VICE PRESIDENT OF INFORMATION TECHNOLOGY OPERATIONS","VICE PRESIDENT OF INFORMATION TECHNOLOGY","","",""
"VICE PRESIDENT OF INFRASTRUCTURE","VICE PRESIDENT","","",""
"VICE PRESIDENT OF INNOVATION","VICE PRESIDENT","","",""
"VICE PRESIDENT OF INSTITUTE ADVANCEMENT","VICE PRESIDENT OF INSTITUTIONAL ADVANCEMENT","","",""
"VICE PRESIDENT OF INSTITUTIONAL ADVANCEMENT","VICE PRESIDENT OF INSTITUTIONAL ADVANCEMENT","","",""
"VICE PRESIDENT OF INSTITUTIONAL ADVISOR","VICE PRESIDENT OF INSTITUTIONAL ADVANCEMENT","","",""
"VICE PRESIDENT OF INTERNAL","VICE PRESIDENT","","",""
"VICE PRESIDENT OF INTERNAL AFFAIRS","BOARD VICE PRESIDENT","","",""
"VICE PRESIDENT OF INTERNAL AUDIT","VICE PRESIDENT","","",""
"VICE PRESIDENT OF INTERNAL FUNDRAISING","VICE PRESIDENT","","",""
"VICE PRESIDENT OF INTERNAL OPERATIONS","VICE PRESIDENT","","",""
"VICE PRESIDENT OF INTERNAL RELATIONS","VICE PRESIDENT","","",""
"VICE PRESIDENT OF INVESTMENTS","VICE PRESIDENT","","",""
"VICE PRESIDENT OF INVESTOR RELATIONS","VICE PRESIDENT","","",""
"VICE PRESIDENT OF IOC EXECUTIVE BOARD","VICE PRESIDENT","","",""
"VICE PRESIDENT OF IT","VICE PRESIDENT OF INFORMATION TECHNOLOGY","","",""
"VICE PRESIDENT OF IT AND CIO","CHIEF INFORMATION OFFICER","","",""
"VICE PRESIDENT OF IT OPERATIONS","VICE PRESIDENT","","",""
"VICE PRESIDENT OF LABOR RELATIONS","VICE PRESIDENT","","",""
"VICE PRESIDENT OF LAND AND REGIONAL","VICE PRESIDENT","regional","regional",""
"VICE PRESIDENT OF LEADERSH","VICE PRESIDENT","","",""
"VICE PRESIDENT OF LEADERSHIP","BOARD VICE PRESIDENT","","",""
"VICE PRESIDENT OF LEADERSHIP DEVELOPMENT","VICE PRESIDENT","","",""
"VICE PRESIDENT OF LEARNI","VICE PRESIDENT","","",""
"VICE PRESIDENT OF LEARNING","VICE PRESIDENT","","",""
"VICE PRESIDENT OF LEARNING AND DEVELOPMENT","VICE PRESIDENT","","",""
"VICE PRESIDENT OF LEARNING COMMUNITY","VICE PRESIDENT","","",""
"VICE PRESIDENT OF LEGAL","VICE PRESIDENT OF LEGAL","","",""
"VICE PRESIDENT OF LEGAL AFFAIRS","VICE PRESIDENT","","",""
"VICE PRESIDENT OF LEGAL COUNSEL","VICE PRESIDENT","","",""
"VICE PRESIDENT OF LEGAL SERVICES","VICE PRESIDENT OF LEGAL","","",""
"VICE PRESIDENT OF LEGISLATION","VICE PRESIDENT","","",""
"VICE PRESIDENT OF LEGISLATIVE AFFAIRS","VICE PRESIDENT","","",""
"VICE PRESIDENT OF LENDIN","VICE PRESIDENT","","",""
"VICE PRESIDENT OF LENDING","VICE PRESIDENT OF LENDING","","","3"
"VICE PRESIDENT OF LENDING OPERATIONS","VICE PRESIDENT","","",""
"VICE PRESIDENT OF LIFE PLAN COMMUNITIES","VICE PRESIDENT","","",""
"VICE PRESIDENT OF LITIGATION","VICE PRESIDENT","","",""
"VICE PRESIDENT OF LOGISTICS","VICE PRESIDENT","","",""
"VICE PRESIDENT OF LONG CARE","VICE PRESIDENT","","",""
"VICE PRESIDENT OF LORETTO INDEPENDENT LIVING SERVICES AND INC","VICE PRESIDENT","","",""
"VICE PRESIDENT OF MAINTENANCE","VICE PRESIDENT","","",""
"VICE PRESIDENT OF MAJOR GIFTS","VICE PRESIDENT","","",""
"VICE PRESIDENT OF MANAGEMENT","VICE PRESIDENT","","",""
"VICE PRESIDENT OF MANUFACTURING","VICE PRESIDENT","","",""
"VICE PRESIDENT OF MARKETING","VICE PRESIDENT OF MARKETING","","",""
"VICE PRESIDENT OF MARKETING AND BUSINESS DEVELOPMENT","VICE PRESIDENT OF MARKETING","","",""
"VICE PRESIDENT OF MARKETING AND COMMITTEE","VICE PRESIDENT","","",""
"VICE PRESIDENT OF MARKETING AND COMMUNICATIONS","VICE PRESIDENT OF MARKETING AND COMMUNICATIONS","","",""
"VICE PRESIDENT OF MARKETING AND DEVELOPMENT","VICE PRESIDENT","","",""
"VICE PRESIDENT OF MARKETING AND EVENTS","VICE PRESIDENT","","",""
"VICE PRESIDENT OF MARKETING AND FUNDRAISING","VICE PRESIDENT","","",""
"VICE PRESIDENT OF MARKETING AND MEMBERSHIP","VICE PRESIDENT","","",""
"VICE PRESIDENT OF MARKETING AND PUBLIC RELATIONS","VICE PRESIDENT","","",""
"VICE PRESIDENT OF MARKETING AND PUBLICITY","VICE PRESIDENT OF MARKETING AND PUBLICITY","","",""
"VICE PRESIDENT OF MARKETING AND SALES","VICE PRESIDENT","","",""
"VICE PRESIDENT OF MARKETING AND TECHNOLOGY","VICE PRESIDENT","","",""
"VICE PRESIDENT OF MARKETING COMMUNICATIONS","VICE PRESIDENT","","",""
"VICE PRESIDENT OF MARKETING DEVELOPMENT","VICE PRESIDENT","","",""
"VICE PRESIDENT OF MARKETING EXPANSION","VICE PRESIDENT","","",""
"VICE PRESIDENT OF MARKETING FINANCE","VICE PRESIDENT","","",""
"VICE PRESIDENT OF MED AFFAIRS","VICE PRESIDENT OF MEDICAL AFFAIRS","","",""
"VICE PRESIDENT OF MEDIA","VICE PRESIDENT","","",""
"VICE PRESIDENT OF MEDICAL","VICE PRESIDENT","","",""
"VICE PRESIDENT OF MEDICAL AFFAIRS","VICE PRESIDENT OF MEDICAL AFFAIRS","","",""
"VICE PRESIDENT OF MEDICAL SERVICES","VICE PRESIDENT","","",""
"VICE PRESIDENT OF MEDICAL STAFF","BOARD MEMBER","","",""
"VICE PRESIDENT OF MEETINGS","VICE PRESIDENT","","",""
"VICE PRESIDENT OF MEETINGS AND EDUCATION","VICE PRESIDENT","","",""
"VICE PRESIDENT OF MEETINGS AND EVENTS","VICE PRESIDENT","","",""
"VICE PRESIDENT OF MEMBE","VICE PRESIDENT","","",""
"VICE PRESIDENT OF MEMBER","BOARD VICE PRESIDENT","","","5"
"VICE PRESIDENT OF MEMBER DEVELOPMENT","BOARD VICE PRESIDENT","","","7"
"VICE PRESIDENT OF MEMBER EDUCAT","BOARD VICE PRESIDENT","","",""
"VICE PRESIDENT OF MEMBER EDUCATE","BOARD VICE PRESIDENT","","",""
"VICE PRESIDENT OF MEMBER EDUCATION","VICE PRESIDENT OF MEMBERSHIP","","","3"
"VICE PRESIDENT OF MEMBER ENGAGEMENT","VICE PRESIDENT","","",""
"VICE PRESIDENT OF MEMBER EXPERIENCE","BOARD VICE PRESIDENT","","",""
"VICE PRESIDENT OF MEMBER RECR","BOARD VICE PRESIDENT","","",""
"VICE PRESIDENT OF MEMBER RECRUITMENT","BOARD VICE PRESIDENT","","","F-016: former board standard"
"VICE PRESIDENT OF MEMBER RELATIONS","VICE PRESIDENT","","",""
"VICE PRESIDENT OF MEMBER SERVICES","VICE PRESIDENT","","",""
"VICE PRESIDENT OF MEMBERS","BOARD VICE PRESIDENT","","",""
"VICE PRESIDENT OF MEMBERSH","VICE PRESIDENT","","",""
"VICE PRESIDENT OF MEMBERSHI","BOARD VICE PRESIDENT","","",""
"VICE PRESIDENT OF MEMBERSHIP","BOARD VICE PRESIDENT","","",""
"VICE PRESIDENT OF MEMBERSHIP AND COMMUNICATIONS","VICE PRESIDENT","","",""
"VICE PRESIDENT OF MEMBERSHIP AND DEVELOPMENT","VICE PRESIDENT","","",""
"VICE PRESIDENT OF MEMBERSHIP AND MARKETING","VICE PRESIDENT","","",""
"VICE PRESIDENT OF MEMBERSHIP AND RELATIONS","VICE PRESIDENT","","",""
"VICE PRESIDENT OF MEMBERSHIP AND VOLUNTEERS","VICE PRESIDENT","","",""
"VICE PRESIDENT OF MEMBERSHIP CHAIR","VICE PRESIDENT","committee","chair",""
"VICE PRESIDENT OF MEMBERSHIP DEVELOPMENT","VICE PRESIDENT","","",""
"VICE PRESIDENT OF MEMBERSHIP SERVICES","VICE PRESIDENT","","",""
"VICE PRESIDENT OF MEMBERSHIPS","VICE PRESIDENT OF MEMBERSHIPS","","","3"
"VICE PRESIDENT OF MEMBERSHP","VICE PRESIDENT","","",""
"VICE PRESIDENT OF MERCHANDISE","VICE PRESIDENT","","",""
"VICE PRESIDENT OF MIDDLE MARKETING AND MINISTRY","VICE PRESIDENT","","",""
"VICE PRESIDENT OF MIDDLE SCHOOL","VICE PRESIDENT","","",""
"VICE PRESIDENT OF MIL","VICE PRESIDENT","","",""
"VICE PRESIDENT OF MILITARY AFFAIRS","VICE PRESIDENT","","",""
"VICE PRESIDENT OF MISSION","VICE PRESIDENT","","",""
"VICE PRESIDENT OF MISSION ADVANCEMENT","VICE PRESIDENT","","",""
"VICE PRESIDENT OF MISSION AND MINISTRY","VICE PRESIDENT","","",""
"VICE PRESIDENT OF MISSION INTEGRATION","VICE PRESIDENT","","",""
"VICE PRESIDENT OF MISSION PROJECTS","VICE PRESIDENT","","",""
"VICE PRESIDENT OF MISSION SERVICES","VICE PRESIDENT","","",""
"VICE PRESIDENT OF MORTGAGE","VICE PRESIDENT","","",""
"VICE PRESIDENT OF MORTGAGE LENDING","VICE PRESIDENT","","",""
"VICE PRESIDENT OF MSBD","VICE PRESIDENT","","",""
"VICE PRESIDENT OF MUSEUM EXPERIENCE","VICE PRESIDENT OF MUSEUM EXPERIENCE","","",""
"VICE PRESIDENT OF MUSIC","VICE PRESIDENT OF MUSIC","","",""
"VICE PRESIDENT OF MUSIC AND PERFORMANCE","VICE PRESIDENT OF MUSIC","","",""
"VICE PRESIDENT OF NETWORK DEVELOPMENT","VICE PRESIDENT","","",""
"VICE PRESIDENT OF NURSING","VICE PRESIDENT","","",""
"VICE PRESIDENT OF OFFICER","VICE PRESIDENT","","",""
"VICE PRESIDENT OF OPERATIONS","VICE PRESIDENT OF OPERATIONS","","",""
"VICE PRESIDENT OF OPERATIONS AND ADMINISTRATION","VICE PRESIDENT","","",""
"VICE PRESIDENT OF OPERATIONS AND AFFORDABLE HSG","VICE PRESIDENT","","",""
"VICE PRESIDENT OF OPERATIONS AND DEVELOPMENT","VICE PRESIDENT","","",""
"VICE PRESIDENT OF OPERATIONS AND ENGINEERING","VICE PRESIDENT","","",""
"VICE PRESIDENT OF OPERATIONS AND FINANCE","VICE PRESIDENT","","",""
"VICE PRESIDENT OF OPERATIONS AND HUMAN RESOURCES","VICE PRESIDENT","","",""
"VICE PRESIDENT OF OPERATIONS AND REGIONAL","VICE PRESIDENT","regional","regional",""
"VICE PRESIDENT OF OPERATIONS FINANCE","VICE PRESIDENT OF FINANCE","","",""
"VICE PRESIDENT OF OPERATIONS REGIONAL","VICE PRESIDENT","regional","regional",""
"VICE PRESIDENT OF OPERATIONS SUPPORT","VICE PRESIDENT","","",""
"VICE PRESIDENT OF ORGANIZATION DEVELOPMENT","VICE PRESIDENT","","",""
"VICE PRESIDENT OF ORGANIZATIONAL ADVANCEMENT","VICE PRESIDENT","","",""
"VICE PRESIDENT OF ORGANIZATIONAL DEVELOPMENT","VICE PRESIDENT","","",""
"VICE PRESIDENT OF ORGANIZING DEVELOPMENT","VICE PRESIDENT OF HUMAN RESOURCES","","",""
"VICE PRESIDENT OF OUTREA","VICE PRESIDENT","","",""
"VICE PRESIDENT OF OUTREAC","VICE PRESIDENT","","",""
"VICE PRESIDENT OF OUTREACH","VICE PRESIDENT","","",""
"VICE PRESIDENT OF PAINTING","VICE PRESIDENT OF COLLECTIONS","","",""
"VICE PRESIDENT OF PARENT RELATIONS","VICE PRESIDENT","","",""
"VICE PRESIDENT OF PARTNERSHIPS","VICE PRESIDENT","","",""
"VICE PRESIDENT OF PATIENT CARE","VICE PRESIDENT","","",""
"VICE PRESIDENT OF PATIENT CARE SERVICES","VICE PRESIDENT","","",""
"VICE PRESIDENT OF PATIENT SERVICES","VICE PRESIDENT","","",""
"VICE PRESIDENT OF PATRONESS ACTIVITIES","BOARD VICE PRESIDENT","","",""
"VICE PRESIDENT OF PEOPLE","VICE PRESIDENT","","",""
"VICE PRESIDENT OF PEOPLE AND CULTURE","VICE PRESIDENT","","",""
"VICE PRESIDENT OF PEOPLE OPERATIONS","VICE PRESIDENT","","",""
"VICE PRESIDENT OF PEOPLE SERVICES","VICE PRESIDENT","","",""
"VICE PRESIDENT OF PERFORMANCE","VICE PRESIDENT","","",""
"VICE PRESIDENT OF PERFORMANCE IMPROVEMENT","VICE PRESIDENT","","",""
"VICE PRESIDENT OF PERSONNEL","VICE PRESIDENT","","",""
"VICE PRESIDENT OF PHILANTHROPY","VICE PRESIDENT OF DEVELOPMENT","","","3"
"VICE PRESIDENT OF PHILANTHROPY AND COMMUNICATIONS","VICE PRESIDENT","","",""
"VICE PRESIDENT OF PHILANTHROPY AND MARKETING","VICE PRESIDENT","","",""
"VICE PRESIDENT OF PHILANTHROPY AND SERVICE","VICE PRESIDENT","","",""
"VICE PRESIDENT OF PHILANTHROPY SER","BOARD VICE PRESIDENT","","",""
"VICE PRESIDENT OF PHILANTHROPY SERVIC","VICE PRESIDENT","","",""
"VICE PRESIDENT OF PHILANTHROPY SERVICES","VICE PRESIDENT OF DEVELOPMENT","","","3"
"VICE PRESIDENT OF PHYSICIAN SERVICES","VICE PRESIDENT","","",""
"VICE PRESIDENT OF PLANNING","VICE PRESIDENT","","",""
"VICE PRESIDENT OF PLANNING AND DEVELOPMENT","VICE PRESIDENT","","",""
"VICE PRESIDENT OF PLANNING GIVING","VICE PRESIDENT","","",""
"VICE PRESIDENT OF POLICY","VICE PRESIDENT","","",""
"VICE PRESIDENT OF POLICY AND ADVOCACY","VICE PRESIDENT","","",""
"VICE PRESIDENT OF POLICY AND COMMUNICATIONS","VICE PRESIDENT","","",""
"VICE PRESIDENT OF POLICY AND PROGRAMS","VICE PRESIDENT","","",""
"VICE PRESIDENT OF POLICY AND RESEARCH","VICE PRESIDENT","","",""
"VICE PRESIDENT OF POLICY AND STRATEGY","VICE PRESIDENT","","",""
"VICE PRESIDENT OF POLITICAL AFFAIRS","VICE PRESIDENT","","",""
"VICE PRESIDENT OF PORTFOLIO MANAGEMENT","VICE PRESIDENT","","",""
"VICE PRESIDENT OF POWER SUPPLY","VICE PRESIDENT","","",""
"VICE PRESIDENT OF PR","VICE PRESIDENT","","",""
"VICE PRESIDENT OF PRACTICE","VICE PRESIDENT","","",""
"VICE PRESIDENT OF PRESIDENT","BOARD VICE PRESIDENT","","",""
"VICE PRESIDENT OF PRO DEVELOPMENT","VICE PRESIDENT","","",""
"VICE PRESIDENT OF PRODUCT","VICE PRESIDENT","","",""
"VICE PRESIDENT OF PRODUCT DEVELOPMENT","VICE PRESIDENT","","",""
"VICE PRESIDENT OF PRODUCT MANAGEMENT","VICE PRESIDENT","","",""
"VICE PRESIDENT OF PRODUCTION","VICE PRESIDENT OF PRODUCTION","","",""
"VICE PRESIDENT OF PRODUCTIONS","VICE PRESIDENT","","",""
"VICE PRESIDENT OF PROF DEVELOPMENT","BOARD VICE PRESIDENT","","",""
"VICE PRESIDENT OF PROFESSIONAL DEVELOPMENT","VICE PRESIDENT","","",""
"VICE PRESIDENT OF PROGRAMMING","VICE PRESIDENT OF PROGRAMS","","","3"
"VICE PRESIDENT OF PROGRAMS","VICE PRESIDENT OF PROGRAMS","","",""
"VICE PRESIDENT OF PROGRAMS AND EVENTS","VICE PRESIDENT","","",""
"VICE PRESIDENT OF PROGRAMS AND OPERATIONS","VICE PRESIDENT","","",""
"VICE PRESIDENT OF PROGRAMS AND SERVICES","VICE PRESIDENT OF PROGRAMS","","",""
"VICE PRESIDENT OF PROGRAMS AND STRATEGY","VICE PRESIDENT","","",""
"VICE PRESIDENT OF PROGRAMS DELIVERY","VICE PRESIDENT","","",""
"VICE PRESIDENT OF PROGRAMS DEVELOPMENT","VICE PRESIDENT","","",""
"VICE PRESIDENT OF PROGRAMS MANAGEMENT","VICE PRESIDENT","","",""
"VICE PRESIDENT OF PROGRAMS OPERATIONS","VICE PRESIDENT","","",""
"VICE PRESIDENT OF PROGRAMS SERVICES","VICE PRESIDENT","","",""
"VICE PRESIDENT OF PROJECTS","VICE PRESIDENT","","",""
"VICE PRESIDENT OF PROJECTS DEVELOPMENT","VICE PRESIDENT","","",""
"VICE PRESIDENT OF PROJECTS MANAGEMENT","VICE PRESIDENT","","",""
"VICE PRESIDENT OF PROMOTION","BOARD VICE PRESIDENT","","",""
"VICE PRESIDENT OF PROMOTIONS","VICE PRESIDENT","","",""
"VICE PRESIDENT OF PROPER","VICE PRESIDENT","","",""
"VICE PRESIDENT OF PROPERT","VICE PRESIDENT","","",""
"VICE PRESIDENT OF PROPERTIES","BOARD VICE PRESIDENT","","",""
"VICE PRESIDENT OF PROPERTY","VICE PRESIDENT","","",""
"VICE PRESIDENT OF PROPERTY DEVELOPMENT","VICE PRESIDENT","","",""
"VICE PRESIDENT OF PROPERTY MANAGEMENT","VICE PRESIDENT","","",""
"VICE PRESIDENT OF PROPERTY MANAGEMENT AND RESIDENT SERVICES","VICE PRESIDENT","","",""
"VICE PRESIDENT OF PROPERTY OPERATIONS","VICE PRESIDENT","","",""
"VICE PRESIDENT OF PROVISIONALS","BOARD VICE PRESIDENT","","",""
"VICE PRESIDENT OF PUBLIC","VICE PRESIDENT","","",""
"VICE PRESIDENT OF PUBLIC A","VICE PRESIDENT","","",""
"VICE PRESIDENT OF PUBLIC AF","VICE PRESIDENT","","",""
"VICE PRESIDENT OF PUBLIC AFFAIRS","VICE PRESIDENT OF PUBLIC RELATIONS","","",""
"VICE PRESIDENT OF PUBLIC POLICY","VICE PRESIDENT","","",""
"VICE PRESIDENT OF PUBLIC RE","VICE PRESIDENT","","",""
"VICE PRESIDENT OF PUBLIC RELATIONS","VICE PRESIDENT OF PUBLIC RELATIONS","","",""
"VICE PRESIDENT OF PUBLIC RELATIONS AND COMMUNICATIONS","VICE PRESIDENT","","",""
"VICE PRESIDENT OF PUBLIC RELATIONS AND MARKETING","VICE PRESIDENT","","",""
"VICE PRESIDENT OF PUBLICATION","VICE PRESIDENT","","",""
"VICE PRESIDENT OF PUBLICATIONS","VICE PRESIDENT","","",""
"VICE PRESIDENT OF PUBLICITY","VICE PRESIDENT OF PUBLICITY","","",""
"VICE PRESIDENT OF PUBLISHING","VICE PRESIDENT","","",""
"VICE PRESIDENT OF QUALITY","VICE PRESIDENT","","",""
"VICE PRESIDENT OF QUALITY AND COMPLIANCE","VICE PRESIDENT","","",""
"VICE PRESIDENT OF QUALITY AND CORP COMPLIANCE","VICE PRESIDENT","","",""
"VICE PRESIDENT OF QUALITY MANAGEMENT","VICE PRESIDENT","","",""
"VICE PRESIDENT OF R","VICE PRESIDENT","","",""
"VICE PRESIDENT OF RADIO","VICE PRESIDENT","","",""
"VICE PRESIDENT OF RE DEVELOPMENT AND ASSETS","VICE PRESIDENT","","",""
"VICE PRESIDENT OF REAL EST","VICE PRESIDENT","","",""
"VICE PRESIDENT OF REAL ESTATE","VICE PRESIDENT","","",""
"VICE PRESIDENT OF REAL ESTATE ACQUISITIO","VICE PRESIDENT","","",""
"VICE PRESIDENT OF REAL ESTATE DEVELOPMENT","VICE PRESIDENT OF REAL ESTATE DEVELOPMENT","","","3"
"VICE PRESIDENT OF REAL ESTATE LENDING","VICE PRESIDENT","","",""
"VICE PRESIDENT OF RECORDING","VICE PRESIDENT","","",""
"VICE PRESIDENT OF RECREATION","BOARD VICE PRESIDENT","","",""
"VICE PRESIDENT OF RECRUI","BOARD VICE PRESIDENT","","",""
"VICE PRESIDENT OF RECRUIT","VICE PRESIDENT","","",""
"VICE PRESIDENT OF RECRUITM","VICE PRESIDENT","","",""
"VICE PRESIDENT OF RECRUITME","VICE PRESIDENT","","",""
"VICE PRESIDENT OF RECRUITMENT","VICE PRESIDENT","","",""
"VICE PRESIDENT OF RECRUITMENT AND MARKETING","VICE PRESIDENT","","",""
"VICE PRESIDENT OF REG OPERATIONS CONT CARE","VICE PRESIDENT","","",""
"VICE PRESIDENT OF REGIONAL","BOARD VICE PRESIDENT","regional","regional",""
"VICE PRESIDENT OF REGIONAL AFFAIRS","VICE PRESIDENT","regional","regional",""
"VICE PRESIDENT OF REGIONAL AND REGIONAL","VICE PRESIDENT","regional","regional",""
"VICE PRESIDENT OF REGIONAL CHAIR","VICE PRESIDENT","regional","regional",""
"VICE PRESIDENT OF REGIONAL DEVELOPMENT","VICE PRESIDENT","regional","regional",""
"VICE PRESIDENT OF REGIONAL OPERATIONS","VICE PRESIDENT","regional","regional",""
"VICE PRESIDENT OF REGIONAL PROGRAMS","VICE PRESIDENT","regional","regional",""
"VICE PRESIDENT OF REGIONAL RELATIONS","VICE PRESIDENT","regional","regional",""
"VICE PRESIDENT OF REGIONAL TN","VICE PRESIDENT","regional","regional","VP-WEST TN:  VP-WEST TENNESSEE"
"VICE PRESIDENT OF REGIONS","VICE PRESIDENT","","",""
"VICE PRESIDENT OF REGULATORY AFFAIRS","VICE PRESIDENT","","",""
"VICE PRESIDENT OF RELATIONS","VICE PRESIDENT","","",""
"VICE PRESIDENT OF RESEARCH","VICE PRESIDENT OF RESEARCH","","",""
"VICE PRESIDENT OF RESEARCH AND DEVELOPMENT","VICE PRESIDENT","","",""
"VICE PRESIDENT OF RESEARCH AND EDUCATION","VICE PRESIDENT","","",""
"VICE PRESIDENT OF RESEARCH AND INNOVATION","VICE PRESIDENT","","",""
"VICE PRESIDENT OF RESEARCH AND POLICY","VICE PRESIDENT","","",""
"VICE PRESIDENT OF RESIDENT SERVICES","VICE PRESIDENT","","",""
"VICE PRESIDENT OF RESIDENTIAL SERVICES","VICE PRESIDENT","","",""
"VICE PRESIDENT OF RESOURCES","VICE PRESIDENT","","",""
"VICE PRESIDENT OF RESOURCES DEVELOPMENT","VICE PRESIDENT","","",""
"VICE PRESIDENT OF RETAIL","VICE PRESIDENT","","",""
"VICE PRESIDENT OF RETAIL DELIVERY","VICE PRESIDENT","","",""
"VICE PRESIDENT OF RETAIL OPERATIONS","VICE PRESIDENT","","",""
"VICE PRESIDENT OF REVENUE CYCLE","VICE PRESIDENT OF FINANCE","","",""
"VICE PRESIDENT OF REVENUE CYCLE MANAGEMENT","VICE PRESIDENT OF FINANCE","","",""
"VICE PRESIDENT OF RISK","VICE PRESIDENT","","",""
"VICE PRESIDENT OF RISK AND SAFETY AND COMPLIANCE","VICE PRESIDENT","","",""
"VICE PRESIDENT OF RISK MANAGEMENT","VICE PRESIDENT OF RISK MANAGEMENT","","",""
"VICE PRESIDENT OF RISK REDUCTION","VICE PRESIDENT","","",""
"VICE PRESIDENT OF ROOM PARENTS","VICE PRESIDENT","","",""
"VICE PRESIDENT OF S","VICE PRESIDENT","","",""
"VICE PRESIDENT OF SAFE SCOUTING","VICE PRESIDENT","","",""
"VICE PRESIDENT OF SAFETY","VICE PRESIDENT","","",""
"VICE PRESIDENT OF SALES","VICE PRESIDENT OF SALES","","",""
"VICE PRESIDENT OF SALES AND M","VICE PRESIDENT","","",""
"VICE PRESIDENT OF SALES AND MARKETING","VICE PRESIDENT OF SALES","","",""
"VICE PRESIDENT OF SALES AND SERVICE","VICE PRESIDENT","","",""
"VICE PRESIDENT OF SCHOLARS","BOARD VICE PRESIDENT","","",""
"VICE PRESIDENT OF SCHOLARSHIPS","VICE PRESIDENT","","",""
"VICE PRESIDENT OF SCHOOL","VICE PRESIDENT","","",""
"VICE PRESIDENT OF SCHOOL ENRICHMENT","VICE PRESIDENT","","",""
"VICE PRESIDENT OF SCHOOL PROGRAMS","VICE PRESIDENT","","",""
"VICE PRESIDENT OF SCHOOL RELATIONS","VICE PRESIDENT","","",""
"VICE PRESIDENT OF SCHOOL STORE","VICE PRESIDENT","","",""
"VICE PRESIDENT OF SCHOOL SUPPORT","VICE PRESIDENT","","",""
"VICE PRESIDENT OF SCIENCE AND RESEARCH","VICE PRESIDENT","","",""
"VICE PRESIDENT OF SCIENCE POLICY","VICE PRESIDENT","","",""
"VICE PRESIDENT OF SCIENTIFIC AFFAIRS","VICE PRESIDENT","","",""
"VICE PRESIDENT OF SCOUTREACH","VICE PRESIDENT","","",""
"VICE PRESIDENT OF SECONDARY","VICE PRESIDENT","","",""
"VICE PRESIDENT OF SECRETARY","VICE PRESIDENT","","",""
"VICE PRESIDENT OF SECRETARY AND AND DIRECTOR","VICE PRESIDENT","","",""
"VICE PRESIDENT OF SENIOR HOUSING","VICE PRESIDENT","","",""
"VICE PRESIDENT OF SENIOR LIVING","VICE PRESIDENT","","",""
"VICE PRESIDENT OF SERVICE","VICE PRESIDENT","","",""
"VICE PRESIDENT OF SERVICES","VICE PRESIDENT","","",""
"VICE PRESIDENT OF SF","VICE PRESIDENT","","",""
"VICE PRESIDENT OF SHELTER OPERATIONS","VICE PRESIDENT","","",""
"VICE PRESIDENT OF SHOWS","VICE PRESIDENT","","",""
"VICE PRESIDENT OF SIGEP LEARNING COMMUNITY","VICE PRESIDENT","","",""
"VICE PRESIDENT OF SITE OPERATIONS","VICE PRESIDENT OF OPERATIONS","","",""
"VICE PRESIDENT OF SKILLED SERVICES","VICE PRESIDENT","","",""
"VICE PRESIDENT OF SOCIAL","VICE PRESIDENT","","",""
"VICE PRESIDENT OF SOCIAL ACTIVITIES","VICE PRESIDENT","","",""
"VICE PRESIDENT OF SOCIAL EVENTS","VICE PRESIDENT","","",""
"VICE PRESIDENT OF SOFTBA","BOARD VICE PRESIDENT","","",""
"VICE PRESIDENT OF SOFTBAL","VICE PRESIDENT","","",""
"VICE PRESIDENT OF SOFTBALL","VICE PRESIDENT","","",""
"VICE PRESIDENT OF SPEC EVENTS","VICE PRESIDENT","","",""
"VICE PRESIDENT OF SPECIA","VICE PRESIDENT","","",""
"VICE PRESIDENT OF SPECIAL","VICE PRESIDENT","","",""
"VICE PRESIDENT OF SPECIAL EVENTS","BOARD VICE PRESIDENT","","",""
"VICE PRESIDENT OF SPECIAL PROJECTS","VICE PRESIDENT OF STRATEGY","","",""
"VICE PRESIDENT OF SPONSORSHIP","VICE PRESIDENT","","",""
"VICE PRESIDENT OF SPONSORSHIPS","VICE PRESIDENT","","",""
"VICE PRESIDENT OF SPORTS","VICE PRESIDENT","","",""
"VICE PRESIDENT OF STAFF APPRECIATION","VICE PRESIDENT","","",""
"VICE PRESIDENT OF STANDARD","BOARD VICE PRESIDENT","","",""
"VICE PRESIDENT OF STANDARDS","VICE PRESIDENT","","",""
"VICE PRESIDENT OF STANDARDS AND VAL","BOARD VICE PRESIDENT","","",""
"VICE PRESIDENT OF STANDARDS AND VALUES","BOARD VICE PRESIDENT","","","3"
"VICE PRESIDENT OF STRATEGY","VICE PRESIDENT OF STRATEGY","","",""
"VICE PRESIDENT OF STRATEGY ALLIANCES","VICE PRESIDENT","","",""
"VICE PRESIDENT OF STRATEGY AND BUSINESS DEVELOPMENT","VICE PRESIDENT OF STRATEGY","","",""
"VICE PRESIDENT OF STRATEGY AND DEVELOPMENT","VICE PRESIDENT","","",""
"VICE PRESIDENT OF STRATEGY AND HOUSING","VICE PRESIDENT","","",""
"VICE PRESIDENT OF STRATEGY AND IMPACT","VICE PRESIDENT","","",""
"VICE PRESIDENT OF STRATEGY AND INNOVATION","VICE PRESIDENT","","",""
"VICE PRESIDENT OF STRATEGY AND OPERATIONS","VICE PRESIDENT","","",""
"VICE PRESIDENT OF STRATEGY COMMITTEE","VICE PRESIDENT","","",""
"VICE PRESIDENT OF STRATEGY COMMUNICATIONS","VICE PRESIDENT","","",""
"VICE PRESIDENT OF STRATEGY DEVELOPMENT","VICE PRESIDENT","","",""
"VICE PRESIDENT OF STRATEGY INIT","VICE PRESIDENT OF STRATEGY","","",""
"VICE PRESIDENT OF STRATEGY INITATIVES","VICE PRESIDENT OF STRATEGY","","",""
"VICE PRESIDENT OF STRATEGY INITIATIVE","VICE PRESIDENT","","",""
"VICE PRESIDENT OF STRATEGY INITIATIVES","VICE PRESIDENT OF STRATEGY","","",""
"VICE PRESIDENT OF STRATEGY OPERATIONS","VICE PRESIDENT","","",""
"VICE PRESIDENT OF STRATEGY PARTNERSHIPS","VICE PRESIDENT OF STRATEGY","","","4"
"VICE PRESIDENT OF STRATEGY PL","VICE PRESIDENT","","",""
"VICE PRESIDENT OF STRATEGY PLANNING","VICE PRESIDENT OF STRATEGY","","",""
"VICE PRESIDENT OF STRATEGY PROGRAMS","VICE PRESIDENT","","",""
"VICE PRESIDENT OF STRATEGY SERVICES","VICE PRESIDENT OF STRATEGY","","",""
"VICE PRESIDENT OF STUDENT ACTIVITIES","VICE PRESIDENT","","",""
"VICE PRESIDENT OF STUDENT AFFAIRS","VICE PRESIDENT","","",""
"VICE PRESIDENT OF STUDENT DEVELOPMENT","VICE PRESIDENT","","",""
"VICE PRESIDENT OF STUDENT LIFE","VICE PRESIDENT","","",""
"VICE PRESIDENT OF STUDENT SERVICES","VICE PRESIDENT","","",""
"VICE PRESIDENT OF STUDIES","VICE PRESIDENT","","",""
"VICE PRESIDENT OF SUPPLY CHAIR","VICE PRESIDENT","committee","chair",""
"VICE PRESIDENT OF SUPPORT","VICE PRESIDENT","","",""
"VICE PRESIDENT OF SUPPORT SERVICES","VICE PRESIDENT","","",""
"VICE PRESIDENT OF SYSTEMS OPERATIONS","VICE PRESIDENT","","",""
"VICE PRESIDENT OF TALENT","VICE PRESIDENT","","",""
"VICE PRESIDENT OF TALENT AND CULTURE","VICE PRESIDENT","","",""
"VICE PRESIDENT OF TALENT MANAGEMENT","VICE PRESIDENT","","",""
"VICE PRESIDENT OF TAX","VICE PRESIDENT","","",""
"VICE PRESIDENT OF TECHNOLOGY","VICE PRESIDENT OF TECHNOLOGY","","",""
"VICE PRESIDENT OF TECHNOLOGY AND OPERATIONS","VICE PRESIDENT","","",""
"VICE PRESIDENT OF TECHNOLOGY SERVICES","VICE PRESIDENT","","",""
"VICE PRESIDENT OF TICKTOCKERS","VICE PRESIDENT","","",""
"VICE PRESIDENT OF TISSUE OPERATIONS","VICE PRESIDENT","","",""
"VICE PRESIDENT OF TRAINI","VICE PRESIDENT","","",""
"VICE PRESIDENT OF TRAINING","VICE PRESIDENT","","",""
"VICE PRESIDENT OF TRAINING SYSTEMS","VICE PRESIDENT","","",""
"VICE PRESIDENT OF TRANSPORTATION","VICE PRESIDENT","","",""
"VICE PRESIDENT OF TRANSPORTATION DIVISION","VICE PRESIDENT","","",""
"VICE PRESIDENT OF TRAVEL","BOARD VICE PRESIDENT","","",""
"VICE PRESIDENT OF TRAVEL BASEBALL","VICE PRESIDENT","","",""
"VICE PRESIDENT OF TREASURER","VICE PRESIDENT","","",""
"VICE PRESIDENT OF TRUSTEE","VICE PRESIDENT","","",""
"VICE PRESIDENT OF TRUSTEES","BOARD VICE PRESIDENT","","",""
"VICE PRESIDENT OF TV","VICE PRESIDENT","","",""
"VICE PRESIDENT OF UNIFORMS","VICE PRESIDENT","","",""
"VICE PRESIDENT OF UNIVERSITY ADVANCEMENT","VICE PRESIDENT OF DEVELOPMENT","","","3"
"VICE PRESIDENT OF UNIVERSITY RELATIONS","VICE PRESIDENT OF EXTERNAL AFFAIRS","","",""
"VICE PRESIDENT OF VIPS","VICE PRESIDENT","","",""
"VICE PRESIDENT OF VOLUNT","VICE PRESIDENT","","",""
"VICE PRESIDENT OF VOLUNTE","VICE PRESIDENT","","",""
"VICE PRESIDENT OF VOLUNTEER","VICE PRESIDENT","","",""
"VICE PRESIDENT OF VOLUNTEERING","VICE PRESIDENT","","",""
"VICE PRESIDENT OF VOLUNTEERS","VICE PRESIDENT","","",""
"VICE PRESIDENT OF WAYS","VICE PRESIDENT","","",""
"VICE PRESIDENT OF WAYS AND MEANS","BOARD VICE PRESIDENT","","",""
"VICE PRESIDENT OF WAYS MEANS","BOARD VICE PRESIDENT","","",""
"VICE PRESIDENT OF WEALTH MANAGEMENT","VICE PRESIDENT","","",""
"VICE PRESIDENT OF WORKFORCE","VICE PRESIDENT","","",""
"VICE PRESIDENT OF WORKFORCE DEVELOPMENT","VICE PRESIDENT","","",""
"VICE PRESIDENT OF WORKFORCE MANAGEMENT","VICE PRESIDENT","","",""
"VICE PRESIDENT OF YOUTH","BOARD VICE PRESIDENT","","",""
"VICE PRESIDENT OF YOUTH DEVELOPMENT","VICE PRESIDENT","","",""
"VICE PRESIDENT OF ZONE","VICE PRESIDENT","","",""
"VICE PRESIDENT OFFICER","BOARD VICE PRESIDENT","","",""
"VICE PRESIDENT ONCOLOGY","VICE PRESIDENT","","",""
"VICE PRESIDENT OPERATIONS","VICE PRESIDENT OF OPERATIONS","","",""
"VICE PRESIDENT ORCHESTRA","BOARD VICE PRESIDENT","","",""
"VICE PRESIDENT OUTREACH","BOARD VICE PRESIDENT","","",""
"VICE PRESIDENT P","BOARD VICE PRESIDENT","","",""
"VICE PRESIDENT PATIENT CARE","VICE PRESIDENT","","",""
"VICE PRESIDENT PATIENT CARE AND CNO","CHIEF NURSING OFFICER","","",""
"VICE PRESIDENT PATIENT CARE SERVICES","VICE PRESIDENT","","",""
"VICE PRESIDENT PATIENT SERVICES","VICE PRESIDENT","","",""
"VICE PRESIDENT PATRONESS","BOARD VICE PRESIDENT","","",""
"VICE PRESIDENT PERSONNEL","BOARD VICE PRESIDENT","","",""
"VICE PRESIDENT PHILANTHROPY","VICE PRESIDENT OF DEVELOPMENT","","","14"
"VICE PRESIDENT PHILANTHROPY AND CSO","VICE PRESIDENT OF PHILANTHROPY","","",""
"VICE PRESIDENT PHILANTHROPY PROGRAMS","BOARD VICE PRESIDENT","","",""
"VICE PRESIDENT PHILANTHROPY SERVICES","BOARD VICE PRESIDENT","","",""
"VICE PRESIDENT PHYSICIAN SERVICES","VICE PRESIDENT","","",""
"VICE PRESIDENT PLANNING","BOARD VICE PRESIDENT","","",""
"VICE PRESIDENT POLICY","VICE PRESIDENT","","",""
"VICE PRESIDENT PR","BOARD VICE PRESIDENT","","",""
"VICE PRESIDENT PRESIDENT","BOARD VICE PRESIDENT","","",""
"VICE PRESIDENT PROFESSIO","BOARD VICE PRESIDENT","","",""
"VICE PRESIDENT PROFESSIONAL SERVICES","VICE PRESIDENT","","",""
"VICE PRESIDENT PROGRAMMING","VICE PRESIDENT OF PROGRAMS","","","3"
"VICE PRESIDENT PROGRAMS","BOARD VICE PRESIDENT","","",""
"VICE PRESIDENT PROGRAMS I","BOARD VICE PRESIDENT","","",""
"VICE PRESIDENT PROGRAMS SERVICES","VICE PRESIDENT OF PROGRAMS","","",""
"VICE PRESIDENT PROJECTS","BOARD VICE PRESIDENT","","",""
"VICE PRESIDENT PROPERTIE","BOARD VICE PRESIDENT","","",""
"VICE PRESIDENT PROPERTIES","BOARD VICE PRESIDENT","","",""
"VICE PRESIDENT PROPERTY","BOARD VICE PRESIDENT","","",""
"VICE PRESIDENT PROVISIONALS","BOARD VICE PRESIDENT","","",""
"VICE PRESIDENT QUALITY","VICE PRESIDENT","","",""
"VICE PRESIDENT RE","VICE PRESIDENT","","","5"
"VICE PRESIDENT REAL ESTATE","VICE PRESIDENT OF REAL ESTATE DEVELOPMENT","","",""
"VICE PRESIDENT RECORDING","BOARD VICE PRESIDENT","","",""
"VICE PRESIDENT RECREATIO","BOARD VICE PRESIDENT","","",""
"VICE PRESIDENT RECREATION","BOARD VICE PRESIDENT","","",""
"VICE PRESIDENT RECRUITME","BOARD VICE PRESIDENT","","",""
"VICE PRESIDENT RECRUITMENT","BOARD VICE PRESIDENT","","",""
"VICE PRESIDENT REGIONAL","BOARD VICE PRESIDENT","regional","regional","4"
"VICE PRESIDENT REGIONAL PROGRAMS","VICE PRESIDENT OF PROGRAMS","","",""
"VICE PRESIDENT REGIONAL RELATIONS","BOARD VICE PRESIDENT","","",""
"VICE PRESIDENT REGIONAL W","BOARD VICE PRESIDENT","","",""
"VICE PRESIDENT REGIONAL WELLNESS","BOARD VICE PRESIDENT","","",""
"VICE PRESIDENT RELATIONS","BOARD VICE PRESIDENT","","",""
"VICE PRESIDENT RESIDENTIAL SERVICES","VICE PRESIDENT","","",""
"VICE PRESIDENT RESOURCES","BOARD VICE PRESIDENT","","",""
"VICE PRESIDENT RETAIL","VICE PRESIDENT","","",""
"VICE PRESIDENT REVENUE CYCLE","VICE PRESIDENT OF FINANCE","","",""
"VICE PRESIDENT RISK MANGEMT","BOARD VICE PRESIDENT","","","6"
"VICE PRESIDENT SALES","VICE PRESIDENT OF SALES","","",""
"VICE PRESIDENT SCHOLARSHIPS","BOARD VICE PRESIDENT","","",""
"VICE PRESIDENT SECONDARY","BOARD VICE PRESIDENT","","",""
"VICE PRESIDENT SECRETARY","BOARD SECRETARY","","",""
"VICE PRESIDENT SECRETARY DIRECTOR","DIRECTOR","","",""
"VICE PRESIDENT SENIOR HOUSING PARTNERS","VICE PRESIDENT OF HOUSING","","",""
"VICE PRESIDENT SERVICE","BOARD VICE PRESIDENT","","",""
"VICE PRESIDENT SERVICES","BOARD VICE PRESIDENT","","",""
"VICE PRESIDENT SOCIAL","BOARD VICE PRESIDENT","","",""
"VICE PRESIDENT SOFTBALL","BOARD VICE PRESIDENT","","","4"
"VICE PRESIDENT SPECIAL E","BOARD VICE PRESIDENT","","",""
"VICE PRESIDENT SPECIAL PROJECTS","BOARD VICE PRESIDENT","","",""
"VICE PRESIDENT SPONSORSH","BOARD VICE PRESIDENT","","",""
"VICE PRESIDENT SPONSORSHIP","BOARD VICE PRESIDENT","","",""
"VICE PRESIDENT SPONSORSHIPS","BOARD VICE PRESIDENT","","",""
"VICE PRESIDENT STANDARDS","BOARD VICE PRESIDENT","","",""
"VICE PRESIDENT STUDENT ENRICHMENT","BOARD MEMBER","","",""
"VICE PRESIDENT STUDENT LIFE","VICE PRESIDENT","","",""
"VICE PRESIDENT STUDENT PROGRAMS","BOARD VICE PRESIDENT","","",""
"VICE PRESIDENT STUDENT SERVICES","VICE PRESIDENT","","",""
"VICE PRESIDENT SUPPLY CHAIN","VICE PRESIDENT","","",""
"VICE PRESIDENT SUPPLY CHAIR","VICE PRESIDENT","","",""
"VICE PRESIDENT SUPPORT SERVICES","VICE PRESIDENT","","",""
"VICE PRESIDENT SURGERY","VICE PRESIDENT","","",""
"VICE PRESIDENT SURGICAL SERVICES","VICE PRESIDENT","","",""
"VICE PRESIDENT SYSTEMS SERVICES","VICE PRESIDENT","","",""
"VICE PRESIDENT TALENT ACQUISITION","VICE PRESIDENT OF HUMAN RESOURCES","","",""
"VICE PRESIDENT TICKTOCKERS","BOARD MEMBER","","",""
"VICE PRESIDENT TOTAL REWARDS","VICE PRESIDENT OF HUMAN RESOURCES","","",""
"VICE PRESIDENT TRAINING","BOARD VICE PRESIDENT","","",""
"VICE PRESIDENT TRAVEL","BOARD VICE PRESIDENT","","",""
"VICE PRESIDENT TREASURER","BOARD MEMBER","","",""
"VICE PRESIDENT TREASURER AND INVSTMT","VICE PRESIDENT OF FINANCE","","",""
"VICE PRESIDENT TREASURER DIRECTOR","DIRECTOR","","",""
"VICE PRESIDENT TRUSTEE","BOARD VICE PRESIDENT","","",""
"VICE PRESIDENT UNIFORMS","BOARD VICE PRESIDENT","","",""
"VICE PRESIDENT UNIVERSITY RELATIONS","VICE PRESIDENT OF EXTERNAL AFFAIRS","","",""
"VICE PRESIDENT VOLUNTEER","BOARD VICE PRESIDENT","","",""
"VICE PRESIDENT VOLUNTEER COORDINATOR","BOARD VICE PRESIDENT","","",""
"VICE PRESIDENT VOLUNTEERS","BOARD VICE PRESIDENT","","","8"
"VICE PRESIDENT WAYS","BOARD VICE PRESIDENT","","",""
"VICE PRESIDENT WAYS AND MEANS","BOARD VICE PRESIDENT","","","3"
"VICE PRESIDENT WAYS MEANS","BOARD VICE PRESIDENT","","",""
"VICE PRESIDENT YOUTH","BOARD VICE PRESIDENT","","",""
"VICE PRESIDENT, FINANCE","VICE PRESIDENT OF FINANCE","","",""
"VICE PRESIDENT, HUMAN RESOURCES","VICE PRESIDENT OF HUMAN RESOURCES","","",""
"VICE PRESIDENT, MARKETING","VICE PRESIDENT OF MARKETING","","",""
"VICE PRESIDENT, MEDICAL AFFAIRS","VICE PRESIDENT OF MEDICAL AFFAIRS","","",""
"VICE PRESIDENT, OPERATIONS","VICE PRESIDENT OF OPERATIONS","","",""
"VICE PRESIDENT, SALES","VICE PRESIDENT OF SALES","","",""
"VICE PRINCIP","ASSISTANT PRINCIPAL","","",""
"VICE PRINCIPAL","ASSISTANT PRINCIPAL","","",""
"VICE PRISIDENT","BOARD VICE PRESIDENT","","",""
"VICE PROVOST","PROVOST","","",""
"VICE PRSIDENT","BOARD VICE PRESIDENT","","",""
"VICE REGENT","BOARD VICE PRESIDENT","","","6"
"VICE REGIONAL CHAIR","BOARD MEMBER","regional","regional",""
"VICE REGIONAL GOVERNOR","BOARD VICE PRESIDENT","","",""
"VICE REGIONAL SUPERVISOR","BOARD MEMBER","regional","regional",""
"VICE SECRETARY","BOARD SECRETARY","","","3"
"VICE SPEAKER","BOARD MEMBER","","",""
"VICE SPEAKER OF HOUSE","BOARD VICE PRESIDENT","","",""
"VICE TREASURER","BOARD TREASURER","subordinate","assistant",""
"VICECHAIR","BOARD VICE PRESIDENT","","",""
"VICECHAIRMAN","BOARD VICE PRESIDENT","","",""
"VICECHAIRPERSON","BOARD VICE PRESIDENT","","",""
"VICECOMMANDER","BOARD MEMBER","","",""
"VICTORIA OF REGIONAL","BOARD MEMBER","","",""
"VIDE PRESIDENT","BOARD MEMBER","","",""
"VIDEOGRAPHER","BOARD MEMBER","","",""
"VIE PRESIDENT","BOARD MEMBER","","",""
"VILLAGE MANAGER","MANAGER","","",""
"VIPS","BOARD MEMBER","","",""
"VISE PRESIDENT","BOARD VICE PRESIDENT","","",""
"VIVE PRESIDENT","BOARD VICE PRESIDENT","","",""
"VLC MEMBER","BOARD MEMBER","","",""
"VOCAL","BOARD MEMBER","","",""
"VOCAL BOARD OF DIRECTOR","DIRECTOR","","",""
"VOCATIONAL","BOARD MEMBER","","",""
"VOCATIONAL S","BOARD MEMBER","","",""
"VOCATIONAL SERVICE","BOARD MEMBER","","",""
"VOCATIONAL SERVICE CHAIR","BOARD MEMBER","committee","chair",""
"VOL","VOLUNTEER","","",""
"VOL COORDINATOR","BOARD MEMBER","","",""
"VOL DIRECTOR","DIRECTOR","","",""
"VOLLEYBALL DIRECTOR","DIRECTOR","","",""
"VOLUNTEER","VOLUNTEER","","",""
"VOLUNTEER BOARD","BOARD MEMBER","","",""
"VOLUNTEER BOARD MEMBER","BOARD MEMBER","","",""
"VOLUNTEER BOARD OF DIRECTOR","BOARD MEMBER","","",""
"VOLUNTEER CHAIR","BOARD MEMBER","","",""
"VOLUNTEER COMMITTEE","BOARD MEMBER","","",""
"VOLUNTEER COMMITTEE CHAIR","BOARD MEMBER","committee","chair",""
"VOLUNTEER COORDINATOR","BOARD MEMBER","","",""
"VOLUNTEER DIRECTOR","BOARD MEMBER","","",""
"VOLUNTEER EXECUTIVE DIRECTOR","EXECUTIVE DIRECTOR","","",""
"VOLUNTEER MANAGER","MANAGER","","",""
"VOLUNTEER REPRESENTATIVE","BOARD MEMBER","","",""
"VOLUNTEER TREASURER","BOARD TREASURER","","",""
"VOLUNTEERCOO","BOARD MEMBER","","",""
"VOLUNTEERS","BOARD MEMBER","","",""
"VOTING","BOARD MEMBER","","",""
"VOTING BOARD","BOARD MEMBER","","","4"
"VOTING BOARD MEMBER","BOARD MEMBER","","",""
"VOTING DELEGATE","BOARD MEMBER","","",""
"VOTING DIRECTOR","BOARD MEMBER","","",""
"VOTING MEMBER","BOARD MEMBER","","",""
"VOTING MEMBER AND BOARD OF TRUST","BOARD MEMBER","","",""
"VOTING REPRESENTATIVE","BOARD MEMBER","","",""
"VOTING TRUSTEE","BOARD MEMBER","","",""
"VOWEL","BOARD MEMBER","","",""
"VOWELS","BOARD MEMBER","","","17"
"VP","VICE PRESIDENT","","",""
"VP FINANCE","VICE PRESIDENT OF FINANCE","","",""
"VP HUMAN","VICE PRESIDENT OF HUMAN RESOURCES","","",""
"VP HUMAN RESOURCES","VICE PRESIDENT OF HUMAN RESOURCES","","",""
"VP MARKETING","VICE PRESIDENT OF MARKETING","","",""
"VP MEDICAL AFFAIRS","VICE PRESIDENT OF MEDICAL AFFAIRS","","",""
"VP OPERATIONS","VICE PRESIDENT OF OPERATIONS","","",""
"VP SALES","VICE PRESIDENT OF SALES","","",""
"VP, FINANCE","VICE PRESIDENT OF FINANCE","","",""
"VP, HUMAN RESOURCES","VICE PRESIDENT OF HUMAN RESOURCES","","",""
"VP, MARKETING","VICE PRESIDENT OF MARKETING","","",""
"VP, MEDICAL AFFAIRS","VICE PRESIDENT OF MEDICAL AFFAIRS","","",""
"VP, OPERATIONS","VICE PRESIDENT OF OPERATIONS","","",""
"VP, SALES","VICE PRESIDENT OF SALES","","",""
"VPF","VICE PRESIDENT OF FINANCE","","",""
"VPHR","VICE PRESIDENT OF HUMAN RESOURCES","","",""
"VPMA","VICE PRESIDENT OF MEDICAL AFFAIRS","","",""
"VPO","VICE PRESIDENT OF OPERATIONS","","",""
"W REGIONAL DIRECTOR","DIRECTOR","regional","regional",""
"WARDEN","BOARD VICE PRESIDENT","","",""
"WAREHOUSE DIRECTOR","DIRECTOR","","",""
"WAREHOUSE MANAGER","MANAGER","","",""
"WATER OPERATIONS","OPERATIONS","","",""
"WAYS AND MEA","BOARD MEMBER","","",""
"WAYS AND MEANS","BOARD MEMBER","","",""
"WAYS AND MEANS CHAIR","BOARD MEMBER","","",""
"WAYS AND MEANS DIRECTOR","DIRECTOR","","",""
"WEALTH ADVISOR","FINANCE ADVISOR","","",""
"WEB ADMINISTRATION","BOARD MEMBER","","",""
"WEB ADMINISTRATOR","BOARD MEMBER","","",""
"WEB COORDINATOR","BOARD MEMBER","","",""
"WEB DEVELOPMENT","WEBMASTER","","",""
"WEB DIRECTOR","DIRECTOR","","",""
"WEB MANAGER","MANAGER","","",""
"WEB MASTER","BOARD MEMBER","","",""
"WEBMASTER","BOARD MEMBER","","",""
"WEBSITE","WEBMASTER","","","4"
"WEBSITE ADMINISTRATION","BOARD MEMBER","","",""
"WEBSITE ADMINISTRATOR","BOARD MEMBER","","",""
"WEBSITE CHAIR","BOARD MEMBER","","",""
"WEBSITE COMMITTEE CHAIR","BOARD MEMBER","committee","chair",""
"WEBSITE COORDINATOR","BOARD MEMBER","","",""
"WEBSITE DIRECTOR","DIRECTOR","","",""
"WEBSITE MANAGEMENT","BOARD MEMBER","","",""
"WEBSITE MANAGER","MANAGER","","",""
"WEF DELEGATE","BOARD MEMBER","","",""
"WELFARE OFFICER","BOARD MEMBER","","",""
"WELFARE TREASURER","BOARD TREASURER","","",""
"WELLNESS DIRECTOR","DIRECTOR","","",""
"WENONAH","BOARD VICE PRESIDENT","","",""
"WHITE PINES AND BOARD MEMBER","BOARD MEMBER","","",""
"WI DIRECTOR","DIRECTOR","","",""
"WILLIAMS","NO TITLE","","",""
"WISE MASTER","BOARD PRESIDENT","","",""
"WM","BOARD PRESIDENT","","",""
"WOMEN'S CHAIR","BOARD MEMBER","","",""
"WOMEN'S COMMITTEE CHAIR","BOARD MEMBER","committee","chair",""
"WOMEN'S DIV","BOARD MEMBER","","",""
"WOMENS CHAIR","BOARD MEMBER","","",""
"WOMENS COMMITTEE CHAIR","BOARD MEMBER","committee","chair",""
"WOMENS DIRECTOR","DIRECTOR","","",""
"WOMENS DIVISION DIRECTOR","DIRECTOR","","",""
"WOMENS LEADER DIRECTOR","BOARD MEMBER","","",""
"WORKER","BOARD MEMBER","","",""
"WORKFORCE DIRECTOR","DIRECTOR","","",""
"WORKFORCE READINESS DIRECTOR","DIRECTOR","","",""
"WORKING FOREMAN","FOREMAN","","",""
"WORKING GROUP MEMBER","BOARD MEMBER","","",""
"WORKING PART","BOARD MEMBER","","",""
"WORSHIPFUL M","BOARD PRESIDENT","","",""
"WORSHIPFUL MAST","BOARD PRESIDENT","","",""
"WORSHIPFUL MASTER","BOARD PRESIDENT","","","4"
"WORTHY","BOARD MEMBER","","",""
"WORTHY CHAPL","BOARD MEMBER","","",""
"WORTHY CHAPLAIN","BOARD MEMBER","","",""
"WORTHY CHAPLIN","BOARD MEMBER","","",""
"WORTHY CONDU","BOARD MEMBER","","",""
"WORTHY CONDUCTOR","BOARD MEMBER","","",""
"WORTHY GRAND","BOARD PRESIDENT","","",""
"WORTHY GRAND MATRON","BOARD PRESIDENT","","","https://en.wikipedia.org/wiki/Order_of_the_Eastern_Star"
"WORTHY GRAND PATRON","BOARD MEMBER","","",""
"WORTHY PRESIDENT","BOARD PRESIDENT","","",""
"WORTHY SECRETARY","BOARD SECRETARY","","",""
"WORTHY TREASURER","BOARD TREASURER","","",""
"WORTHY VICE PRESIDENT","BOARD VICE PRESIDENT","","",""
"WRESTLING COMMITTEE","BOARD MEMBER","","",""
"WRESTLING DIRECTOR","DIRECTOR","","",""
"WRITER","WRITER","","",""
"WSY KITCHEN PROGRAMS DIRECTOR","DIRECTOR","","",""
"WVUIC DIRECTOR","DIRECTOR","","",""
"XI","BOARD MEMBER","","",""
"YEARBOOK","BOARD MEMBER","","",""
"YEARBOOK CHAIR","BOARD MEMBER","","",""
"YES AND BOARD MEMBER","BOARD MEMBER","","",""
"YF AND R CHAIR","BOARD MEMBER","committee","chair",""
"YF CHAIR","BOARD MEMBER","","",""
"YF REPRESENTATIVE","BOARD MEMBER","","",""
"YLD CHAIR","BOARD MEMBER","","",""
"YLD PRESIDENT","BOARD MEMBER","","",""
"YMCA","BOARD MEMBER","","",""
"YOGA SHARER","BOARD MEMBER","","",""
"YOGA SHARER ASSISTANT","BOARD MEMBER","subordinate","assistant",""
"YORK ACADEMICS","BOARD MEMBER","","",""
"YORK DIRECTOR","DIRECTOR","","",""
"YOUNG FARMER","BOARD MEMBER","","",""
"YOUNG FARMER CHAIR","BOARD MEMBER","","",""
"YOUNG FARMER REPRESENTATIVE","BOARD MEMBER","","",""
"YOUNG TRUSTEE","BOARD MEMBER","","",""
"YOURTH DIRECTOR","YOUTH DIRECTOR","","",""
"YOUTH","BOARD MEMBER","","",""
"YOUTH ADVISOR","BOARD MEMBER","","",""
"YOUTH BOARD MEMBER","BOARD MEMBER","","",""
"YOUTH CAMP DIRECTOR","DIRECTOR","","",""
"YOUTH CHAIR","BOARD MEMBER","","",""
"YOUTH COORDINATOR","BOARD MEMBER","","",""
"YOUTH DIRECTOR","BOARD MEMBER","","",""
"YOUTH EXECUTIVE","BOARD MEMBER","","",""
"YOUTH LEADER","BOARD MEMBER","","",""
"YOUTH MEMBER","BOARD MEMBER","","",""
"YOUTH PASTOR","PASTOR","","",""
"YOUTH PROGRAMS","BOARD MEMBER","","",""
"YOUTH PROGRAMS DIRECTOR","DIRECTOR","","",""
"YOUTH PROGRAMS MANAGER","MANAGER","","",""
"YOUTH REPRESENTATIVE","BOARD MEMBER","","",""
"YOUTH SERVIC","BOARD MEMBER","","",""
"YOUTH SERVICE","BOARD MEMBER","","",""
"YOUTH SERVICES","BOARD MEMBER","","",""
"YOUTH SERVICES CHAIR","BOARD MEMBER","","",""
"YOUTH TRUSTEE","BOARD MEMBER","","",""
"ZETA CHI","BOARD MEMBER","","",""
"ZETA ETA","BOARD MEMBER","","",""
"ZETA LAMBDA","BOARD MEMBER","","",""
"ZETA NU","BOARD MEMBER","","",""
"ZETA OMEGA","BOARD MEMBER","","",""
"ZETA OMICRON","BOARD MEMBER","","",""
"ZETA PHI","BOARD MEMBER","","",""
"ZETA PI","BOARD MEMBER","","",""
"ZETA PSI","BOARD MEMBER","","",""
"ZETA RHO","BOARD MEMBER","","",""
"ZETA SIGMA","BOARD MEMBER","","",""
"ZETA TAU","BOARD MEMBER","","",""
"ZETA THETA","BOARD MEMBER","","",""
"ZETA UPSILON","BOARD MEMBER","","",""
"ZETA XI","BOARD MEMBER","","",""
"ZONE","BOARD MEMBER","","",""
"ZONE CHAIR","BOARD MEMBER","","",""
"ZONE DIRECTOR","BOARD MEMBER","","",""
"ZONE PRESIDENT","BOARD MEMBER","","",""
"ZONE REPRESENTATIVE","BOARD MEMBER","","",""
"ZOO DIRECTOR","DIRECTOR","","",""
