"title.variant","title.standard","strata","strata.label"
"ACCOUNTANT","ACCOUNTANT","",""
"ACCOUNTING DIRECTOR","ACCOUNTING DIRECTOR","",""
"ACTOR","ACTOR","",""
"ADMINISTRATION OFFICER","ADMINISTRATION OFFICER","",""
"ADMINISTRATION ASSISTANT","ADMINISTRATIVE ASSISTANT","",""
"ADMINISTRATIVE ASSISTANT","ADMINISTRATIVE ASSISTANT","",""
"ADMINISTRATION","ADMINISTRATOR","",""
"ADMINISTRATOR","ADMINISTRATOR","",""
"MUSEUM ADMINISTRATOR","ADMINISTRATOR","",""
"REGIONAL ADMINISTRATION","ADMINISTRATOR","regional","regional"
"KENNEL TECHNOLOGY AND ADOPTION COUNSELOR","ADOPTION COUNSELOR","",""
"ADVISOR AND","ADVISOR","",""
"ADVISOR PENN UNIV","ADVISOR","",""
"ALT","ALTERNATE","",""
"ALTERNATE","ALTERNATE","duplex","alternate"
"AMBASSADOR","AMBASSADOR","",""
"ANALYST LBA","ANALYST","",""
"ARCHITECT","ARCHITECT","",""
"ARCHIVES DIRECTOR","ARCHIVES DIRECTOR","",""
"ARCHIVIST","ARCHIVIST","",""
"ARTIST","ARTIST","",""
"EXECUTIVE ARTIST","ARTIST","superior","executive"
"ARTISTIC DIRECTOR","ARTISTIC DIRECTOR","",""
"ASSOCIATE ARTISTIC DIRECTOR","ARTISTIC DIRECTOR","subordinate","associate"
"EXECUTIVE ARTISTIC DIRECTOR","ARTISTIC DIRECTOR","superior","executive"
"FOUNDING ARTISTIC DIRECTOR","ARTISTIC DIRECTOR","",""
"MANAGING ARTISTIC DIRECTOR","ARTISTIC DIRECTOR","superior","managing"
"PRODUCING ARTISTIC DIRECTOR","ARTISTIC DIRECTOR","",""
"ARTISTIC LIAISON","ARTISTIC LIAISON","",""
"ASSISTANT","ASSISTANT","",""
"ASSISTANT TO PRESIDENT","ASSISTANT","",""
"GOLF PRO","ATHLETE","",""
"TENNIS PRO","ATHLETE","",""
"ATTORNEY","ATTORNEY","",""
"AUDITOR","AUDITOR","",""
"BAND DIRECTOR","BAND DIRECTOR","",""
"ACTIVITIES CHAIR","BOARD MEMBER","committee","chair"
"AD HOC","BOARD MEMBER","duplex","adhoc"
"ADIVSORY BOARD","BOARD MEMBER","subordinate","advisory"
"ADJUNCT TRUSTEE","BOARD MEMBER","",""
"ADMINISTRATION COMMITTEE","BOARD MEMBER","",""
"ADULT TEAMS DOCENT COUNCIL","BOARD MEMBER","",""
"ADVANCEMENT BOARD","BOARD MEMBER","",""
"ADVISOR","BOARD MEMBER","",""
"ADVISORY","BOARD MEMBER","duplex","advisory"
"ADVISORY BOARD","BOARD MEMBER","duplex","advisory"
"ADVISORY BOARD CHAIR AND JWVA","BOARD MEMBER","committee","chair"
"ADVISORY BOARD MEMBER","BOARD MEMBER","duplex","advisory"
"ADVISORY COMMITTEE MEMBER","BOARD MEMBER","duplex","advisory"
"ADVISORY COUNCIL","BOARD MEMBER","duplex","advisory"
"ADVISORY DIRECTOR","BOARD MEMBER","",""
"ADVISORY MEMBER","BOARD MEMBER","duplex","advisory"
"ADVISORY TRUSTEE","BOARD MEMBER","duplex","advisory"
"ADVOCACY CHAIR","BOARD MEMBER","committee","chair"
"ADVOCATE","BOARD MEMBER","",""
"AFSCME CHAIR RU","BOARD MEMBER","",""
"ALT BOARD MEMBER","BOARD MEMBER","duplex","alternate"
"ALT TRUSTEE","BOARD MEMBER","",""
"ALTERNATE DIRECTOR","BOARD MEMBER","duplex","alternate"
"ALTERNATE TRUSTEE","BOARD MEMBER","",""
"ALTERNATIVE BOARD MEMBER","BOARD MEMBER","duplex","advisory"
"APPOINTED TRUSTEE","BOARD MEMBER","",""
"AR LARGE MEMBER","BOARD MEMBER","",""
"ARCHIVES CHAIR","BOARD MEMBER","committee","chair"
"ASSISTANT CHAIR","BOARD MEMBER","committee","chair"
"ASSISTANT SECRETARY TREASURER","BOARD MEMBER","subordinate","assistant"
"ASSOCIATE BOARD MEMBER","BOARD MEMBER","subordinate","associate"
"ASSOCIATE MEMBER","BOARD MEMBER","",""
"AT LARGE","BOARD MEMBER","duplex","at large"
"ATHLETE REPRESENTATIVE","BOARD MEMBER","",""
"ATHLETIC DIRECTOR","BOARD MEMBER","",""
"AUCTION CO-CHAIR","BOARD MEMBER","committee","chair"
"AUDIT CHAIR","BOARD MEMBER","committee","chair"
"AUDIT COMMITTEE CHAIR","BOARD MEMBER","committee","chair"
"AUTHORITY REPRESENTATIVE","BOARD MEMBER","",""
"AWARDS AND RECOGNITION CHAIR","BOARD MEMBER","committee","chair"
"AWARDS CHAIR","BOARD MEMBER","committee","chair"
"B MEMBER","BOARD MEMBER","",""
"BAORD MEMBER","BOARD MEMBER","",""
"BASEBALL DIRECTOR","BOARD MEMBER","",""
"BASKETBALL DIRECTOR","BOARD MEMBER","",""
"BOARD","BOARD MEMBER","",""
"BOARD AND MEMBER","BOARD MEMBER","",""
"BOARD APPOIN","BOARD MEMBER","",""
"BOARD ATTORNEY","BOARD MEMBER","",""
"BOARD CO-CHAIR","BOARD MEMBER","",""
"BOARD COMMITTEE","BOARD MEMBER","",""
"BOARD COUNSEL","BOARD MEMBER","",""
"BOARD DEVELOPMENT CHAIR","BOARD MEMBER","committee","chair"
"BOARD DIRECTOR","BOARD MEMBER","",""
"BOARD EXECUTIVE COMMITTEE MEMBER","BOARD MEMBER","",""
"BOARD EXOFFICIO TRUSTEE","BOARD MEMBER","",""
"BOARD EXPIRING","BOARD MEMBER","",""
"BOARD GOVERNOR","BOARD MEMBER","",""
"BOARD LIAISO","BOARD MEMBER","",""
"BOARD LIFE TRUSTEE","BOARD MEMBER","",""
"BOARD MANAGER","BOARD MEMBER","",""
"BOARD MEMBER","BOARD MEMBER","",""
"BOARD MEMBER AND","BOARD MEMBER","",""
"BOARD MEMBER AND EXOFFICIO","BOARD MEMBER","exofficio","exofficio"
"BOARD MEMBER AND VOTING","BOARD MEMBER","",""
"BOARD MEMBER EXOFFICIO","BOARD MEMBER","",""
"BOARD MEMBER FR","BOARD MEMBER","",""
"BOARD MEMBER OF COUNTY COMMITTEE","BOARD MEMBER","",""
"BOARD MEMBER OF EXECUTIVE COMMITTEE","BOARD MEMBER","",""
"BOARD MEMBER OF FINANCE COMMITTEE","BOARD MEMBER","",""
"BOARD MEMBER OF ONTARIO COMMITTEE","BOARD MEMBER","",""
"BOARD MEMBER OF REGIONAL COMMITTEE","BOARD MEMBER","",""
"BOARD MEMBER OF WAYNE COMMITTEE","BOARD MEMBER","",""
"BOARD MEMBER OFFICIO","BOARD MEMBER","",""
"BOARD MEMBER TERMED","BOARD MEMBER","",""
"BOARD MEMBER VOTING","BOARD MEMBER","",""
"BOARD MEMBERS","BOARD MEMBER","",""
"BOARD MEMEBE","BOARD MEMBER","",""
"BOARD MEMEMBER","BOARD MEMBER","",""
"BOARD OF DIRECTOR","BOARD MEMBER","",""
"BOARD OF DIRECTOR MEMBER","BOARD MEMBER","",""
"BOARD OF DIRECTORS","BOARD MEMBER","",""
"BOARD OF DIRECTORS MEMBER","BOARD MEMBER","",""
"BOARD OF GOV","BOARD MEMBER","",""
"BOARD OF GOVERNORS","BOARD MEMBER","",""
"BOARD OF MANAGERS","BOARD MEMBER","",""
"BOARD OF OVERSEER","BOARD MEMBER","",""
"BOARD OF OVERSEERS","BOARD MEMBER","",""
"BOARD OF TRUSTEE","BOARD MEMBER","",""
"BOARD OF TRUSTEES","BOARD MEMBER","",""
"BOARD POSITION","BOARD MEMBER","",""
"BOARD TRUSTEE","BOARD MEMBER","",""
"BOARDMEMBER","BOARD MEMBER","",""
"BOARDOFDIRECTOR","BOARD MEMBER","",""
"BUILDING FUND COMMITTEE","BOARD MEMBER","",""
"BUILDING REPRESENTATIVE","BOARD MEMBER","",""
"CAMPAIGN CHAIR","BOARD MEMBER","committee","chair"
"CAPITAL PROJECTS CHAIR","BOARD MEMBER","committee","chair"
"CELEB BOARD","BOARD MEMBER","",""
"CHAIR AND","BOARD MEMBER","committee","chair"
"CHAIR FACILITIES","BOARD MEMBER","committee","chair"
"CHAIR MEMBER","BOARD MEMBER","committee","chair"
"CHAIR OF DEVELOPMENT AND COMMUNICATIONS","BOARD MEMBER","committee","chair"
"CHAIR OF DEVELOPMENT COMMITTEE","BOARD MEMBER","committee","chair"
"CHAIR OF EDUCATION","BOARD MEMBER","committee","chair"
"CHAIR OF EXECUTIVE COMMITTEE","BOARD MEMBER","committee","chair"
"CHAIR OF FINANCE","BOARD MEMBER","committee","chair"
"CHAIR OF FINANCE COMMITTEE","BOARD MEMBER","committee","chair"
"CHAIR OF MARKETING COMMITTEE","BOARD MEMBER","committee","chair"
"CHAPTER DIRECTOR","BOARD MEMBER","",""
"CLASS REPRESENTATIVE","BOARD MEMBER","",""
"CLUB REPRESENTATIVE","BOARD MEMBER","",""
"CO-CHAIR OF EXECUTIVE COMMITTEE","BOARD MEMBER","committee","chair"
"CO-REGIONAL REPRESENTATIVE","BOARD MEMBER","duplex","co"
"CO-TRUSTEE","BOARD MEMBER","",""
"COCHAIR USSPAMP","BOARD MEMBER","committee","chair"
"COLLECTIONS CHAIR","BOARD MEMBER","committee","chair"
"COLLECTIONS COMMITTEE","BOARD MEMBER","",""
"COLLECTIONS COMMITTEE CHAIR","BOARD MEMBER","committee","chair"
"COLONY BOARD MEMBER","BOARD MEMBER","",""
"COMMANDER GENERAL","BOARD MEMBER","",""
"COMMANDER IN CHIEF","BOARD MEMBER","",""
"COMMITTEE","BOARD MEMBER","",""
"COMMITTEE CHAIR","BOARD MEMBER","committee","chair"
"COMMITTEE CO-LEAD","BOARD MEMBER","",""
"COMMITTEE DIRECTOR","BOARD MEMBER","committee","chair"
"COMMITTEE MEMBER","BOARD MEMBER","",""
"COMMUNICATIONS CHAIR","BOARD MEMBER","committee","chair"
"COMMUNITY MEMBER","BOARD MEMBER","",""
"CORRESPONDING S","BOARD MEMBER","",""
"COUNCIL","BOARD MEMBER","",""
"COUNCIL MEMBER","BOARD MEMBER","",""
"COUNCIL REPRESENTATIVE","BOARD MEMBER","",""
"COUNCIL WOMAN","BOARD MEMBER","",""
"COUNCILLOR","BOARD MEMBER","",""
"COUNCILOR","BOARD MEMBER","",""
"COUNTY AND GROUP REPRESENTATIVE","BOARD MEMBER","",""
"DAPHNE AND AL","BOARD MEMBER","",""
"DECADE REPRESENTATIVE","BOARD MEMBER","",""
"DELEGATE","BOARD MEMBER","",""
"DEPUTY BOARD MEMBER","BOARD MEMBER","subordinate","deputy"
"DEPUTY GRAND","BOARD MEMBER","subordinate","deputy"
"DEPUTY GRAND KNIGHT","BOARD MEMBER","subordinate","deputy"
"DESIGNATED TRUSTEE","BOARD MEMBER","",""
"DESIGNEE","BOARD MEMBER","",""
"DEVELOPMENT CHAIR","BOARD MEMBER","committee","chair"
"DEVELOPMENT COMMITTEE","BOARD MEMBER","committee","member"
"DEVELOPMENT COMMITTEE CHAIR","BOARD MEMBER","committee","chair"
"DIRECTOR ALL","BOARD MEMBER","",""
"DIRECTOR AND OFFICIO","BOARD MEMBER","",""
"DIRECTOR AND PART TIME","BOARD MEMBER","",""
"DIRECTOR APPOINTED","BOARD MEMBER","",""
"DIRECTOR BOARD MEMBER","BOARD MEMBER","",""
"DIRECTOR DIS","BOARD MEMBER","",""
"DIRECTOR L","BOARD MEMBER","",""
"DIRECTOR LIFETIME B","BOARD MEMBER","",""
"DIRECTOR MINIMUM","BOARD MEMBER","",""
"DIRECTOR NONVOTING","BOARD MEMBER","duplex","advisory"
"DIRECTOR OF COMMITTEE","BOARD MEMBER","",""
"DIRECTOR OFFICIO","BOARD MEMBER","",""
"DIRECTOR POS","BOARD MEMBER","",""
"DIRECTOR TRUSTEE","BOARD MEMBER","",""
"DISCIPLINE REPRESENTATIVE","BOARD MEMBER","",""
"DISTINGUISHED DIRECTOR","BOARD MEMBER","",""
"DOCENT AND TRUSTEE","BOARD MEMBER","",""
"DOCENT CHAIR","BOARD MEMBER","committee","chair"
"DOCENT REPRESENTATIVE","BOARD MEMBER","",""
"E BOARD","BOARD MEMBER","",""
"EC MEMBER","BOARD MEMBER","",""
"EDIT CO-LEAD","BOARD MEMBER","duplex","co"
"EDUCATION CHAIR","BOARD MEMBER","committee","chair"
"EDUCATION COMMITTEE CHAIR","BOARD MEMBER","committee","chair"
"ELECTED TRUSTEE","BOARD MEMBER","",""
"ELECTIVE TRUSTEE","BOARD MEMBER","",""
"EQUIPMENT DIRECTOR","BOARD MEMBER","",""
"EVENTS CHAIR","BOARD MEMBER","committee","chair"
"EX-OFFICIO","BOARD MEMBER","",""
"EXAM BOARD","BOARD MEMBER","",""
"EXBOARD MEMBER","BOARD MEMBER","",""
"EXECUTIVE","BOARD MEMBER","",""
"EXECUTIVE BOARD","BOARD MEMBER","superior","executive"
"EXECUTIVE BOARD M","BOARD MEMBER","superior","executive"
"EXECUTIVE BOARD MEMBER","BOARD MEMBER","superior","executive"
"EXECUTIVE BOARD MEMBER LG","BOARD MEMBER","superior","executive"
"EXECUTIVE CO-MEMBER","BOARD MEMBER","superior","executive"
"EXECUTIVE COMMITTEE","BOARD MEMBER","superior","executive"
"EXECUTIVE COMMITTEE AND TRUSTEE","BOARD MEMBER","",""
"EXECUTIVE COMMITTEE CHAIR","BOARD MEMBER","committee","chair"
"EXECUTIVE COMMITTEE MEMBER","BOARD MEMBER","superior","executive"
"EXECUTIVE COUNCIL","BOARD MEMBER","",""
"EXECUTIVE MEMBER","BOARD MEMBER","superior","executive"
"EXECUTIVE TRUSTEE","BOARD MEMBER","superior","executive"
"EXHIBITION COMMITTEE","BOARD MEMBER","",""
"EXOFFICIO","BOARD MEMBER","",""
"EXOFFICIO BOARD","BOARD MEMBER","",""
"EXOFFICIO BOARD MEMBER","BOARD MEMBER","",""
"EXOFFICIO DIRECTOR","BOARD MEMBER","",""
"EXOFFICIO MEMBER","BOARD MEMBER","",""
"EXOFFICIO TRUSTEE","BOARD MEMBER","",""
"EXPERT DIRECTOR","BOARD MEMBER","",""
"FACILITIES CHAIR","BOARD MEMBER","committee","chair"
"FINANCE BOARD","BOARD MEMBER","",""
"FINANCE CHAIR","BOARD MEMBER","committee","chair"
"FINANCE COMMITTEE","BOARD MEMBER","",""
"FINANCE COMMITTEE CHAIR","BOARD MEMBER","committee","chair"
"FOOTBALL DIRECTOR","BOARD MEMBER","",""
"FOUNDATION PRESIDENT","BOARD MEMBER","",""
"FOUNDATION TRUSTEE","BOARD MEMBER","",""
"FOUNDING CHAIR","BOARD MEMBER","committee","chair"
"FUNDRAISING CHAIR","BOARD MEMBER","committee","chair"
"FUNDRAISING CO-CHAIR","BOARD MEMBER","committee","chair"
"FUNDRAISING COORDINATOR","BOARD MEMBER","",""
"GALA CHAIR","BOARD MEMBER","committee","chair"
"GALA COMMITTEE","BOARD MEMBER","",""
"GENERAL BOARD MEMBER","BOARD MEMBER","",""
"GENERAL COMMITTEE","BOARD MEMBER","",""
"GENERAL MEMBER","BOARD MEMBER","",""
"GENERAL OFFICER","BOARD MEMBER","",""
"GOVERNANCE CHAIR","BOARD MEMBER","committee","chair"
"GOVERNANCE COMMITTEE","BOARD MEMBER","",""
"GOVERNANCE COMMITTEE CHAIR","BOARD MEMBER","committee","chair"
"GOVERNING BOARD MEMBER","BOARD MEMBER","",""
"GOVERNING COMMITTEE","BOARD MEMBER","",""
"GOVERNING TRUSTEE","BOARD MEMBER","",""
"GOVERNOR","BOARD MEMBER","",""
"GOVERNOR'S COMMISSION MEMBER","BOARD MEMBER","",""
"GRADE DIRECTOR","BOARD MEMBER","",""
"GRAND KNIGHT","BOARD MEMBER","superior","grand"
"GRAND MASTER","BOARD MEMBER","superior","grand"
"GRIEVANCE COMMITTEE","BOARD MEMBER","",""
"GUILD CHAIR","BOARD MEMBER","committee","chair"
"HFC ADVISORY BOARD MEMBER","BOARD MEMBER","",""
"HON ADVANCEMENT BOARD","BOARD MEMBER","",""
"HON BOARD MEMBER","BOARD MEMBER","duplex","advisory"
"HON CO-CHAIR","BOARD MEMBER","committee","chair"
"HONORARY","BOARD MEMBER","duplex","advisory"
"HONORARY BOARD","BOARD MEMBER","duplex","advisory"
"HONORARY BOARD MEMBER","BOARD MEMBER","duplex","advisory"
"HONORARY CHAIR","BOARD MEMBER","duplex","advisory"
"HONORARY CO-CHAIR","BOARD MEMBER","duplex","co"
"HONORARY DIRECTOR","BOARD MEMBER","duplex","advisory"
"HONORARY MEMBER","BOARD MEMBER","duplex","advisory"
"HONORARY PRESIDENT","BOARD MEMBER","duplex","advisory"
"HONORARY TRUSTEE","BOARD MEMBER","duplex","advisory"
"HONORARY TRUSTEES","BOARD MEMBER","",""
"HUMAN RESOURCES COMMITTEE","BOARD MEMBER","committee","hr"
"IMM CHAIR","BOARD MEMBER","committee","chair"
"INDIV TRUSTEE OR DIRECTOR","BOARD MEMBER","",""
"INDIVIDUAL TRUSTEE","BOARD MEMBER","",""
"INDIVIDUAL TRUSTEE OR DIRECTOR","BOARD MEMBER","",""
"INFLUENCE CHAIR","BOARD MEMBER","committee","chair"
"INSIDE GUARD","BOARD MEMBER","",""
"INSTITUTIONAL TRUSTEE","BOARD MEMBER","",""
"INVESTMENT COMMITTEE CHAIR","BOARD MEMBER","committee","chair"
"JUNIOR GOVERNOR","BOARD MEMBER","subordinate","junior"
"JUNIOR VICE COMMITTEE","BOARD MEMBER","subordinate","junior"
"JUNIOR WARDEN","BOARD MEMBER","subordinate","junior"
"JWV NMI REPRESENTATIVE","BOARD MEMBER","",""
"JWVA NMI REPRESENTATIVE","BOARD MEMBER","",""
"L EXECUTIVE COUNCIL","BOARD MEMBER","committee","executive"
"LABOR TRUSTEE","BOARD MEMBER","",""
"LEADING KNIG","BOARD MEMBER","superior","leading"
"LEADING KNIGHT","BOARD MEMBER","superior","leading"
"LECTURING KN","BOARD MEMBER","",""
"LECTURING KNIGHT","BOARD MEMBER","",""
"LIFE DIRECTOR","BOARD MEMBER","committee","lifetime"
"LIFE DIRECTOR AND EXECUTIVE CTTEE","BOARD MEMBER","committee","executive"
"LIFE MEMBER","BOARD MEMBER","committee","lifetime"
"LIFE TRUSTEE","BOARD MEMBER","committee","lifetime"
"LIFETIME","BOARD MEMBER","committee","lifetime"
"LIFETIME BOARD MEMBER","BOARD MEMBER","committee","lifetime"
"LIFETIME DIRECTOR","BOARD MEMBER","committee","lifetime"
"LIFETIME MEMBER","BOARD MEMBER","committee","lifetime"
"LIFETIME TRUSTEE","BOARD MEMBER","committee","lifetime"
"LOYAL KNIGHT","BOARD MEMBER","",""
"MANAGEMENT COMMITTEE","BOARD MEMBER","committee","management"
"MANAGEMENT TRUSTEE","BOARD MEMBER","",""
"MANAGEMENT TRUSTEES","BOARD MEMBER","",""
"MARKETING CHAIR","BOARD MEMBER","committee","chair"
"MARKETING COMMITTEE","BOARD MEMBER","committee","marketing"
"MASTER","BOARD MEMBER","",""
"MEMBER","BOARD MEMBER","",""
"MEMBER AND ASSOCIATE","BOARD MEMBER","",""
"MEMBER AND BOARD OF TRUSTEES","BOARD MEMBER","",""
"MEMBER AND EXOFFICIO","BOARD MEMBER","",""
"MEMBER AT LA","BOARD MEMBER","duplex","at large"
"MEMBER AT LG","BOARD MEMBER","duplex","at large"
"MEMBER AT LGE","BOARD MEMBER","duplex","at large"
"MEMBER AT LRG","BOARD MEMBER","duplex","at large"
"MEMBER BOARD","BOARD MEMBER","",""
"MEMBER BOARD OF DIRECTOR","BOARD MEMBER","",""
"MEMBER BOARD OF DIRECTORS","BOARD MEMBER","",""
"MEMBER BOARD OF TRUSTEES","BOARD MEMBER","",""
"MEMBER EXIT","BOARD MEMBER","",""
"MEMBER FALL","BOARD MEMBER","",""
"MEMBER OF BOARD","BOARD MEMBER","",""
"MEMBER OF BOARD OF DIRECTOR","BOARD MEMBER","",""
"MEMBER OF EXECUTIVE COMMITTEE","BOARD MEMBER","committee","executive"
"MEMBER OF TRUSTEE BOARD","BOARD MEMBER","",""
"MEMBER PART","BOARD MEMBER","",""
"MEMBER TRUSTEE","BOARD MEMBER","",""
"MEMBERS","BOARD MEMBER","",""
"MEMBERSHIP CHAIR","BOARD MEMBER","committee","chair"
"MEMBERSHIP OFFICER","BOARD MEMBER","",""
"MEMBERSHIP V","BOARD MEMBER","",""
"MUSEUM CHAIR","BOARD MEMBER","committee","chair"
"MUSICAL PROGRAMMING CHAIR","BOARD MEMBER","committee","chair"
"MUSICIAN TRUSTEE","BOARD MEMBER","",""
"NOMINATING CHAIR","BOARD MEMBER","committee","chair"
"NON COMPENSATED BOARD","BOARD MEMBER","",""
"NONVOTING MEMBER","BOARD MEMBER","",""
"OFFICER","BOARD MEMBER","",""
"OFFICIO AND A","BOARD MEMBER","",""
"OFFICIO BOARD MEMBER","BOARD MEMBER","",""
"OFFICIO M","BOARD MEMBER","",""
"OFFICIO MEMBER","BOARD MEMBER","",""
"OFFICIO TRUSTEE","BOARD MEMBER","",""
"OTHER DIRECTOR","BOARD MEMBER","",""
"OUTSIDE BOARD MEMBER","BOARD MEMBER","",""
"OUTSIDE GUARD","BOARD MEMBER","",""
"PANHELLENIC DEL","BOARD MEMBER","",""
"PANHELLENIC DELEGATE","BOARD MEMBER","",""
"PARENT REPRESENTATIVE","BOARD MEMBER","",""
"PARLIAMENTARIAN","BOARD MEMBER","",""
"PARLIMENTARIAN","BOARD MEMBER","",""
"PERSONNEL CHAIR","BOARD MEMBER","committee","chair"
"PLAYER AGENT","BOARD MEMBER","",""
"PROGRAMMING","BOARD MEMBER","",""
"PROGRAMMING CO-CHAIR","BOARD MEMBER","committee","chair"
"PROGRAMS CHAIR","BOARD MEMBER","committee","chair"
"PROGRAMS COMMITTEE CHAIR","BOARD MEMBER","committee","chair"
"PROJECTS CHAIR","BOARD MEMBER","committee","chair"
"PT DIRECTOR","BOARD MEMBER","",""
"PUBLIC MEMBER","BOARD MEMBER","",""
"PUBLIC RELATIONS CHAIR","BOARD MEMBER","committee","chair"
"PUBLIC SEAT","BOARD MEMBER","",""
"PUBLIC TRUSTEE","BOARD MEMBER","",""
"PUBLICITY CHAIR","BOARD MEMBER","committee","chair"
"REGENT","BOARD MEMBER","",""
"REGIONAL BOARD MEMBER","BOARD MEMBER","regional","regional"
"REGIONAL BOARD REPRESENTATIVE","BOARD MEMBER","regional","regional"
"REGIONAL CHAIR","BOARD MEMBER","regional","regional"
"REGIONAL COUNCILOR","BOARD MEMBER","regional","regional"
"REGIONAL DIRECTOR","BOARD MEMBER","regional","regional"
"REGIONAL DIRECTOR E","BOARD MEMBER","regional","regional"
"REGIONAL PRESIDENT","BOARD MEMBER","regional","regional"
"REGIONAL TRUSTEE","BOARD MEMBER","regional","regional"
"REGIONAL UNIT DELEGATE","BOARD MEMBER","regional","regional"
"REPRESENTATIVE REGIONAL","BOARD MEMBER","regional","regional"
"RSA OFFICER","BOARD MEMBER","",""
"SECRETARY COLLECTOR'S COUNCIL","BOARD MEMBER","",""
"SECRETARY CORP","BOARD MEMBER","",""
"SENIOR DIRECTOR","BOARD MEMBER","superior","senior"
"SENIOR VICE CHAIR","BOARD MEMBER","",""
"SENIOR VICE COMMITTEE","BOARD MEMBER","",""
"SENIOR WARDEN","BOARD MEMBER","",""
"SHIFT STEWAR","BOARD MEMBER","",""
"SHOW CHAIR","BOARD MEMBER","committee","chair"
"SOCIAL CHAIR","BOARD MEMBER","committee","chair"
"SPECIAL ADVI","BOARD MEMBER","",""
"SPECIAL EVENTS CHAIR","BOARD MEMBER","committee","chair"
"SPONSORSHIP","BOARD MEMBER","",""
"SPONSORSHIP CHAIR","BOARD MEMBER","committee","chair"
"SPONSORSHIPS","BOARD MEMBER","",""
"STANDING COMMITTEE CHAIR","BOARD MEMBER","committee","chair"
"STANDING COMMITTEE MEMBER","BOARD MEMBER","",""
"STANDING DIRECTOR","BOARD MEMBER","",""
"STANDING MEMBER","BOARD MEMBER","",""
"STANDING TRUSTEE","BOARD MEMBER","",""
"STEERING COMMITTEE","BOARD MEMBER","",""
"STEWARD","BOARD MEMBER","",""
"STEWART","BOARD MEMBER","",""
"STUDENT BOARD MEMBER","BOARD MEMBER","",""
"STUDENT DIRECTOR","BOARD MEMBER","",""
"STUDENT REPRESENTATIVE","BOARD MEMBER","",""
"STUDENT TRUSTEE","BOARD MEMBER","",""
"SUPREME TRUSTEE","BOARD MEMBER","",""
"SUPV CMTE MEMBER","BOARD MEMBER","",""
"SUSTAINING MEMBER COLLECTOR'S COUN","BOARD MEMBER","",""
"SUSTAINING TRUSTEE","BOARD MEMBER","",""
"TEACHER REPRESENTATIVE","BOARD MEMBER","",""
"TENNIS CHAIR","BOARD MEMBER","committee","chair"
"TILER","BOARD MEMBER","",""
"TITLE DIRECTOR","BOARD MEMBER","",""
"TRSUTEE","BOARD MEMBER","",""
"TRUST","BOARD MEMBER","",""
"TRUSTEE","BOARD MEMBER","",""
"TRUSTEE ADVISORY","BOARD MEMBER","duplex","advisory"
"TRUSTEE ALTERNATE","BOARD MEMBER","duplex","alternate"
"TRUSTEE AND","BOARD MEMBER","",""
"TRUSTEE AND CYPT","BOARD MEMBER","",""
"TRUSTEE AND EXOFFICIO","BOARD MEMBER","duplex","exofficio"
"TRUSTEE AND REGIONAL","BOARD MEMBER","regional","regional"
"TRUSTEE BEGI","BOARD MEMBER","",""
"TRUSTEE BY VIRTUE OF OFFICER","BOARD MEMBER","",""
"TRUSTEE DIRECTOR","BOARD MEMBER","",""
"TRUSTEE DIVERSI","BOARD MEMBER","",""
"TRUSTEE EXOFFICIO","BOARD MEMBER","duplex","exofficio"
"TRUSTEE FOR","BOARD MEMBER","",""
"TRUSTEE HONORARY","BOARD MEMBER","duplex","honorary"
"TRUSTEE LEAVE OF ABSENCE","BOARD MEMBER","",""
"TRUSTEE MEMBER","BOARD MEMBER","",""
"TRUSTEE MID","BOARD MEMBER","",""
"TRUSTEE NONVOTING","BOARD MEMBER","",""
"TRUSTEE NONVOTING REGIONAL APP","BOARD MEMBER","regional","regional"
"TRUSTEE OF ARTIST","BOARD MEMBER","",""
"TRUSTEE OF BUSINESS AGENT","BOARD MEMBER","",""
"TRUSTEE OF DEVELOPMENT","BOARD MEMBER","",""
"TRUSTEE OF EXECUTIVE COMMITTEE","BOARD MEMBER","committee","executive"
"TRUSTEE OF FINANCE","BOARD MEMBER","",""
"TRUSTEE OF MARKETING","BOARD MEMBER","",""
"TRUSTEE OFFICIO","BOARD MEMBER","duplex","exofficio"
"TRUSTEE P","BOARD MEMBER","",""
"TRUSTEE POS","BOARD MEMBER","",""
"TRUSTEE REPRESENTATIVE","BOARD MEMBER","",""
"TRUSTEE RESOURCES","BOARD MEMBER","",""
"TRUSTEE TERMED","BOARD MEMBER","",""
"TRUSTEE VARIOUS","BOARD MEMBER","",""
"TRUSTEEBENEFACTOR","BOARD MEMBER","",""
"TRUSTEEEMERITUS","BOARD MEMBER","duplex","emeritus"
"TRUSTEES","BOARD MEMBER","",""
"TRUSTEETO","BOARD MEMBER","",""
"UMPIRE IN CHIEF","BOARD MEMBER","superior","chief"
"VICE CHAIR GOVERNANCE","BOARD MEMBER","committee","chair"
"VICE CHAIR OF AUDIT","BOARD MEMBER","committee","chair"
"VICE CHAIR OF BOARD","BOARD MEMBER","committee","chair"
"VICE CHAIR OF DEVELOPMENT","BOARD MEMBER","subordinate","vice"
"VICE CHAIR OF EDUCATION","BOARD MEMBER","committee","chair"
"VICE CHAIR OF EXTERNAL AFFAIRS","BOARD MEMBER","committee","chair"
"VICE CHAIR OF FINANCE","BOARD MEMBER","committee","chair"
"VICE CHAIR OF GOVERNANCE","BOARD MEMBER","committee","chair"
"VICE CHAIR OF OPERATIONS","BOARD MEMBER","committee","chair"
"VICE CO-CHAIR OF PROGRAMS","BOARD MEMBER","committee","chair"
"VICE COMMITTEE","BOARD MEMBER","",""
"VICE GENERAL CHAIR","BOARD MEMBER","committee","chair"
"VICE PRESIDENT OF EXECUTIVE COMMITTEE","BOARD MEMBER","committee","vp"
"VOTING BOARD","BOARD MEMBER","",""
"VOTING MEMBER","BOARD MEMBER","",""
"VOWELS","BOARD MEMBER","",""
"WORTHY GRAND MATRON","BOARD MEMBER","",""
"ADVISORY BOARD CHAIR","BOARD PRESIDENT","duplex","advisory"
"BOARD AND PRESIDENT","BOARD PRESIDENT","",""
"BOARD CHAIR","BOARD PRESIDENT","superior","chair"
"BOARD CO-PRESIDENT","BOARD PRESIDENT","duplex","co"
"BOARD PRESIDENT","BOARD PRESIDENT","",""
"BPS PRESIDENT","BOARD PRESIDENT","",""
"CHAIR","BOARD PRESIDENT","",""
"CHAIR BOARD","BOARD PRESIDENT","",""
"CHAIR BOARD OF DIRECTORS","BOARD PRESIDENT","",""
"CHAIR BOARD OF TRUSTEES","BOARD PRESIDENT","",""
"CHAIR DIRECTOR","BOARD PRESIDENT","",""
"CHAIR OF BOARD","BOARD PRESIDENT","",""
"CHAIR OF BOARD OF TRUSTEES","BOARD PRESIDENT","",""
"CHAIR OF BOARD OFFICER","BOARD PRESIDENT","",""
"CHAIR OF TRUSTEE","BOARD PRESIDENT","",""
"CHAIR PRESIDENT","BOARD PRESIDENT","",""
"CHAIR TRUSTEE","BOARD PRESIDENT","",""
"CHARIMAN","BOARD PRESIDENT","",""
"CO-BOARD CHAIR","BOARD PRESIDENT","duplex","co"
"CO-CHAIR","BOARD PRESIDENT","duplex","co"
"CO-CHAIR OF BOARD","BOARD PRESIDENT","",""
"CO-PRESIDENT","BOARD PRESIDENT","duplex","co"
"COMMODORE","BOARD PRESIDENT","",""
"COPRESIDENT","BOARD PRESIDENT","duplex","co"
"DEPUTY GRAND MASTER","BOARD PRESIDENT","subordinate","deputy"
"DIRECTOR CHAIR","BOARD PRESIDENT","",""
"DIRECTOR OF FINANCE COMMITTEE","BOARD PRESIDENT","committee","finance"
"ELECTED DIRECTOR","BOARD PRESIDENT","",""
"EXALTED RULE","BOARD PRESIDENT","superior","exalted"
"EXALTED RULER","BOARD PRESIDENT","superior","exalted"
"EXECUTIVE CHAIR","BOARD PRESIDENT","superior","executive"
"EXOFFICIO AND ADVISORY BOARD CO-CHAIR","BOARD PRESIDENT","duplex","co"
"GENERAL CHAIR","BOARD PRESIDENT","",""
"IMM PRESIDENT","BOARD PRESIDENT","",""
"PRESIDENT","BOARD PRESIDENT","",""
"PRESIDENT DIRECTOR","BOARD PRESIDENT","",""
"PRESIDENT GENERAL","BOARD PRESIDENT","",""
"PRESIDENT OF BOARD","BOARD PRESIDENT","",""
"SOCIETY PRESIDENT","BOARD PRESIDENT","",""
"TRUSTEE CHAIR","BOARD PRESIDENT","",""
"TRUSTEE PRESIDENT","BOARD PRESIDENT","",""
"BOARD AND SECRETARY","BOARD SECRETARY","",""
"BOARD SECRETARY","BOARD SECRETARY","",""
"CHAIR SECRETARY","BOARD SECRETARY","",""
"CO-SECRETARY","BOARD SECRETARY","duplex","co"
"CORRESPONDING","BOARD SECRETARY","",""
"CORRESPONDING SECRETARY","BOARD SECRETARY","",""
"DEPUTY SECRETARY","BOARD SECRETARY","subordinate","deputy"
"DIRECTOR SECRETARY","BOARD SECRETARY","",""
"EXECUTIVE SECRETARY","BOARD SECRETARY","superior","executive"
"GENERAL SECRETARY","BOARD SECRETARY","",""
"GRAND SECRETARY","BOARD SECRETARY","",""
"JOINT SECRETARY","BOARD SECRETARY","",""
"MEMBER SECRETARY","BOARD SECRETARY","",""
"MEMBERSHIP SECRETARY","BOARD SECRETARY","",""
"ORGANIZING SECRETARY","BOARD SECRETARY","",""
"RECORD SECRETARY","BOARD SECRETARY","",""
"RECORDER","BOARD SECRETARY","",""
"RECORDING SECRETARY","BOARD SECRETARY","",""
"SECERTARY","BOARD SECRETARY","",""
"SECRETARY","BOARD SECRETARY","",""
"SECRETARY BOARD","BOARD SECRETARY","",""
"SECRETARY DIRECTOR","BOARD SECRETARY","",""
"SECRETARY OF BOARD","BOARD SECRETARY","",""
"SECRETARY OF BOARD OF DIRECTOR","BOARD SECRETARY","",""
"SECRETARY REPRESENTATIVE","BOARD SECRETARY","",""
"SECRETARY'Y","BOARD SECRETARY","",""
"STATE CORRESPONDING SECRETARY","BOARD SECRETARY","",""
"STATE ORGANIZING SECRETARY","BOARD SECRETARY","",""
"STATE RECORDING SECRETARY","BOARD SECRETARY","",""
"TRUSTEE SECRETARY","BOARD SECRETARY","",""
"VICE SECRETARY","BOARD SECRETARY","",""
"ASSISTANT TREASURER","BOARD TREASURER","subordinate","assistant"
"BOARD MEMBER TREASURER","BOARD TREASURER","",""
"BOARD TREASURER","BOARD TREASURER","",""
"CO-TREASURER","BOARD TREASURER","duplex","co"
"DIRECTOR TREASURER","BOARD TREASURER","",""
"EXECUTIVE TREASURER","BOARD TREASURER","superior","executive"
"GRAND TREASURER","BOARD TREASURER","",""
"JOINT TREASURER","BOARD TREASURER","duplex","co"
"REGIONAL TREASURER","BOARD TREASURER","regional","regional"
"TEASURER","BOARD TREASURER","",""
"TREASURER","BOARD TREASURER","",""
"TREASURER AN","BOARD TREASURER","",""
"TREASURER AND S","BOARD TREASURER","",""
"TREASURER BOARD","BOARD TREASURER","",""
"TREASURER DIRECTOR","BOARD TREASURER","",""
"TREASURER GENERAL","BOARD TREASURER","",""
"TREASURER OF BOARD","BOARD TREASURER","",""
"TREASURER OF BOARD OF DIRECTOR","BOARD TREASURER","",""
"TREASURER TRUSTEE","BOARD TREASURER","",""
"TRUSTEE TREASURER","BOARD TREASURER","",""
"UNION TRUSTEE","BOARD TREASURER","",""
"VICE TREASURER","BOARD TREASURER","subordinate","assistant"
"BOARD VICE CHAIR","BOARD VICE PRESIDENT","",""
"BOARD VICE PRESIDENT","BOARD VICE PRESIDENT","subordinate",""
"CHAIR ELE","BOARD VICE PRESIDENT","",""
"CHIEF RABBAN","BOARD VICE PRESIDENT","",""
"DEPUTY CHAIR","BOARD VICE PRESIDENT","",""
"DIRECTOR VICE PRESIDENT","BOARD VICE PRESIDENT","",""
"MEMBERSHIP VICE PRESIDENT","BOARD VICE PRESIDENT","",""
"STATE VICE BOARD MEMBER","BOARD VICE PRESIDENT","",""
"TRUSTEE VICE PRESIDENT","BOARD VICE PRESIDENT","",""
"V CHAIR","BOARD VICE PRESIDENT","",""
"VICE BOARD CHAIR","BOARD VICE PRESIDENT","",""
"VICE BOARD MEMBER","BOARD VICE PRESIDENT","",""
"VICE CHAIR","BOARD VICE PRESIDENT","",""
"VICE CHAIR A","BOARD VICE PRESIDENT","",""
"VICE CHAIR AND S","BOARD VICE PRESIDENT","",""
"VICE CHARIMA","BOARD VICE PRESIDENT","",""
"VICE CHARIMAN","BOARD VICE PRESIDENT","",""
"VICE CHRMN","BOARD VICE PRESIDENT","committee","chair"
"VICE COMMANDER","BOARD VICE PRESIDENT","",""
"VICE COMMODO","BOARD VICE PRESIDENT","",""
"VICE PRESIDENT BOARD","BOARD VICE PRESIDENT","",""
"VICE PRESIDENT EXECUTIVE BOARD","BOARD VICE PRESIDENT","",""
"VICE PRESIDENT GENERAL","BOARD VICE PRESIDENT","",""
"VICE PRESIDENT OF BOARD","BOARD VICE PRESIDENT","",""
"VICE PRESIDENT OF BOARD DEVELOPMENT","BOARD VICE PRESIDENT","",""
"VICE PRESIDENT OF COMMITTEE","BOARD VICE PRESIDENT","committee","vp"
"VICE PRESIDENT OF MEMBER","BOARD VICE PRESIDENT","",""
"BOOKKEEPER","BOOKKEEPER","",""
"BUSINESS ADVISOR","BUSINESS ADVISOR","",""
"ASSISTANT BUSINESS AGENT","BUSINESS AGENT","subordinate","assistant"
"BUSINESS AGENT","BUSINESS AGENT","",""
"BUSINESS AGE","BUSINESS GAENT","",""
"ASSISTANT BUSINESS MANAGER","BUSINESS MANAGER","subordinate","assistant"
"BUSINESS REPRESENTATIVE","BUSINESS REPRESENTATIVE","",""
"CAPTAIN","CAPTAIN","",""
"CARETAKER","CARETAKER","",""
"CAUCUS COUNCILOR","CAUCUS COUNCILOR","",""
"ASSISTANT HEAD OF SCHOOL","CEO","subordinate",""
"BOARD MEMBER CEO","CEO","",""
"CAMP DIRECTOR","CEO","",""
"CEO","CEO","",""
"CEO FOUNDER","CEO","",""
"CEO OF MJH","CEO","",""
"CEO PRESIDENT","CEO","",""
"CHANCELLOR","CEO","",""
"CHIEF EXECUTIVE","CEO","",""
"CHIEF EXECUTIVE OFFICER","CEO","",""
"DIRECTOR OF GOKM","CEO","",""
"DIRECTOR OF KIRKPATRICK FAM FND","CEO","",""
"DIRECTOR OF MAB TRUST","CEO","",""
"DIRECTOR OF MUSEUM","CEO","",""
"DIRECTOR OF MUSEUMS","CEO","",""
"DIRECTOR PRESIDENT","CEO","",""
"EXECUTIVE ADMINISTRATION","EXECUTIVE ADMINISTRATION","",""
"ED","EXECUTIVE DIRECTOR","",""
"EXECDIR","EXECUTIVE DIRECTOR","",""
"EXECUTIVE CO-DIRECTOR","EXECUTIVE DIRECTOR","duplex","co"
"EXECUTIVE DEPUTY DIRECTOR","EXECUTIVE DIRECTOR","subordinate","deputy"
"EXECUTIVE DIRECTOR","EXECUTIVE DIRECTOR","",""
"FOUNDING CEO","CEO","",""
"GENERAL DIRECTOR","GENERAL DIRECTOR","",""
"HEAD OF SCHOOL","CEO","",""
"HEADMASTER","CEO","",""
"INSTITUTE DIRECTOR","CEO","",""
"MANAGING DIRECTOR","MANAGING DIRECTOR","",""
"MUSEUM CEO","CEO","",""
"MUSEUM DIRECTOR","CEO","",""
"NMAJMH PRESIDENT","CEO","",""
"NON VOTING CEO","CEO","",""
"ORGANIZATION DIRECTOR","ORGANIZATION DIRECTOR","",""
"POTENTATE","CEO","",""
"PRESIDENT CEO","CEO","",""
"PRINCIPAL OFFICER","CEO","",""
"RAM CEO","CEO","",""
"REGIONAL CEO","CEO","regional","regional"
"SCHOOL PRINCIPAL","CEO","",""
"SUPERINTENDENT","CEO","",""
"CHAPLAIN","CHAPLAIN","",""
"CHAPLAIN GENERAL","CHAPLAIN","",""
"CHAPLIN","CHAPLAIN","",""
"STATE CHAPLAIN","CHAPLAIN","",""
"CHEF","CHEF","",""
"EXECUTIVE CHEF","CHEF","superior","executive"
"ASSISTANT CHIEF","CHIEF","subordinate","assistant"
"ASSTCHIEF","CHIEF","subordinate","assistant"
"CHIEF","CHIEF","",""
"DEPUTY CHIEF","CHIEF","subordinate","deputy"
"CHIEF ACADEMICS OFFICER","CHIEF ACADEMICS OFFICER","",""
"CHIEF ACCOUN","CHIEF ACCOUNTANT","superior","chief"
"CHIEF ACCOUNTANT","CHIEF ACCOUNTANT","superior","chief"
"CHIEF ADMINISTRATION","CHIEF ADMINISTRATION OFFICER","",""
"ADJUTANT","CHIEF ADMINISTRATIVE OFFICER","",""
"ADJUTANT GENERAL","CHIEF ADMINISTRATIVE OFFICER","",""
"CAO","CHIEF ADMINISTRATIVE OFFICER","",""
"CHIEF ADMINISTRATION OFFICER","CHIEF ADMINISTRATIVE OFFICER","",""
"CHIEF ADMINISTRATIVE OFFICER","CHIEF ADMINISTRATIVE OFFICER","",""
"CHIEF ARCHITECT","CHIEF ARCHITECT","superior","chief"
"CHIEF ARTISTIC OFFICER","CHIEF ARTISTIC OFFICER","",""
"CHIEF BUSINESS DEVELOPMENT OFFICER","CHIEF BUSINESS DEVELOPMENT OFFICER","",""
"CHIEF CIVIC PROGRAMS OFFICER","CHIEF CIVIC PROGRAMS OFFICER","",""
"CHIEF CLERK","CHIEF CLERK","superior","chief"
"CHIEF CLINICAL OFFICER","CHIEF CLINICAL OFFICER","",""
"CHIEF COLLECTIONS OFFICER","CHIEF COLLECTIONS OFFICER","",""
"CHIEF CONTENT OFFICER","CHIEF CONTENT OFFICER","",""
"CHIEF CURATOR","CHIEF CURATOR","superior","chief"
"DIRECTOR OF CURATORIAL AFFAIRS","CHIEF CURATOR","",""
"CDO","CHIEF DEVELOPMENT OFFICER","",""
"CHIEF ADVANCEMENT OFFICER","CHIEF DEVELOPMENT OFFICER","",""
"CHIEF DEVELOPMENT O","CHIEF DEVELOPMENT OFFICER","",""
"CHIEF DEVELOPMENT OFFICER","CHIEF DEVELOPMENT OFFICER","",""
"CHIEF INSTITUTIONAL ADVANCEMENT OFFICER","CHIEF DEVELOPMENT OFFICER","",""
"CHIEF OF DEVELOPMENT","CHIEF DEVELOPMENT OFFICER","",""
"CHIEF DIGITAL OFFICER","CHIEF DIGITAL OFFICER","",""
"CHIEF ENGAGEMENT OFFICER","CHIEF ENGAGEMENT OFFICER","",""
"CFO","CHIEF FINANCIAL OFFICER","",""
"CHEIF FINANCE OFFICER","CHIEF FINANCIAL OFFICER","",""
"CHIEF FINANCE","CHIEF FINANCIAL OFFICER","",""
"CHIEF FINANCE AND AND ADMINISTRATION","CHIEF FINANCIAL OFFICER","",""
"CHIEF FINANCE AND ADMINISTRATION","CHIEF FINANCIAL OFFICER","",""
"CHIEF FINANCE OFFICER","CHIEF FINANCIAL OFFICER","",""
"CHIEF FINANCIAL OFFICER","CHIEF FINANCIAL OFFICER","",""
"CHIEF FISCAL OFFICER","CHIEF FINANCIAL OFFICER","",""
"CHIEF OF OPERATIONS AND FINANCE","CHIEF FINANCIAL OFFICER","",""
"FISCAL OFFICER","CHIEF FINANCIAL OFFICER","",""
"FISCAL DIRECTOR","CHIEF FINANCIAL OFFICER","",""
"CHIEF HISTORIAN","CHIEF HISTORIAN","superior","chief"
"CHIEF HUMAN RESOURCES OFFICER","CHIEF HUMAN RESOURCES OFFICER","",""
"CHIEF TALENT OFFICER","CHIEF HUMAN RESOURCES OFFICER","",""
"CHIEF IMAM","CHIEF IMAM","superior","chief"
"CHIEF INFORMATION OFFICER","CHIEF INFORMATION OFFICER","",""
"CIO","CHIEF INFORMATION OFFICER","",""
"CHIEF INNOVATION OFFICER","CHIEF INNOVATION OFFICER","",""
"CHIEF INSIGHTS OFFICER","CHIEF INSIGHTS OFFICER","",""
"CHIEF INVESTMENT OFFICER","CHIEF INVESTMENT OFFICER","",""
"CHIEF LEARNING OFFICER","CHIEF LEARNING OFFICER","",""
"CHIEF LEGAL COUNSEL OF FREE","CHIEF LEGAL OFFICER","",""
"CHIEF LEGAL OFFICER","CHIEF LEGAL OFFICER","",""
"CHIEF MARKETING","CHIEF MARKETING OFFICER","",""
"CHIEF MARKETING AND COMMUNICATIONS","CHIEF MARKETING OFFICER","",""
"CHIEF MARKETING O","CHIEF MARKETING OFFICER","",""
"CHIEF MARKETING OFFICER","CHIEF MARKETING OFFICER","",""
"CMO","CHIEF MARKETING OFFICER","",""
"CHIEF MARSHAL","CHIEF MARSHAL","",""
"CHIEF MECHANICAL OFFICER","CHIEF MECHANICAL OFFICER","",""
"CHIEF MEDICAL OFFICER","CHIEF MEDICAL OFFICER","",""
"CHIEF NURSING OFFICER","CHIEF NURSING OFFICER","",""
"CNO","CHIEF NURSING OFFICER","",""
"VICE PRESIDENT AND CNO","CHIEF NURSING OFFICER","",""
"CHIEF OF STA","CHIEF OF STAFF","superior","chief"
"CHIEF OF STAFF","CHIEF OF STAFF","superior","chief"
"CHIEF OPERATING OFFICER","CHIEF OPERATING OFFICER","",""
"CHIEF OPERATIONS","CHIEF OPERATING OFFICER","",""
"CHIEF OPERATIONS OFFICER","CHIEF OPERATING OFFICER","",""
"CO-COO","CHIEF OPERATING OFFICER","duplex","co"
"COO","CHIEF OPERATING OFFICER","",""
"DIRECTOR OF OPERATIONS","CHIEF OPERATING OFFICER","",""
"CHIEF PARTNERSHIP OFFICER","CHIEF PARTNERSHIP OFFICER","",""
"CHIEF PHILANTHROPY OFFICER","CHIEF PHILANTHROPY OFFICER","",""
"CHIEF PROGRAMS OFFICER","CHIEF PROGRAMS OFFICER","",""
"CHIEF RELATIONS OFFICER","CHIEF RELATIONS OFFICER","",""
"CHIEF OFFICER OF SCI AND EDU","CHIEF SCIENTIFIC OFFICER","",""
"CHIEF SCIENCE OFFICER","CHIEF SCIENTIFIC OFFICER","",""
"CHIEF SCIENTIFIC OFFICER","CHIEF SCIENTIFIC OFFICER","",""
"CHIEF STRATEGY","CHIEF STRATEGY OFFICER","",""
"CHIEF STRATEGY AND DEVELOPMENT","CHIEF STRATEGY OFFICER","",""
"CHIEF STRATEGY OFFICER","CHIEF STRATEGY OFFICER","",""
"CHIEF SUSTAINABILITY OFFICER","CHIEF SUSTAINABILITY OFFICER","",""
"CHIEF TECHNOLOGY","CHIEF TECHNOLOGY OFFICER","",""
"CHIEF TECHNOLOGY AND PRODUCT","CHIEF TECHNOLOGY OFFICER","",""
"CHIEF TECHNOLOGY OFFICER","CHIEF TECHNOLOGY OFFICER","",""
"CTO","CHIEF TECHNOLOGY OFFICER","",""
"CIVIC DIRECTOR","CIVIC DIRECTOR","",""
"ASSISTANT CLERK","CLERK","subordinate",""
"CLERK","CLERK","",""
"CLINICAL DIRECTOR","CLINICAL DIRECTOR","",""
"CLUB MANAGER","CLUB MANAGER","",""
"CO-CEO","CO-CEO","duplex","co"
"CO-DIRECTOR","CO-CEO","duplex","co"
"CO-DIRECTOR CMOA","CO-CEO","duplex","co"
"COLLECTIONS","COLLECTIONS","",""
"COLLECTIONS MANAGER","COLLECTIONS MANAGER","",""
"COMMISSIONER","COMMISSIONER","",""
"COMMODO","COMMODO","",""
"COMMUNICATIONS","COMMUNICATIONS","",""
"COMMUNITY RE","COMMUNITY RELATIONS","",""
"COMPLIANCE DIRECTOR","COMPLIANCE DIRECTOR","",""
"COMPLIANCE OFFICER","COMPLIANCE OFFICER","",""
"COMPOSER","COMPOSER","",""
"COMPTROLLER","COMPTROLLER","",""
"CONTROLLER","COMPTROLLER","",""
"CONCESSIONS","CONCESSIONS","",""
"CONDUCTOR","CONDUCTOR","",""
"CONSULTANT","CONSULTANT","",""
"CONT COMPLIANCE","CONTRACT COMPLIANCE","",""
"CONTRACTOR TRUSTEE","CONTRACTOR TRUSTEE","",""
"COORDINATOR","COORDINATOR","",""
"REGIONAL COORDINATOR","COORDINATOR","regional","regional"
"CORP SECRETARY","CORPORATE SECRETARY","",""
"CORPORATE SECRETARY","CORPORATE SECRETARY","",""
"COUNCIL CHAIR","COUNCIL CHAIR","",""
"COUNCIL PRESIDENT","COUNCIL PRESIDENT","",""
"COUNCILMAN","COUNCILMAN","",""
"COUNCILWOMAN","COUNCILMAN","",""
"COUNSELOR","COUNSELOR","",""
"CREATIVE DIRECTOR","CREATIVE DIRECTOR","",""
"ASSISTANT CURATOR","CURATOR","subordinate","assistant"
"CURATOR","CURATOR","",""
"CURATOR GENERAL","CURATOR","superior","general"
"CURATORIAL AFFAIRS","CURATOR","",""
"MUSEUM CURATOR","CURATOR","",""
"SENIOR CURATOR","CURATOR","superior",""
"CUSTODIAN","CUSTODIAN","",""
"DEACON","DEACON","",""
"ACADEMICS DEAN","DEAN","",""
"ASSOCIATE DEAN","DEAN","subordinate","associate"
"DEAN","DEAN","",""
"DEPUTY CEO","DEPUTY DIRECTOR","subordinate","deputy"
"DEPUTY DIRECTOR","DEPUTY DIRECTOR","subordinate","deputy"
"ASSISTANT CEO","DEPUTY DIRECTOR","subordinate","assistant"
"ASSISTANT DIRECTOR","DEPUTY DIRECTOR","subordinate","assistant"
"ASSOCIATE CEO","DEPUTY DIRECTOR","subordinate","associate"
"ASSOCIATE DIRECTOR","DEPUTY DIRECTOR","subordinate","associate"
"ASSOCIATE DRIECTOR","DEPUTY DIRECTOR","subordinate","associate"
"DEVELOPMENT","DEVELOPMENT","",""
"FUND MANAGER","DEVELOPMENT","",""
"SENIOR DEVELOPMENT PROJECTS MANAGER","DEVELOPMENT MANAGER","superior","senior"
"MAJOR GIFTS OFFICER","DEVELOPMENT OFFICER","",""
"DIRECTOR","BOARD MEMBER","",""
"DIRECTOR AND","BOARD MEMBER","",""
"DIRECTOR AND EXOFFICIO","BOARD MEMBER","",""
"DIRECTOR AND RE","BOARD MEMBER","",""
"DIRECTOR AND REGIONAL","BOARD MEMBER","regional","regional"
"DIRECTOR EXIT","BOARD MEMBER","",""
"DIRECTOR OVERSE","DIRECTOR","regional","regional"
"DIRECTOR REGIONAL","DIRECTOR","regional","regional"
"DIRECTOR UP","DIRECTOR","",""
"DIRECTOR*","BOARD MEMBER","",""
"NORTHEAST REGIONAL DIRECTOR","DIRECTOR","regional","regional"
"NORTHWEST REGIONAL DIRECTOR","DIRECTOR","regional","regional"
"REGIONAL DIRECTOR R AND MM AND NEG","DIRECTOR","regional","regional"
"SENIOR ASSOCIATE AND REGIONAL DIRECTOR","DIRECTOR","regional","regional"
"DIRECTOR ALUMNA","DIRECTOR ALUMNA","",""
"DIRECTOR ACADEMICS","DIRECTOR OF ACADEMICS","",""
"DIRECTOR OF ACQUISITIONS","DIRECTOR OF ACQUISITIONS","",""
"ADMINISTRATION DIRECTOR","DIRECTOR OF ADMINISTRATION","",""
"ADMINISTRATIVE DIRECTOR","DIRECTOR OF ADMINISTRATION","",""
"DIRECTOR OF ADMINISTRATION","DIRECTOR OF ADMINISTRATION","",""
"DIRECTOR OF ADVANCEMENT","DIRECTOR OF ADVANCEMENT","",""
"DIRECTOR BUDGET AND ANALYTICS","DIRECTOR OF BUDGET AND ANALYTICS","",""
"BUSINESS DIRECTOR","DIRECTOR OF BUSINESS","",""
"DIRECTOR OF BUSINESS DEVELOPMENT","DIRECTOR OF BUSINESS DEVELOPMENT","",""
"DIRECTOR OF COLLECTIONS","DIRECTOR OF COLLECTIONS","",""
"COMMUNICATIONS DIRECTOR","DIRECTOR OF COMMUNICATIONS","",""
"DIRECTOR OF COMMUNICATIONS","DIRECTOR OF COMMUNICATIONS","",""
"SENIOR DIRECTOR OF CONTENT","DIRECTOR OF CONTENT","superior",""
"SENIOR DIRECTOR OF CORPORA","DIRECTOR OF CORPORATE X","superior",""
"ADVANCEMENT DIRECTOR","DIRECTOR OF DEVELOPMENT","",""
"DEPUTY DIRECTOR OF ADVANCEMENT","DIRECTOR OF DEVELOPMENT","subordinate","deputy"
"DEPUTY DIRECTOR OF DEVELOPMENT","DIRECTOR OF DEVELOPMENT","subordinate","deputy"
"DEVELOPMENT DIRECTOR","DIRECTOR OF DEVELOPMENT","",""
"DIRECTOR AND PHILANTHROPY","DIRECTOR OF DEVELOPMENT","",""
"DIRECTOR OF DEVELOPMENT","DIRECTOR OF DEVELOPMENT","",""
"DIRECTOR OF FUNDRAISING","DIRECTOR OF DEVELOPMENT","",""
"DIRECTOR OF INDIVIDUAL GIVING","DIRECTOR OF DEVELOPMENT","",""
"DIRECTOR OF INSTITUTIONAL GIVING","DIRECTOR OF DEVELOPMENT","",""
"DIRECTOR OF PHILANTHROPY","DIRECTOR OF DEVELOPMENT","",""
"DIRECTOR PHILANTHROPY","DIRECTOR OF DEVELOPMENT","",""
"FUNDRAISING DIRECTOR","DIRECTOR OF DEVELOPMENT","",""
"SENIOR DIRECTOR OF DEVELOPMENT","DIRECTOR OF DEVELOPMENT","superior","senior"
"SENIOR DIRECTOR OF DEVELOPMENT FINANCE","DIRECTOR OF DEVELOPMENT","superior","senior"
"DIRECTOR OF EDUCATION","DIRECTOR OF EDUCATION","",""
"EDUCATION DIRECTOR","DIRECTOR OF EDUCATION","",""
"SENIOR DIRECTOR OF EDUCATION","DIRECTOR OF EDUCATION","superior","senior"
"DIRECTOR OF ENGAGEMENT","DIRECTOR OF ENGAGEMENT","",""
"DIRECTOR OF ENGINEERING","DIRECTOR OF ENGINEERING","",""
"DIRECTOR OF SPECIAL EVENTS","DIRECTOR OF EVENTS","",""
"EVENTS DIRECTOR","DIRECTOR OF EVENTS","",""
"SENIOR DIRECTOR OF EVENTS","DIRECTOR OF EVENTS","superior","senior"
"DIRECTOR OF EXHIBITIONS","DIRECTOR OF EXHIBITIONS","",""
"DIRECTOR OF EXHIBITS","DIRECTOR OF EXHIBITIONS","",""
"DEPUTY DIRECTOR OF EXTERNAL AFFAIRS","DIRECTOR OF EXTERNAL AFFAIRS","subordinate","deputy"
"DIRECTOR OF EXTERNAL AFFAIRS","DIRECTOR OF EXTERNAL AFFAIRS","",""
"DIRECTOR OF EXTERNAL RELATIONS","DIRECTOR OF EXTERNAL AFFAIRS","",""
"DIRECTOR OF FACILITIES","DIRECTOR OF FACILITIES","",""
"DIRECTOR OF FACILITIES AND SECURITY","DIRECTOR OF FACILITIES","",""
"FACILITIES DIRECTOR","DIRECTOR OF FACILITIES","",""
"ASSOCIATE DIRECTOR OF FINANCE","DIRECTOR OF FINANCE","subordinate","associate"
"DIRECTOR OF FINANCE","DIRECTOR OF FINANCE","",""
"FINANCE DIRECTOR","DIRECTOR OF FINANCE","",""
"HEAD OF FINANCE","DIRECTOR OF FINANCE","",""
"MUSEUM DIRECTOR OF FINANCE","DIRECTOR OF FINANCE","",""
"SENIOR DIRECTOR OF FINANCE","DIRECTOR OF FINANCE","superior","senior"
"DIRECTOR OF FINANCE AND ADMINISTRATION","DIRECTOR OF FINANCE AND ADMINISTRATION","",""
"DIRECTOR OF FINANCE AND OPERATIONS","DIRECTOR OF FINANCE AND OPERATIONS","",""
"DIRECTOR OF HUMAN RESOURCES","DIRECTOR OF HUMAN RESOURCES","",""
"HEAD OF HUMAN RESOURCES","DIRECTOR OF HUMAN RESOURCES","",""
"HUMAN RESOURCES DIRECTOR","DIRECTOR OF HUMAN RESOURCES","",""
"MANAGING DIRECTOR OF HUMAN RESOURCES","DIRECTOR OF HUMAN RESOURCES","",""
"DIRECTOR AND IT SYSTEMS ARCHI","DIRECTOR OF INFORMATION TECHNOLOGY","",""
"DIRECTOR IT","DIRECTOR OF INFORMATION TECHNOLOGY","",""
"DIRECTOR OF INFORMATION TECHNOLOGY","DIRECTOR OF INFORMATION TECHNOLOGY","",""
"DIRECTOR OF IT","DIRECTOR OF INFORMATION TECHNOLOGY","",""
"INFORMATION TECHNOLOGY DIRECTOR","DIRECTOR OF INFORMATION TECHNOLOGY","",""
"IT DIRECTOR","DIRECTOR OF INFORMATION TECHNOLOGY","",""
"DIRECTOR OF LEGAL AFFAIRS","DIRECTOR OF LEGAL AFFAIRS","",""
"DIRECTOR OF LEGISLATIVE AFFAIRS","DIRECTOR OF LEGISLATIVE AFFAIRS","",""
"SENIOR DIRECTOR AND MAJOR GIFTS","DIRECTOR OF MAJOR GIFTS","superior",""
"ASSISTANT MARKETING DIRECTOR","DIRECTOR OF MARKETING","subordinate","assistant"
"DIRECTOR OF MARKETING","DIRECTOR OF MARKETING","",""
"DIRECTOR OF MARKETING AND CO","DIRECTOR OF MARKETING","",""
"DIRECTOR OF MARKETING AND COM","DIRECTOR OF MARKETING","",""
"DIRECTOR OF MARKETING AND COMMITTEE","DIRECTOR OF MARKETING","",""
"MARKETING DIRECTOR","DIRECTOR OF MARKETING","",""
"SENIOR DIRECTOR OF MARKETING","DIRECTOR OF MARKETING","superior",""
"DIRECTOR OF MARKETING AND COMMUNICATIONS","DIRECTOR OF MARKETING AND COMMUNICATIONS","",""
"HEAD OF MARKETING AND COMMUNICATIONS","DIRECTOR OF MARKETING AND COMMUNICATIONS","",""
"DIRECTOR OF MEMBERSHIP","DIRECTOR OF MEMBERSHIP","",""
"MEMBERSHIP DIRECTOR","DIRECTOR OF MEMBERSHIP","",""
"MUSICAL DIRECTOR","DIRECTOR OF MUSIC","",""
"DIRECTOR OF NURSING","DIRECTOR OF NURSING","",""
"DEPUTY DIRECTOR OF OPERATIONS","DIRECTOR OF OPERATIONS","subordinate","deputy"
"DIRECTOR OF MUSEUM OPERATIONS","DIRECTOR OF OPERATIONS","",""
"DIRECTOR OF OPERATIONS II","DIRECTOR OF OPERATIONS","",""
"OPERATIONS DIRECTOR","DIRECTOR OF OPERATIONS","",""
"SENIOR DIRECTOR OF OPERATIONS","DIRECTOR OF OPERATIONS","superior",""
"DIRECTOR OF PRODUCTION","DIRECTOR OF PRODUCTION","",""
"ASSOCIATE PROGRAMS DIRECTOR","DIRECTOR OF PROGRAMS","subordinate",""
"DIRECTOR OF MUSEUM PRGMS","DIRECTOR OF PROGRAMS","",""
"DIRECTOR OF PROGRAMMING","DIRECTOR OF PROGRAMS","",""
"DIRECTOR OF PROGRAMS","DIRECTOR OF PROGRAMS","",""
"DIRECTOR OF PUBLIC PROGRAMS","DIRECTOR OF PROGRAMS","",""
"DIRECTOR PROGRAMMING","DIRECTOR OF PROGRAMS","",""
"PROGRAMS DIRECTOR","DIRECTOR OF PROGRAMS","",""
"SENIOR DIRECTOR OF PROGRAMS","DIRECTOR OF PROGRAMS","superior","senior"
"PUBLIC AFFAIRS DIRECTOR","DIRECTOR OF PUBLIC AFFAIRS","",""
"DIRECTOR OF PUBLIC RELATIONS","DIRECTOR OF PUBLIC RELATIONS","",""
"DIRECTOR OF PUBLICITY","DIRECTOR OF PUBLICITY","",""
"DIRECTOR OF RESEARCH","DIRECTOR OF RESEARCH","",""
"DIRECTOR OF RISK MANAGEMENT","DIRECTOR OF RISK MANAGEMENT","",""
"DIRECTOR OF RETAIL OPERATIONS","DIRECTOR OF SALES","",""
"DIRECTOR OF SALES","DIRECTOR OF SALES","",""
"DIRECTOR OF SECURITY","DIRECTOR OF SECURITY","",""
"SENIOR DIRECTOR OF STRATEGY AND ENGAGEMENT","DIRECTOR OF STRATEGY AND ENGAGEMENT","superior",""
"DIRECTOR OF TECHNOLOGY","DIRECTOR OF TECHNOLOGY","",""
"TECHNOLOGY DIRECTOR","DIRECTOR OF TECHNOLOGY","",""
"DIRECTOR VICE CHAIR","DIRECTOR VICE CHAIR","",""
"DIVISION DIRECTOR","DIVISION DIRECTOR","regional","regional"
"ADMINISTRATION HOSPICE PHYSICIAN","DOCTOR","",""
"ANESTHESIOLOGIST","DOCTOR","",""
"ATTENDING PHYSICIAN","DOCTOR","",""
"CLINICIAN","DOCTOR","",""
"DENTIST","DOCTOR","",""
"DIRECTOR AND PHYSICIAN","DOCTOR","",""
"GENERAL SURGEON","DOCTOR","",""
"INTERNIST","DOCTOR","",""
"MD","DOCTOR","",""
"ORTHOPAEDIC SURGEON","DOCTOR","",""
"ORTHOPEDIC SURGEON","DOCTOR","",""
"PHARMACIST","DOCTOR","",""
"PHYSICAL THERAPIST","DOCTOR","",""
"PHYSICIAN","DOCTOR","",""
"PHYSICIAN ASSISTANT","DOCTOR","subordinate","assistant"
"PHYSICIAN SURGEON","DOCTOR","",""
"PHYSICIAN'S ASSISTANT","DOCTOR","subordinate","assistant"
"PSYCHIATRIST","DOCTOR","",""
"RADIOLOGIST","DOCTOR","",""
"STAFF DENTIST","DOCTOR","",""
"STAFF PHYSICIAN","DOCTOR","",""
"SURGEON","DOCTOR","",""
"TRUSTEE AND PHYSICIAN","DOCTOR","",""
"EDITOR","EDITOR","",""
"EXECUTIVE EDITOR","EDITOR","superior","executive"
"MANAGING EDITOR","EDITOR","superior",""
"NEWSLETTER EDITOR","EDITOR","",""
"SENIOR EDITOR","EDITOR","superior",""
"EDITOR IN CHIEF","EDITOR IN CHIEF","superior",""
"EDUCATION","EDUCATION","",""
"EDUCATION COORDINATOR","EDUCATION COORDINATOR","",""
"EDUCATION INSTRUCTOR","EDUCATION INSTRUCTOR","",""
"EDUCATION MN","EDUCATION MN","",""
"EDUCATOR","EDUCATOR","",""
"ELDER","ELDER","",""
"EMPLOYEE","EMPLOYEE","",""
"KEY EMPLOYEE","EMPLOYEE","",""
"ENDOWMENTS","ENDOWMENTS","",""
"SENIOR ENGINEER","ENGINEER","superior",""
"EVENT COORDINATOR","EVENT COORDINATOR","",""
"EVENTS","EVENT COORDINATOR","",""
"EVENTS COORDINATOR","EVENT COORDINATOR","",""
"SPECIAL EVENT","EVENT COORDINATOR","",""
"SPECIAL EVENTS","EVENT COORDINATOR","",""
"EXECUTIVE REGIONAL","EXECUTIVE","regional","regional"
"EXECUTIVE ASSISTANT","EXECUTIVE ASSISTANT","",""
"SENIOR EXECUTIVE VICE PRESIDENT","EXECUTIVE VICE PRESIDENT","superior",""
"SEVP","EXECUTIVE VICE PRESIDENT","superior",""
"FACILITY MANAGEMENT","FACILITIES","",""
"FACULTY","FACULTY","",""
"FACULTY REPRESENTATIVE","FACULTY REPRESENTATIVE","",""
"FIELD DIRECTOR","FIELD DIRECTOR","",""
"FIELD REPRESENTATIVE","FIELD REPRESENTATIVE","",""
"FINANCE","FINANCE","",""
"FINANCE ADVISOR","FINANCE ADVISOR","",""
"FINANCE AND ADMINISTRATION","FINANCE AND ADMINISTRATION","",""
"FINANCE MANAGEMENT","FINANCE MANAGER","",""
"FINANCE MANAGER","FINANCE MANAGER","",""
"FINANCE OFFICER","FINANCE OFFICER","",""
"FINANCE SECRETARY'Y","FINANCIAL SECRETARY","",""
"FIRE CHIEF","FIRE CHIEF","",""
"FIRE FIGHTER","FIRE FIGHTER","",""
"FLEET CAPTAIN","FLEET CAPTAIN","",""
"FOUNDATION MANAGER","FOUNDATION MANAGER","",""
"FOUNDER","FOUNDER","",""
"FOUNDING DIRECTOR","FOUNDER","",""
"FUND ADMINISTRATOR","FUND ADMINISTRATOR","",""
"FUNDRAISING","FUNDRAISING","",""
"GARDEN DIRECTOR","GARDEN DIRECTOR","",""
"GENEALOGIST","GENEALOGIST","",""
"GENEALOGIST GENERAL","GENEALOGIST","",""
"ASSISTANT GENERAL COUNSEL","GENERAL COUNSEL","subordinate",""
"COUNSEL","GENERAL COUNSEL","",""
"GENERAL COUN","GENERAL COUNSEL","",""
"GENERAL COUNSEL","GENERAL COUNSEL","",""
"LEGAL COUNSE","GENERAL COUNSEL","",""
"LEGAL COUNSEL","GENERAL COUNSEL","",""
"ASSISTANT GENERAL MANAGER","GENERAL MANAGER","subordinate",""
"BUSINESS MANAGEMENT","GENERAL MANAGER","",""
"BUSINESS MANAGER","GENERAL MANAGER","",""
"GENERAL MANAGEMENT","GENERAL MANAGER","",""
"GENERAL MANAGER","GENERAL MANAGER","",""
"MANAGER","GENERAL MANAGER","",""
"GIFT SHOP MANAGER","GIFT SHOP MANAGER","",""
"GOVERNANCE","GOVERNANCE","",""
"GUARD","GUARD","",""
"GUILD PRESIDENT","GUILD PRESIDENT","",""
"HISTORIAN","HISTORIAN","",""
"HISTORIAN GENERAL","HISTORIAN","",""
"STATE HISTORIAN","HISTORIAN","",""
"HOSPITALITY","HOSPITALITY","",""
"HUMAN RESOURCES","HUMAN RESOURCES","",""
"IMAM","IMAM","",""
"INCORPORATOR","INCORPORATOR","",""
"ALLIED INDUSTRY REPRESENTATIVE","INDUSTRY REPRESENTATIVE","",""
"INFORMATION OFFICER","INFORMATION OFFICER","",""
"IT MANAGER","INFORMATION TECHNOLOGY MANAGER","",""
"INSTRUCTOR","INSTRUCTOR","",""
"SENIOR INSTRUCTOR","INSTRUCTOR","superior","senior"
"INTERN","INTERN","",""
"INVESTMENT OFFICER","INVESTMENT OFFICER","",""
"JANITOR","JANITOR","",""
"JUDGE ADVOCA","JUDGE ADVOCATE","",""
"JUNIOR","JUNIOR","",""
"JUNIOR DIRECTOR","JUNIOR DIRECTOR","subordinate",""
"LRC","LABOR RELATIONS COMMITTEE","",""
"ESQUIRE","LAWYER","",""
"LECTURER","LECTURER","",""
"LEGAL ADVISOR","LEGAL ADVISOR","",""
"LEGAL ADVISORY","LEGAL ADVISOR","",""
"LEGISLATIVE","LEGISLATIVE","",""
"LIAISON","LIAISON","",""
"REGIONAL LIAISON","LIAISON","regional","regional"
"TOWN LIAISON","LIAISON","regional",""
"LIBRARIAN","LIBRARIAN","",""
"LIBRARIAN GENERAL","LIBRARIAN","superior",""
"STATE LIBRARIAN","LIBRARIAN","regional?",""
"LIBRARY DIRECTOR","LIBRARY DIRECTOR","",""
"LIEUTENANT","LIEUTENANT","",""
"LT","LIEUTENANT","",""
"MAINTENANCE","MAINTENANCE","",""
"REGIONAL MANAGER","MANAGER","regional","regional"
"MANAGER OF O","MANAGER OF OPERATIONS","",""
"MARKETING","MARKETING","",""
"MINISTRY MARKETING","MARKETING","",""
"SOCIAL MEDIA","MARKETING","",""
"MARSHAL","MARSHAL","",""
"MARSHALL","MARSHAL","",""
"MEDICAL DIRECTOR","MEDICAL DIRECTOR","",""
"EXAMINING BOARD","MEDICAL EXAMINING BOARD","",""
"MEDICAL OFFICER","MEDICAL OFFICER","",""
"MEMBERSHIP","MEMBERSHIP","",""
"MEMBERSHIP S","MEMBERSHIP","",""
"MEMBERSHIP AND PR","MEMBERSHIP AND PUBLIC RELATIONS","",""
"MEMBERSHIP COORDINATOR","MEMBERSHIP COORDINATOR","",""
"AIR FORCE MEMBER","MILITARY","",""
"ARMY MEMBER","MILITARY","",""
"BATTALION CHIEF","MILITARY","",""
"CG GENERAL","MILITARY","",""
"COMMANDER","MILITARY","",""
"INNER GUARD","MILITARY","",""
"JUNIOR VICE COMMANDER","MILITARY","subordinate",""
"QUARTERMASTE","MILITARY","",""
"QUARTERMASTER","MILITARY","",""
"REAR COMMODORE","MILITARY","",""
"SENIOR VICE COMMANDER","MILITARY","superior",""
"VICE COMMODORE","MILITARY","",""
"MUSEM GUIDE","MUSEUM GUIDE","",""
"MUSIC DIRECTOR","MUSIC DIRECTOR","",""
"MUSICIAN","MUSICIAN","",""
"CLINTON OF REGIONAL","DIRECTOR","",""
"FLORIN RD AND PBM AND REGIONAL CA","DIRECTOR","",""
"FORMER","NA","",""
"NONE","NA","",""
"REGIONAL","DIRECTOR","",""
"RWPGM","NA","",""
"STOCKTON OF REGIONAL","DIRECTOR","",""
"APRN","NURSE","",""
"ARNP","NURSE","",""
"CRNA","NURSE","",""
"LPN","NURSE","",""
"NURSE","NURSE","",""
"NURSE PRACTITIONER","NURSE","",""
"REGISTERED NURSE","NURSE","",""
"RN","NURSE","",""
"RN AND ASSISTANT","NURSE","",""
"TRANSPORTATION RN","NURSE","",""
"OFFICE ADMINISTRATOR","OFFICE ADMINISTRATOR","",""
"OFFICE MANAGEMENT","OFFICE MANAGER","",""
"OFFICE MANAGER","OFFICER MANAGER","",""
"OPERATIONS","OPERATIONS","",""
"OPERATIONS MANAGER","OPERATIONS MANAGER","",""
"ORGANIZER","ORGANIZER","",""
"ORIENTAL GUIDE","ORIENTAL GUIDE","",""
"OUTGOING","OUTGOING","",""
"OUTREACH DIRECTOR","OUTREACH DIRECTOR","",""
"OUTREACH MANAGER","OUTREACH MANAGER","",""
"ASSOCIATE PASTOR","PASTOR","subordinate","associate"
"PASTOR","PASTOR","",""
"SENIOR PASTOR","PASTOR","superior","senior"
"WORSHIPFUL MASTER","PASTOR","",""
"PHILANTHROPY","PHILANTHROPY","",""
"POLITICAL DIRECTOR","POLITICAL DIRECTOR","",""
"ASSISTANT PARLIAMENTARIAN","POLITICIAN","subordinate","assistant"
"POST COMMANDER","POST COMMANDER","",""
"PRELATE","PRELATE","",""
"PRESIDENT AN","PRESIDENT","",""
"PRESIDENT AND REGIONAL","PRESIDENT","regional","regional"
"PRESIDENT OF MEDICAL STAFF","PRESIDENT OF MEDICAL STAFF","",""
"PRESIDENT TREASURER","PRESIDENT TREASURER","",""
"PRINCIPAL","PRINCIPAL","",""
"EXECUTIVE PRODUCER","PRODUCER","superior","executive"
"PRODUCER","PRODUCER","",""
"PRODUCING DIRECTOR","PRODUCING DIRECTOR","",""
"PRODUCTION ASSISTANT","PRODUCTION ASSISTANT","subordinate","assistant"
"PRODUCTION MANAGER","PRODUCTION MANAGER","",""
"LIVINGSTON CHAIR","PROFESSOR","",""
"PROFESSOR","PROFESSOR","",""
"ASSISTANT TEAM REPRESENTATIVE","PROGRAMS","subordinate","assistant"
"BEAN SOUP MIX PROGRAMS","PROGRAMS","",""
"JUDGE ADVOCATE","PROGRAMS","",""
"PROGRAMS","PROGRAMS","",""
"SPANISH FORT AND AL","PROGRAMS","",""
"UMPIRE DIRECTOR","PROGRAMS","",""
"UNIFORM COORDINATOR","PROGRAMS","",""
"PROGRAMS COORDINATOR","PROGRAMS COORDINATOR","",""
"PROGRAMS MANAGER","PROGRAMS MANAGER","",""
"SENIOR PROGRAMS OFFICER","PROGRAMS OFFICER","superior","senior"
"PROJECTS MANAGER","PROJECT MANAGER","",""
"PROJECTS DIRECTOR","PROJECTS DIRECTOR","",""
"PROVOST","PROVOST","",""
"PUBLIC RELATIONS","PUBLIC RELATIONS","",""
"PUBLICITY","PUBLIC RELATIONS","",""
"ASSOCIATE PR","PUBLIC RELATIONS ASSOCIATE","subordinate","associate"
"SAFETY OFFICER","PUBLIC SAFETY","",""
"PUBLISHER","PUBLISHER","",""
"RECRUITMENT","RECRUITMENT","",""
"ASSISTANT REGISTRAR","REGISTRAR","subordinate","assistant"
"REGISTRAR","REGISTRAR","",""
"STATE REGISTRAR","REGISTRAR","",""
"REGIONAL REPRESENTATIVE","REPRESENTATIVE","regional","regional"
"REPRESENTATIVE","REPRESENTATIVE","",""
"ZONE REPRESENTATIVE","REPRESENTATIVE","",""
"ATTACHED","SCHED O","",""
"SCHED O","SCHED O","",""
"SCHOLARSHIPS","SCHOLARSHIPS","",""
"SCOUT EXECUTIVE","SCOUT EXECUTIVE","",""
"ASSISTANT SECRETARY","SECRETARY","subordinate","assistant"
"FINANCE SECRETARY","SECRETARY","",""
"REGIONAL SECRETARY","SECRETARY","regional","regional"
"SECRETARY GENERAL","SECRETARY","superior","general"
"SERGEANT AT ARM","SERGEANT AT ARM","",""
"SERGEANT","SERGEANT AT ARMS","",""
"SERGEANT AT A","SERGEANT AT ARMS","",""
"SERGEANT AT ARMS","SERGEANT AT ARMS","",""
"SERGEANT OF A","SERGEANT AT ARMS","",""
"SOCIAL","SOCIAL","",""
"SOCIAL WORKER","SOCIAL WORKER","",""
"BASKETBALL COACH","SPORTS","",""
"COACHING COORDINATOR","SPORTS","",""
"REFEREE COORDINATOR","SPORTS","",""
"SWIM CHAIR","SPORTS","",""
"SPORTS DIRECTOR","SPORTS DIRECTOR","",""
"EQUIPMENT MANAGER","STAFF","",""
"SERVICE OFFICER","STAFF","",""
"STAFF","STAFF","",""
"STAFF REPRESENTATIVE","STAFF REPRESENTATIVE","",""
"STATION MANAGER","STATION MANAGER","",""
"SPECIAL PROJECTS","STRATEGY","",""
"STUDIO DIRECTOR","STUDIO DIRECTOR","",""
"SUPERINTENDE","SUPERINTENDENT","",""
"SUPERVISOR","SUPERVISOR","",""
"SUPERVISORY COMMITTEE","SUPERVISORY COMMITTEE","committee","supervisory"
"SURGEON GENERAL","SURGEON","superior","general"
"HEAD TEACHER","TEACHER","superior","head"
"TEACHER","TEACHER","",""
"TEAM LEADER","TEAM LEADER","",""
"TECHNOLOGY","TECHNOLOGY","",""
"THERAPIST","THERAPIST","",""
"TRAINING DIRECTOR","TRAINING DIRECTOR","",""
"TRAINING OFFICER","TRAINING OFFICER","",""
"UNDERGRAD DIRECTOR","UNDERGRAD DIRECTOR","",""
"SHOP STEWARD","UNION REPRESENTATIVE","",""
"CO-VICE CHAIR","VICE CHAIR","",""
"REGIONAL VICE CHAIR","VICE CHAIR","regional","regional"
"V COMMANDER","VICE COMMANDER","",""
"VICE COMMAND","VICE COMMANDER","",""
"ASSISTANT VICE PRESIDENT","VICE PRESIDENT","subordinate","assistant"
"ASSISTANT VICE PRESIDENT AND BASEBALL","VICE PRESIDENT","subordinate","assistant"
"ASSOCIATE VICE PRESIDENT","VICE PRESIDENT","subordinate","associate"
"AVP","VICE PRESIDENT","subordinate","assistant"
"CO-VICE PR","VICE PRESIDENT","duplex","co"
"CO-VICE PRESIDENT","VICE PRESIDENT","duplex","co"
"CO-VICE PRESIDENT OF CONTRIBUTED INCOME","VICE PRESIDENT","duplex","co"
"CORP VICE PRESIDENT","VICE PRESIDENT","",""
"E V PRESIDENT","VICE PRESIDENT","superior","executive"
"E VICE","VICE PRESIDENT","superior","executive"
"E VICE PRESISDENT","VICE PRESIDENT","superior","executive"
"ESVP","VICE PRESIDENT","superior","executive senior"
"EVP","VICE PRESIDENT","superior","executive"
"EXECUTIVE SENIOR VICE PRESIDENT","VICE PRESIDENT","superior","executive senior"
"EXECUTIVE VICE","VICE PRESIDENT","superior","executive"
"EXECUTIVE VICE PRESIDENT","VICE PRESIDENT","superior","executive"
"EXECUTIVE VP","VICE PRESIDENT","superior","executive"
"GRADE CO-VICE PRESIDENT","VICE PRESIDENT","duplex","co"
"JUNIOR VICE PRESIDENT","VICE PRESIDENT","subordinate","junior"
"L VICE PRESIDENT","VICE PRESIDENT","",""
"REGIONAL VICE PRESIDENT","VICE PRESIDENT","regional","regional"
"RVP","VICE PRESIDENT","regional","regional"
"S VICE","VICE PRESIDENT","superior","senior"
"S VICE PRESIDENT","VICE PRESIDENT","superior","senior"
"SENIOR VICE","VICE PRESIDENT","superior","senior"
"SENIOR VICE PRESIDENT","VICE PRESIDENT","superior","senior"
"SENIOR VICE PRESIDENT GENERAL COUNSEL","VICE PRESIDENT","superior","senior"
"SENIOR VP","VICE PRESIDENT","superior","senior"
"SRVP","VICE PRESIDENT","superior","senior"
"SVP","VICE PRESIDENT","superior","senior"
"V PRESIDENT","VICE PRESIDENT","",""
"V-PRESIDENT","VICE PRESIDENT","",""
"VICE","VICE PRESIDENT","",""
"VICE P","VICE PRESIDENT","",""
"VICE PRESIDENT","VICE PRESIDENT","",""
"VICE PRESIDENT A","VICE PRESIDENT","",""
"VICE PRESIDENT AND REGIONAL","VICE PRESIDENT","regional","regional"
"VICE PRESIDENT AND WAYS AND MEANS","VICE PRESIDENT","",""
"VICE PRESIDENT DIRECTOR","VICE PRESIDENT","",""
"VICE PRESIDENT OF REGIONAL TN","VICE PRESIDENT","regional","regional"
"VICE PRESIDENT RE","VICE PRESIDENT","",""
"VICE PRESIDENT REGIONAL","VICE PRESIDENT","regional","regional"
"VICE PRESIDENT WAYS AND MEANS","VICE PRESIDENT","",""
"VP","VICE PRESIDENT","",""
"VICE PRESIDENT OF ACADEMICS EXECUTIVE","VICE PRESIDENT OF ACADEMICS","",""
"VICE PRESIDENT OF ACADEMICS AFFAIRS","VICE PRESIDENT OF ACADEMICS AFFAIRS","",""
"VICE PRESIDENT ACQUISITIONS AND PROJECTS DV","VICE PRESIDENT OF ACQUISITIONS AND PROJECTS","",""
"VICE PRESIDENT OF ADMINISTRATION","VICE PRESIDENT OF ADMINISTRATION","",""
"VICE PRESIDENT OF ALUMNAE RELATIONS","VICE PRESIDENT OF ALUMNAE RELATIONS","",""
"SENIOR VICE PRESIDENT OF BUSINESS DEVELOPMENT","VICE PRESIDENT OF BUSINESS DEVELOPMENT","superior","senior"
"VICE PRESIDENT OF BUSINESS","VICE PRESIDENT OF BUSINESS DEVELOPMENT","",""
"VICE PRESIDENT OF BUSINESS DEVELOPMENT","VICE PRESIDENT OF BUSINESS DEVELOPMENT","",""
"VICE PRESIDENT OF COLLECTIONS","VICE PRESIDENT OF COLLECTIONS","",""
"VICE PRESIDENT OF PAINTING","VICE PRESIDENT OF COLLECTIONS","",""
"VICE PRESIDENT OF COMMITTEE RELATIONS","VICE PRESIDENT OF COMMITTEE RELATIONS","",""
"VICE PRESIDENT OF COMMUNICATIONS","VICE PRESIDENT OF COMMUNICATIONS","",""
"VICE PRESIDENT OF COMMUNICATIONS AND OPERATIONS","VICE PRESIDENT OF COMMUNICATIONS AND OPERATIONS","",""
"VICE PRESIDENT COMMUNITY","VICE PRESIDENT OF COMMUNITY","",""
"VICE PRESIDENT OF CORP RECORDS AND CORP","VICE PRESIDENT OF CORPORATE RECORDS","",""
"VICE PRESIDENT CORRESPONDING","VICE PRESIDENT OF CORRESPONDENCE","",""
"SENIOR VICE PRESIDENT OF ADVANCEMENT","VICE PRESIDENT OF DEVELOPMENT","superior","senior"
"SENIOR VICE PRESIDENT OF DEVELOPMENT","VICE PRESIDENT OF DEVELOPMENT","superior","senior"
"VICE PRESIDENT OF ADVANCEMENT","VICE PRESIDENT OF DEVELOPMENT","",""
"VICE PRESIDENT OF DEVELOPMENT","VICE PRESIDENT OF DEVELOPMENT","",""
"VICE PRESIDENT OF FRATERNITY DEVELOPMENT","VICE PRESIDENT OF DEVELOPMENT","",""
"VICE PRESIDENT OF FUND DEVELOPMENT","VICE PRESIDENT OF DEVELOPMENT","",""
"VICE PRESIDENT OF FUNDRAISING","VICE PRESIDENT OF DEVELOPMENT","",""
"VICE PRESIDENT OF PHILANTHROPY","VICE PRESIDENT OF DEVELOPMENT","",""
"VICE PRESIDENT OF PHILANTHROPY SERVICES","VICE PRESIDENT OF DEVELOPMENT","",""
"VICE PRESIDENT OF UNIVERSITY ADVANCEMENT","VICE PRESIDENT OF DEVELOPMENT","",""
"VICE PRESIDENT PHILANTHROPY","VICE PRESIDENT OF DEVELOPMENT","",""
"VICE PRESIDENT OF ECONOMIC DEVELOPMENT","VICE PRESIDENT OF ECONOMIC DEVELOPMENT","",""
"VICE PRESIDENT OF EDUCATION","VICE PRESIDENT OF EDUCATION","",""
"VICE PRESIDENT OF EDUCATION AND OUTREACH","VICE PRESIDENT OF EDUCATION","",""
"VICE PRESIDENT OF EDUCATION AND GUEST EXPERIENCE","VICE PRESIDENT OF EDUCATION AND GUEST EXPERIENCE","",""
"VICE PRESIDENT OF EVENT PLANNING","VICE PRESIDENT OF EVENTS","",""
"VICE PRESIDENT OF EVENTS","VICE PRESIDENT OF EVENTS","",""
"VICE PRESIDENT OF EXHIBITS","VICE PRESIDENT OF EXHIBITS","",""
"VICE PRESIDENT OF EXTERNAL AFFAIRS","VICE PRESIDENT OF EXTERNAL AFFAIRS","",""
"VICE PRESIDENT FACILITIE","VICE PRESIDENT OF FACILITIES","",""
"VICE PRESIDENT FACILITIES","VICE PRESIDENT OF FACILITIES","",""
"VICE PRESIDENT OF BLDG AND GROUNDS","VICE PRESIDENT OF FACILITIES","",""
"VICE PRESIDENT OF BUILDINGS","VICE PRESIDENT OF FACILITIES","",""
"VICE PRESIDENT OF FACILITIES","VICE PRESIDENT OF FACILITIES","",""
"VICE PRESIDENT OF GROUNDS","VICE PRESIDENT OF FACILITIES","",""
"FINANCE VICE PRESIDENT","VICE PRESIDENT OF FINANCE","",""
"SENIOR VICE PRESIDENT OF FINANCE","VICE PRESIDENT OF FINANCE","superior","senior"
"VICE PRESIDENT FINANCE","VICE PRESIDENT OF FINANCE","",""
"VICE PRESIDENT OF BUSINESS AND FINANCE","VICE PRESIDENT OF FINANCE","",""
"VICE PRESIDENT OF FINANCE","VICE PRESIDENT OF FINANCE","",""
"VICE PRESIDENT, FINANCE","VICE PRESIDENT OF FINANCE","",""
"VP FINANCE","VICE PRESIDENT OF FINANCE","",""
"VP, FINANCE","VICE PRESIDENT OF FINANCE","",""
"VPF","VICE PRESIDENT OF FINANCE","",""
"SENIOR VICE PRESIDENT OF FINANCE AND ADMINISTRATION","VICE PRESIDENT OF FINANCE AND ADMINISTRATION","superior","senior"
"VICE PRESIDENT OF FINANCE AND ADMINISTRATION","VICE PRESIDENT OF FINANCE AND ADMINISTRATION","",""
"VICE PRESIDENT OF FINANCE AND OPERATIONS","VICE PRESIDENT OF FINANCE AND OPERATIONS","",""
"VICE PRESIDENT OF GOVERNMENT AFFAIRS","VICE PRESIDENT OF GOVERNMENT AFFAIRS","",""
"VICE PRESIDENT HEALTH","VICE PRESIDENT OF HEALTH","",""
"VICE PRESIDENT OF HEALTH CARE OPERATIONS","VICE PRESIDENT OF HEALTH CARE OPERATIONS","",""
"VICE PRESIDENT HOSPITALITY","VICE PRESIDENT OF HOSPITALITY","",""
"VICE PRESIDENT HOUSING","VICE PRESIDENT OF HOUSING","",""
"SENIOR VICE PRESIDENT OF HOUSING OPERATIONS","VICE PRESIDENT OF HOUSING OPERATIONS","superior","senior"
"SENIOR VICE PRESIDENT OF HUMAN RESOURCES","VICE PRESIDENT OF HUMAN RESOURCES","superior","senior"
"VICE PRESIDENT HUMAN RESOURCES","VICE PRESIDENT OF HUMAN RESOURCES","",""
"VICE PRESIDENT OF HUMAN RESOURCES","VICE PRESIDENT OF HUMAN RESOURCES","",""
"VICE PRESIDENT, HUMAN RESOURCES","VICE PRESIDENT OF HUMAN RESOURCES","",""
"VP HUMAN","VICE PRESIDENT OF HUMAN RESOURCES","",""
"VP HUMAN RESOURCES","VICE PRESIDENT OF HUMAN RESOURCES","",""
"VP, HUMAN RESOURCES","VICE PRESIDENT OF HUMAN RESOURCES","",""
"VPHR","VICE PRESIDENT OF HUMAN RESOURCES","",""
"VICE PRESIDENT OF INFORMATION TECHNOLOGY","VICE PRESIDENT OF INFORMATION TECHNOLOGY","",""
"VICE PRESIDENT OF IT","VICE PRESIDENT OF INFORMATION TECHNOLOGY","",""
"VICE PRESIDENT OF INSTITUTIONAL ADVANCEMENT","VICE PRESIDENT OF INSTITUTIONAL ADVANCEMENT","",""
"VICE PRESIDENT OF LEGAL","VICE PRESIDENT OF LEGAL","",""
"VICE PRESIDENT OF LENDING","VICE PRESIDENT OF LENDING","",""
"VICE PRESIDENT MARKETING","VICE PRESIDENT OF MARKETING","",""
"VICE PRESIDENT OF MARKETING","VICE PRESIDENT OF MARKETING","",""
"VICE PRESIDENT, MARKETING","VICE PRESIDENT OF MARKETING","",""
"VP MARKETING","VICE PRESIDENT OF MARKETING","",""
"VP, MARKETING","VICE PRESIDENT OF MARKETING","",""
"VICE PRESIDENT OF MARKETING AND COMMUNICATIONS","VICE PRESIDENT OF MARKETING AND COMMUNICATIONS","",""
"VICE PRESIDENT OF MARKETING AND PUBLICITY","VICE PRESIDENT OF MARKETING AND PUBLICITY","",""
"VICE PRESIDENT MEDICAL AFFAIRS","VICE PRESIDENT OF MEDICAL AFFAIRS","",""
"VICE PRESIDENT OF MEDICAL AFFAIRS","VICE PRESIDENT OF MEDICAL AFFAIRS","",""
"VICE PRESIDENT, MEDICAL AFFAIRS","VICE PRESIDENT OF MEDICAL AFFAIRS","",""
"VP MEDICAL AFFAIRS","VICE PRESIDENT OF MEDICAL AFFAIRS","",""
"VP, MEDICAL AFFAIRS","VICE PRESIDENT OF MEDICAL AFFAIRS","",""
"VPMA","VICE PRESIDENT OF MEDICAL AFFAIRS","",""
"VICE PRESIDENT MEMBER EDUC","VICE PRESIDENT OF MEMBERSHIP","",""
"VICE PRESIDENT MEMBER RECRUIT","VICE PRESIDENT OF MEMBERSHIP","",""
"VICE PRESIDENT MEMBERSHI","VICE PRESIDENT OF MEMBERSHIP","",""
"VICE PRESIDENT MEMBERSHIP","VICE PRESIDENT OF MEMBERSHIP","",""
"VICE PRESIDENT OF MEMBER DEVELOPMENT","VICE PRESIDENT OF MEMBERSHIP","",""
"VICE PRESIDENT OF MEMBER EDUCATION","VICE PRESIDENT OF MEMBERSHIP","",""
"VICE PRESIDENT OF MEMBERSHIP","VICE PRESIDENT OF MEMBERSHIP","",""
"VICE PRESIDENT OF MEMBERSHIPS","VICE PRESIDENT OF MEMBERSHIPS","",""
"VICE PRESIDENT OF MUSEUM EXPERIENCE","VICE PRESIDENT OF MUSEUM EXPERIENCE","",""
"VICE PRESIDENT OF MUSIC","VICE PRESIDENT OF MUSIC","",""
"VICE PRESIDENT OF MUSIC AND PERFORMANCE","VICE PRESIDENT OF MUSIC","",""
"SENIOR VICE PRESIDENT OF OPERATIONS","VICE PRESIDENT OF OPERATIONS","superior","senior"
"VICE PRESIDENT OF BUSINESS OPERATIONS","VICE PRESIDENT OF OPERATIONS","",""
"VICE PRESIDENT OF OPERATIONS","VICE PRESIDENT OF OPERATIONS","",""
"VICE PRESIDENT OPERATIONS","VICE PRESIDENT OF OPERATIONS","",""
"VICE PRESIDENT, OPERATIONS","VICE PRESIDENT OF OPERATIONS","",""
"VP OPERATIONS","VICE PRESIDENT OF OPERATIONS","",""
"VP, OPERATIONS","VICE PRESIDENT OF OPERATIONS","",""
"VPO","VICE PRESIDENT OF OPERATIONS","",""
"SENIOR VICE PRESIDENT OF PRODUCTION","VICE PRESIDENT OF PRODUCTION","superior","senior"
"VICE PRESIDENT OF PRODUCTION","VICE PRESIDENT OF PRODUCTION","",""
"VICE PRESIDENT AND PROGRAMS","VICE PRESIDENT OF PROGRAMS","",""
"VICE PRESIDENT OF EDUCATION PROGRAMS","VICE PRESIDENT OF PROGRAMS","",""
"VICE PRESIDENT OF PROGRAMMING","VICE PRESIDENT OF PROGRAMS","",""
"VICE PRESIDENT OF PROGRAMS","VICE PRESIDENT OF PROGRAMS","",""
"VICE PRESIDENT PROGRAMMING","VICE PRESIDENT OF PROGRAMS","",""
"VICE PRESIDENT PROGRAMS","VICE PRESIDENT OF PROGRAMS","",""
"PROJECTS VICE PRESIDENT","VICE PRESIDENT OF PROJECTS","",""
"VICE PRESIDENT PROJECTS","VICE PRESIDENT OF PROJECTS","",""
"VICE PRESIDENT OF PUBLIC AFFAIRS","VICE PRESIDENT OF PUBLIC RELATIONS","",""
"VICE PRESIDENT OF PUBLIC RELATIONS","VICE PRESIDENT OF PUBLIC RELATIONS","",""
"VICE PRESIDENT OF PUBLICITY","VICE PRESIDENT OF PUBLICITY","",""
"VICE PRESIDENT OF REAL ESTATE DEVELOPMENT","VICE PRESIDENT OF REAL ESTATE DEVELOPMENT","",""
"VICE PRESIDENT OF RESEARCH","VICE PRESIDENT OF RESEARCH","",""
"VICE PRESIDENT RISK MANGEMT","VICE PRESIDENT OF RISK MANAGEMENT","",""
"VICE PRESIDENT OF EARNED INCOME","VICE PRESIDENT OF SALES","",""
"VICE PRESIDENT OF SALES","VICE PRESIDENT OF SALES","",""
"VICE PRESIDENT OF SALES AND MARKETING","VICE PRESIDENT OF SALES","",""
"VICE PRESIDENT SALES","VICE PRESIDENT OF SALES","",""
"VICE PRESIDENT, SALES","VICE PRESIDENT OF SALES","",""
"VP SALES","VICE PRESIDENT OF SALES","",""
"VP, SALES","VICE PRESIDENT OF SALES","",""
"VICE PRESIDENT SOFTBALL","VICE PRESIDENT OF SOFTBALL","",""
"VICE PRESIDENT OF STANDARDS AND VALUES","VICE PRESIDENT OF STANDARDS AND VALUES","",""
"DIRECTOR OF STRATEGY OPERATIONS","VICE PRESIDENT OF STRATEGY","",""
"VICE PRESIDENT OF SPECIAL PROJECTS","VICE PRESIDENT OF STRATEGY","",""
"VICE PRESIDENT OF STRATEGY","VICE PRESIDENT OF STRATEGY","",""
"VICE PRESIDENT OF STRATEGY INITATIVES","VICE PRESIDENT OF STRATEGY","",""
"VICE PRESIDENT OF STRATEGY INITIATIVES","VICE PRESIDENT OF STRATEGY","",""
"VICE PRESIDENT OF STRATEGY PARTNERSHIPS","VICE PRESIDENT OF STRATEGY","",""
"VICE PRESIDENT OF STRATEGY PLANNING","VICE PRESIDENT OF STRATEGY","",""
"VICE PRESIDENT OF TECHNOLOGY","VICE PRESIDENT OF TECHNOLOGY","",""
"VICE PRESIDENT VOLUNTEERS","VICE PRESIDENT OF VOLUNTEERS","",""
"VICE REGENT","VICE REGENT","",""
"VOLUNTEER","VOLUNTEER","",""
"VOLUNTEER COORDINATOR","VOLUNTEER COORDINATOR","",""
"VOLUNTEER DIRECTOR","VOLUNTEER DIRECTOR","",""
"SENIOR GRAND WARDEN","WARDEN","superior","senior"
"WARDEN","WARDEN","",""
"WEBMASTER","WEBMASTER","",""
"WEBSITE","WEBMASTER","",""
"WRITER","WRITER","",""
"YOURTH DIRECTOR","YOUTH DIRECTOR","",""
"ASSISTANT VICE PRESIDENT OF BRANCH OPERATIONS","VICE PRESIDENT","subordinate","assistant"
"ASSISTANT VICE PRESIDENT OF COMMUNICATIONS","VICE PRESIDENT","subordinate","assistant"
"ASSISTANT VICE PRESIDENT OF DEVELOPMENT","VICE PRESIDENT","subordinate","assistant"
"ASSISTANT VICE PRESIDENT OF EDUCATION","VICE PRESIDENT","subordinate","assistant"
"ASSISTANT VICE PRESIDENT OF FINANCE","VICE PRESIDENT","subordinate","assistant"
"ASSISTANT VICE PRESIDENT OF FUNDRAISING","VICE PRESIDENT","subordinate","assistant"
"ASSISTANT VICE PRESIDENT OF HUMAN RESOURCES","VICE PRESIDENT","subordinate","assistant"
"ASSISTANT VICE PRESIDENT OF INFORMATION TECHNOLOGY","VICE PRESIDENT","subordinate","assistant"
"ASSISTANT VICE PRESIDENT OF IT","VICE PRESIDENT","subordinate","assistant"
"ASSISTANT VICE PRESIDENT OF MARKETING","VICE PRESIDENT","subordinate","assistant"
"ASSISTANT VICE PRESIDENT OF MEMBERSHIP","VICE PRESIDENT","subordinate","assistant"
"ASSISTANT VICE PRESIDENT OF OPERATIONS","VICE PRESIDENT","subordinate","assistant"
"ASSISTANT VICE PRESIDENT OF PHILANTHROPY","VICE PRESIDENT","subordinate","assistant"
"ASSISTANT VICE PRESIDENT OF PROJECTS MANAGEMENT","VICE PRESIDENT","subordinate","assistant"
"ASSISTANT VICE PRESIDENT OF TALENT AND LEADERSHIP DEVELOPMENT","VICE PRESIDENT","subordinate","assistant"
"ASSOCIATE VICE PRESIDENT OF DEVELOPMENT","VICE PRESIDENT","subordinate","associate"
"ASSOCIATE VICE PRESIDENT OF FINANCE","VICE PRESIDENT","subordinate","associate"
"ASSOCIATE VICE PRESIDENT OF MARKETING AND COMMUNICATIONS","VICE PRESIDENT","subordinate","associate"
"ASSOCIATE VICE PRESIDENT OF OPERATIONS","VICE PRESIDENT","subordinate","associate"
"ASSOCIATE VICE PRESIDENT OF PROGRAMS","VICE PRESIDENT","subordinate","associate"
"CO-VICE PRESIDENT OF COMMITTEE","VICE PRESIDENT","duplex","co"
"CO-VICE PRESIDENT OF COMMUNICATIONS","VICE PRESIDENT","duplex","co"
"CO-VICE PRESIDENT OF DEVELOPMENT","VICE PRESIDENT","duplex","co"
"CO-VICE PRESIDENT OF EDUCATION","VICE PRESIDENT","duplex","co"
"CO-VICE PRESIDENT OF EVENTS","VICE PRESIDENT","duplex","co"
"CO-VICE PRESIDENT OF FAMILY EVENTS","VICE PRESIDENT","duplex","co"
"CO-VICE PRESIDENT OF FINANCE","VICE PRESIDENT","duplex","co"
"CO-VICE PRESIDENT OF FUNDRAISING","VICE PRESIDENT","duplex","co"
"CO-VICE PRESIDENT OF MEMBERSHIP","VICE PRESIDENT","duplex","co"
"CO-VICE PRESIDENT OF OPERATIONS","VICE PRESIDENT","duplex","co"
"CO-VICE PRESIDENT OF PROGRAMS","VICE PRESIDENT","duplex","co"
"CO-VICE PRESIDENT OF PUBLIC","VICE PRESIDENT","duplex","co"
"CO-VICE PRESIDENT OF SCHOOL SERVICES","VICE PRESIDENT","duplex","co"
"CO-VICE PRESIDENT OF SOCIAL EVENTS","VICE PRESIDENT","duplex","co"
"CO-VICE PRESIDENT OF STUDENT ACTIVITIES","VICE PRESIDENT","duplex","co"
"CO-VICE PRESIDENT OF TECHNOLOGY","VICE PRESIDENT","duplex","co"
"COLLEGIATE VICE PRESIDENT OF COMMUNICATIONS","VICE PRESIDENT","",""
"COLLEGIATE VICE PRESIDENT OF EDUCATION","VICE PRESIDENT","",""
"COLLEGIATE VICE PRESIDENT OF FINANCE","VICE PRESIDENT","",""
"COLLEGIATE VICE PRESIDENT OF MEMBERSHIP EXPERIENCE","VICE PRESIDENT","",""
"COLLEGIATE VICE PRESIDENT OF PROGRAMMING","VICE PRESIDENT","",""
"COLLEGIATE VICE PRESIDENT OF RECRUITMENT","VICE PRESIDENT","",""
"CORP VICE PRESIDENT OF GOV AND LEGAL AFF","VICE PRESIDENT","",""
"DIV VICE PRESIDENT OF COMMITTEE","VICE PRESIDENT","",""
"DIV VICE PRESIDENT OF DEVELOPMENT","VICE PRESIDENT","",""
"EXECUTIVE VICE PRESIDENT OF","VICE PRESIDENT","superior","executive"
"EXECUTIVE VICE PRESIDENT OF ADMINISTRATION","VICE PRESIDENT","superior","executive"
"EXECUTIVE VICE PRESIDENT OF BUSINESS DEVELOPMENT","VICE PRESIDENT","superior","executive"
"EXECUTIVE VICE PRESIDENT OF BUSINESS OPERATIONS","VICE PRESIDENT","superior","executive"
"EXECUTIVE VICE PRESIDENT OF CHIEF ADMINISTRATION","VICE PRESIDENT","superior","executive"
"EXECUTIVE VICE PRESIDENT OF CHIEF BUSINESS AND STRATEGY","VICE PRESIDENT","superior","executive"
"EXECUTIVE VICE PRESIDENT OF CHIEF BUSINESS STRATEGY","VICE PRESIDENT","superior","executive"
"EXECUTIVE VICE PRESIDENT OF CHIEF LEGAL OFFICER","VICE PRESIDENT","superior","executive"
"EXECUTIVE VICE PRESIDENT OF CHIEF MARKETING OFFICER","VICE PRESIDENT","superior","executive"
"EXECUTIVE VICE PRESIDENT OF CIO","VICE PRESIDENT","superior","executive"
"EXECUTIVE VICE PRESIDENT OF CLO","VICE PRESIDENT","superior","executive"
"EXECUTIVE VICE PRESIDENT OF CMO","VICE PRESIDENT","superior","executive"
"EXECUTIVE VICE PRESIDENT OF CO-CHIEF LEGAL OFFICER","VICE PRESIDENT","superior","executive"
"EXECUTIVE VICE PRESIDENT OF COMMONBOND HOUSING","VICE PRESIDENT","superior","executive"
"EXECUTIVE VICE PRESIDENT OF COMMUNICATIONS","VICE PRESIDENT","superior","executive"
"EXECUTIVE VICE PRESIDENT OF CONTINUING CARE","VICE PRESIDENT","superior","executive"
"EXECUTIVE VICE PRESIDENT OF COUNSEL","VICE PRESIDENT","superior","executive"
"EXECUTIVE VICE PRESIDENT OF CSO","VICE PRESIDENT","superior","executive"
"EXECUTIVE VICE PRESIDENT OF DEVELOPMENT","VICE PRESIDENT","superior","executive"
"EXECUTIVE VICE PRESIDENT OF ENTERPRISE MANAGEMENT","VICE PRESIDENT","superior","executive"
"EXECUTIVE VICE PRESIDENT OF ENTERPRISE SERVICES","VICE PRESIDENT","superior","executive"
"EXECUTIVE VICE PRESIDENT OF EXTERNAL AFFAIRS","VICE PRESIDENT","superior","executive"
"EXECUTIVE VICE PRESIDENT OF FINANCE","VICE PRESIDENT","superior","executive"
"EXECUTIVE VICE PRESIDENT OF FINANCE AND ADMINISTRATION","VICE PRESIDENT","superior","executive"
"EXECUTIVE VICE PRESIDENT OF FINANCE AND OPERATIONS","VICE PRESIDENT","superior","executive"
"EXECUTIVE VICE PRESIDENT OF FOUNDATION","VICE PRESIDENT","superior","executive"
"EXECUTIVE VICE PRESIDENT OF GOVERNMENT AFFAIRS","VICE PRESIDENT","superior","executive"
"EXECUTIVE VICE PRESIDENT OF GROUP PRESIDENT","VICE PRESIDENT","superior","executive"
"EXECUTIVE VICE PRESIDENT OF GROUP PRESIDENT AND MOC","VICE PRESIDENT","superior","executive"
"EXECUTIVE VICE PRESIDENT OF HEALTH PLAN","VICE PRESIDENT","superior","executive"
"EXECUTIVE VICE PRESIDENT OF HEALTH PLAN OPERATIONS AND CGO","VICE PRESIDENT","superior","executive"
"EXECUTIVE VICE PRESIDENT OF HUMAN RESOURCES","VICE PRESIDENT","superior","executive"
"EXECUTIVE VICE PRESIDENT OF INFORMATION TECHNOLOGY","VICE PRESIDENT","superior","executive"
"EXECUTIVE VICE PRESIDENT OF LEGAL","VICE PRESIDENT","superior","executive"
"EXECUTIVE VICE PRESIDENT OF MARKETING","VICE PRESIDENT","superior","executive"
"EXECUTIVE VICE PRESIDENT OF OPERATIONS","VICE PRESIDENT","superior","executive"
"EXECUTIVE VICE PRESIDENT OF PEOPLE AND CULTURE","VICE PRESIDENT","superior","executive"
"EXECUTIVE VICE PRESIDENT OF PHILANTHROPY","VICE PRESIDENT","superior","executive"
"EXECUTIVE VICE PRESIDENT OF PROGRAMS","VICE PRESIDENT","superior","executive"
"EXECUTIVE VICE PRESIDENT OF PUBLIC AFFAIRS","VICE PRESIDENT","superior","executive"
"EXECUTIVE VICE PRESIDENT OF REAL ESTATE","VICE PRESIDENT","superior","executive"
"EXECUTIVE VICE PRESIDENT OF REGIONAL","VICE PRESIDENT","superior","executive"
"EXECUTIVE VICE PRESIDENT OF SALES AND MARKETING","VICE PRESIDENT","superior","executive"
"EXECUTIVE VICE PRESIDENT OF SECRETARY","VICE PRESIDENT","superior","executive"
"EXECUTIVE VICE PRESIDENT OF STRATEGY","VICE PRESIDENT","superior","executive"
"EXECUTIVE VICE PRESIDENT OF SYSTEMS AMBULATORY OPERATIONS","VICE PRESIDENT","superior","executive"
"EXECUTIVE VICE PRESIDENT OF SYSTEMS CAO","VICE PRESIDENT","superior","executive"
"EXECUTIVE VICE PRESIDENT OF SYSTEMS CFO","VICE PRESIDENT","superior","executive"
"EXECUTIVE VICE PRESIDENT OF SYSTEMS CHIEF CLINICAL OFFICER","VICE PRESIDENT","superior","executive"
"FMR VICE PRESIDENT OF DEVELOPMENT","VICE PRESIDENT","",""
"FRMR EXECUTIVE VICE PRESIDENT OF CE HOME AND COMMITTEE CARE","VICE PRESIDENT","",""
"KE VICE PRESIDENT OF OPERATIONS","VICE PRESIDENT","",""
"MCC VICE PRESIDENT OF COMMITTEE","VICE PRESIDENT","",""
"MCC VICE PRESIDENT OF DEVELOPMENT","VICE PRESIDENT","",""
"MCC VICE PRESIDENT OF OPERATIONS","VICE PRESIDENT","",""
"MEDICAL VICE PRESIDENT OF AMBULATORY SERVICES","VICE PRESIDENT","",""
"MEDICAL VICE PRESIDENT OF CROSS FUNCTIONAL CARE","VICE PRESIDENT","",""
"REGIONAL VICE PRESIDENT OF","VICE PRESIDENT","regional","regional"
"REGIONAL VICE PRESIDENT OF FINANCE","VICE PRESIDENT","regional","regional"
"REGIONAL VICE PRESIDENT OF OPERATIONS","VICE PRESIDENT","regional","regional"
"REGIONAL VICE PRESIDENT OF REGIONAL","VICE PRESIDENT","regional","regional"
"SENIOR VICE PRESIDENT OF AAT","VICE PRESIDENT","superior","senior"
"SENIOR VICE PRESIDENT OF ACCOUNTING AND FINANCE","VICE PRESIDENT","superior","senior"
"SENIOR VICE PRESIDENT OF ACCREDITATION","VICE PRESIDENT","superior","senior"
"SENIOR VICE PRESIDENT OF ACUTE CARE","VICE PRESIDENT","superior","senior"
"SENIOR VICE PRESIDENT OF ADMINISTRATION","VICE PRESIDENT","superior","senior"
"SENIOR VICE PRESIDENT OF ADVISORY AND SPECIAL INITIATIVES","VICE PRESIDENT","superior","senior"
"SENIOR VICE PRESIDENT OF ADVOCACY","VICE PRESIDENT","superior","senior"
"SENIOR VICE PRESIDENT OF AFFORDABLE HOUSING","VICE PRESIDENT","superior","senior"
"SENIOR VICE PRESIDENT OF ASSET MANAGEMENT","VICE PRESIDENT","superior","senior"
"SENIOR VICE PRESIDENT OF BRANCH ADMINISTRATION","VICE PRESIDENT","superior","senior"
"SENIOR VICE PRESIDENT OF BRANCH OPERATIONS","VICE PRESIDENT","superior","senior"
"SENIOR VICE PRESIDENT OF BUSINESS OPERATIONS","VICE PRESIDENT","superior","senior"
"SENIOR VICE PRESIDENT OF BUSINESS PLANNING AND OPERATIONS","VICE PRESIDENT","superior","senior"
"SENIOR VICE PRESIDENT OF BUSINESS SERVICES","VICE PRESIDENT","superior","senior"
"SENIOR VICE PRESIDENT OF CHIEF BUSINESS CONT AND CRISIS MANAGEMENT","VICE PRESIDENT","superior","senior"
"SENIOR VICE PRESIDENT OF CHIEF BUSINESS CONTINUITY AND CRI","VICE PRESIDENT","superior","senior"
"SENIOR VICE PRESIDENT OF CHIEF HUMAN RESOURCES","VICE PRESIDENT","superior","senior"
"SENIOR VICE PRESIDENT OF CHIEF HUMAN RESOURCES OFFICER","VICE PRESIDENT","superior","senior"
"SENIOR VICE PRESIDENT OF CHIEF LEGAL OFFICER","VICE PRESIDENT","superior","senior"
"SENIOR VICE PRESIDENT OF CHIEF MARKETING","VICE PRESIDENT","superior","senior"
"SENIOR VICE PRESIDENT OF CHIEF MARKETING OFFICER","VICE PRESIDENT","superior","senior"
"SENIOR VICE PRESIDENT OF CHIEF TECHNOLOGY OFFICER","VICE PRESIDENT","superior","senior"
"SENIOR VICE PRESIDENT OF CHRO","VICE PRESIDENT","superior","senior"
"SENIOR VICE PRESIDENT OF CIO","VICE PRESIDENT","superior","senior"
"SENIOR VICE PRESIDENT OF CLINICAL OPERATIONS","VICE PRESIDENT","superior","senior"
"SENIOR VICE PRESIDENT OF CLINICAL SERVICES","VICE PRESIDENT","superior","senior"
"SENIOR VICE PRESIDENT OF CLO","VICE PRESIDENT","superior","senior"
"SENIOR VICE PRESIDENT OF COMMERCIAL LENDING","VICE PRESIDENT","superior","senior"
"SENIOR VICE PRESIDENT OF COMMERCIAL LENDING AND TEAM LEADER","VICE PRESIDENT","superior","senior"
"SENIOR VICE PRESIDENT OF COMMITTEE AND MARKETING","VICE PRESIDENT","superior","senior"
"SENIOR VICE PRESIDENT OF COMMUNICATIONS","VICE PRESIDENT","superior","senior"
"SENIOR VICE PRESIDENT OF COMMUNICATIONS AND MARKETING","VICE PRESIDENT","superior","senior"
"SENIOR VICE PRESIDENT OF CONSTRUCTION","VICE PRESIDENT","superior","senior"
"SENIOR VICE PRESIDENT OF CONSULTANT LENDING","VICE PRESIDENT","superior","senior"
"SENIOR VICE PRESIDENT OF CONTROLLER","VICE PRESIDENT","superior","senior"
"SENIOR VICE PRESIDENT OF CORPORATE CONTROLLER","VICE PRESIDENT","superior","senior"
"SENIOR VICE PRESIDENT OF CORPORATE TREASURER","VICE PRESIDENT","superior","senior"
"SENIOR VICE PRESIDENT OF DEPUTY GENERAL COUN","VICE PRESIDENT","superior","senior"
"SENIOR VICE PRESIDENT OF DEPUTY GENERAL COUN AND DEPUTY CLO","VICE PRESIDENT","superior","senior"
"SENIOR VICE PRESIDENT OF EDUCATION","VICE PRESIDENT","superior","senior"
"SENIOR VICE PRESIDENT OF EXTERNAL AFFAIRS","VICE PRESIDENT","superior","senior"
"SENIOR VICE PRESIDENT OF FINANCE AND ACCOUNTING","VICE PRESIDENT","superior","senior"
"SENIOR VICE PRESIDENT OF FINANCE AND OPERATIONS","VICE PRESIDENT","superior","senior"
"SENIOR VICE PRESIDENT OF FOUNDATION","VICE PRESIDENT","superior","senior"
"SENIOR VICE PRESIDENT OF GOVERNMENT'TRUSTEE RELATIONS","VICE PRESIDENT","superior","senior"
"SENIOR VICE PRESIDENT OF GOVERNMENT AFFAIRS","VICE PRESIDENT","superior","senior"
"SENIOR VICE PRESIDENT OF GOVERNMENT RELATIONS","VICE PRESIDENT","superior","senior"
"SENIOR VICE PRESIDENT OF GROWTH","VICE PRESIDENT","superior","senior"
"SENIOR VICE PRESIDENT OF HUMAN RESOURCES AND ADMINISTRATION","VICE PRESIDENT","superior","senior"
"SENIOR VICE PRESIDENT OF INFORMATION TECHNOLOGY","VICE PRESIDENT","superior","senior"
"SENIOR VICE PRESIDENT OF IT","VICE PRESIDENT","superior","senior"
"SENIOR VICE PRESIDENT OF LEGAL","VICE PRESIDENT","superior","senior"
"SENIOR VICE PRESIDENT OF LEGAL AND LEG AFFAIRS","VICE PRESIDENT","superior","senior"
"SENIOR VICE PRESIDENT OF LEGAL COUNSEL","VICE PRESIDENT","superior","senior"
"SENIOR VICE PRESIDENT OF LENDING","VICE PRESIDENT","superior","senior"
"SENIOR VICE PRESIDENT OF MANAGED CARE","VICE PRESIDENT","superior","senior"
"SENIOR VICE PRESIDENT OF MARKETING","VICE PRESIDENT","superior","senior"
"SENIOR VICE PRESIDENT OF MARKETING AND COMMITTEE","VICE PRESIDENT","superior","senior"
"SENIOR VICE PRESIDENT OF MARKETING AND COMMUNICATIONS","VICE PRESIDENT","superior","senior"
"SENIOR VICE PRESIDENT OF MARKETING AND DEVELOPMENT","VICE PRESIDENT","superior","senior"
"SENIOR VICE PRESIDENT OF MEDICAL AFFAIRS","VICE PRESIDENT","superior","senior"
"SENIOR VICE PRESIDENT OF MEMBER EXPERIENCE","VICE PRESIDENT","superior","senior"
"SENIOR VICE PRESIDENT OF MEMBER SERVICES","VICE PRESIDENT","superior","senior"
"SENIOR VICE PRESIDENT OF MEMBERSHIP","VICE PRESIDENT","superior","senior"
"SENIOR VICE PRESIDENT OF MEMBERSHIP AND MARKETING","VICE PRESIDENT","superior","senior"
"SENIOR VICE PRESIDENT OF NFS","VICE PRESIDENT","superior","senior"
"SENIOR VICE PRESIDENT OF ORGANIZATIONAL DEVELOPMENT","VICE PRESIDENT","superior","senior"
"SENIOR VICE PRESIDENT OF PEOPLE AND CULTURE","VICE PRESIDENT","superior","senior"
"SENIOR VICE PRESIDENT OF PHILANTHROPY","VICE PRESIDENT","superior","senior"
"SENIOR VICE PRESIDENT OF POLICY","VICE PRESIDENT","superior","senior"
"SENIOR VICE PRESIDENT OF PRODUCT DEVELOPMENT AND MARKETING EXPERIENCE","VICE PRESIDENT","superior","senior"
"SENIOR VICE PRESIDENT OF PROGRAMS","VICE PRESIDENT","superior","senior"
"SENIOR VICE PRESIDENT OF PROGRAMS OPERATIONS","VICE PRESIDENT","superior","senior"
"SENIOR VICE PRESIDENT OF PUBLIC AFFAIRS","VICE PRESIDENT","superior","senior"
"SENIOR VICE PRESIDENT OF PUBLIC POLICY","VICE PRESIDENT","superior","senior"
"SENIOR VICE PRESIDENT OF PUBLIC RELATIONS","VICE PRESIDENT","superior","senior"
"SENIOR VICE PRESIDENT OF QUALITY","VICE PRESIDENT","superior","senior"
"SENIOR VICE PRESIDENT OF REAL ESTATE","VICE PRESIDENT","superior","senior"
"SENIOR VICE PRESIDENT OF REAL ESTATE AND DEVELOPMENT SVCS","VICE PRESIDENT","superior","senior"
"SENIOR VICE PRESIDENT OF REAL ESTATE DEVELOPMENT","VICE PRESIDENT","superior","senior"
"SENIOR VICE PRESIDENT OF REAL ESTATE SERVICES","VICE PRESIDENT","superior","senior"
"SENIOR VICE PRESIDENT OF REGIONAL","VICE PRESIDENT","superior","senior"
"SENIOR VICE PRESIDENT OF REGULATORY AFFAIRS","VICE PRESIDENT","superior","senior"
"SENIOR VICE PRESIDENT OF RESEARCH","VICE PRESIDENT","superior","senior"
"SENIOR VICE PRESIDENT OF RETAIL OPERATIONS","VICE PRESIDENT","superior","senior"
"SENIOR VICE PRESIDENT OF RISK MANAGEMENT","VICE PRESIDENT","superior","senior"
"SENIOR VICE PRESIDENT OF RMC","VICE PRESIDENT","superior","senior"
"SENIOR VICE PRESIDENT OF RMC AND BUSINESS","VICE PRESIDENT","superior","senior"
"SENIOR VICE PRESIDENT OF SALES","VICE PRESIDENT","superior","senior"
"SENIOR VICE PRESIDENT OF SALES AND MARKETING","VICE PRESIDENT","superior","senior"
"SENIOR VICE PRESIDENT OF STRATEGY","VICE PRESIDENT","superior","senior"
"SENIOR VICE PRESIDENT OF STRATEGY AND COMMITTEE","VICE PRESIDENT","superior","senior"
"SENIOR VICE PRESIDENT OF STRATEGY COMMUNICATIONS","VICE PRESIDENT","superior","senior"
"SENIOR VICE PRESIDENT OF STRATEGY INITIATIVES","VICE PRESIDENT","superior","senior"
"SENIOR VICE PRESIDENT OF STRATEGY PARTNERSHIPS","VICE PRESIDENT","superior","senior"
"SENIOR VICE PRESIDENT OF STRATEGY PLANNING","VICE PRESIDENT","superior","senior"
"SENIOR VICE PRESIDENT OF SURGICAL SERVICES AND AMBULATORY CARE","VICE PRESIDENT","superior","senior"
"SENIOR VICE PRESIDENT OF SYSTEMS CHIEF RISK OFFICER","VICE PRESIDENT","superior","senior"
"SENIOR VICE PRESIDENT OF SYSTEMS REGIONAL OPERATIONS","VICE PRESIDENT","superior","senior"
"SENIOR VICE PRESIDENT OF TECHNOLOGY","VICE PRESIDENT","superior","senior"
"SENIOR VICE PRESIDENT OF WORKFORCE EXECUTIVE","VICE PRESIDENT","superior","senior"
"SENIOR VICE PRESIDENT OF YOUTH DEVELOPMENT","VICE PRESIDENT","superior","senior"
"SPHP SENIOR VICE PRESIDENT OF HOSPITAL OPERATIONS","VICE PRESIDENT","",""
"SYSTEMS SENIOR VICE PRESIDENT OF OPERATIONS","VICE PRESIDENT","",""
"SYSTEMS VICE PRESIDENT OF FINANCE","VICE PRESIDENT","",""
"VICE PRESIDENT OF","VICE PRESIDENT","",""
"VICE PRESIDENT OF ACADEMICS","VICE PRESIDENT","",""
"VICE PRESIDENT OF ACCOUNTING","VICE PRESIDENT","",""
"VICE PRESIDENT OF ACCOUNTING AND FINANCE","VICE PRESIDENT","",""
"VICE PRESIDENT OF ACQUIS AND PROJECTS DEVELOPMENT","VICE PRESIDENT","",""
"VICE PRESIDENT OF ACQUISITION AND ASSET MANAGEMENT","VICE PRESIDENT","",""
"VICE PRESIDENT OF ACQUISITIONS","VICE PRESIDENT","",""
"VICE PRESIDENT OF ACTIVITIES","VICE PRESIDENT","",""
"VICE PRESIDENT OF ADMINISTRATION AND FINANCE","VICE PRESIDENT","",""
"VICE PRESIDENT OF ADMINISTRATION OPERATIONS","VICE PRESIDENT","",""
"VICE PRESIDENT OF ADMINISTRATIVE SERVICES","VICE PRESIDENT","",""
"VICE PRESIDENT OF ADMISSIONS","VICE PRESIDENT","",""
"VICE PRESIDENT OF ADVANCEMENT AND COMMUNICATIONS","VICE PRESIDENT","",""
"VICE PRESIDENT OF ADVOCACY","VICE PRESIDENT","",""
"VICE PRESIDENT OF AFFAIRS","VICE PRESIDENT","",""
"VICE PRESIDENT OF AFFORDABLE LIVING","VICE PRESIDENT","",""
"VICE PRESIDENT OF ALUMNAE","VICE PRESIDENT","",""
"VICE PRESIDENT OF ALUMNI","VICE PRESIDENT","",""
"VICE PRESIDENT OF ALUMNI AFFAIRS","VICE PRESIDENT","",""
"VICE PRESIDENT OF ALUMNI RELATIONS","VICE PRESIDENT","",""
"VICE PRESIDENT OF AMBULATORY SERVICES","VICE PRESIDENT","",""
"VICE PRESIDENT OF ANALYTICS","VICE PRESIDENT","",""
"VICE PRESIDENT OF ANALYTICS AND TECHNOLOGY","VICE PRESIDENT","",""
"VICE PRESIDENT OF ANIMAL CARE","VICE PRESIDENT","",""
"VICE PRESIDENT OF ARTIST","VICE PRESIDENT","",""
"VICE PRESIDENT OF ARTISTIC IN EDUCATION","VICE PRESIDENT","",""
"VICE PRESIDENT OF ASSET MANAGEMENT","VICE PRESIDENT","",""
"VICE PRESIDENT OF ASSISTANT SECRETARY","VICE PRESIDENT","subordinate","assistant"
"VICE PRESIDENT OF ASSISTANT TREASURER","VICE PRESIDENT","subordinate","assistant"
"VICE PRESIDENT OF ASSOCIATE","VICE PRESIDENT","subordinate","associate"
"VICE PRESIDENT OF ASSOCIATE AFFAIRS","VICE PRESIDENT","subordinate","associate"
"VICE PRESIDENT OF ATHLETICS","VICE PRESIDENT","",""
"VICE PRESIDENT OF AWARDS","VICE PRESIDENT","",""
"VICE PRESIDENT OF BAND","VICE PRESIDENT","",""
"VICE PRESIDENT OF BASEBA","VICE PRESIDENT","",""
"VICE PRESIDENT OF BASEBALL","VICE PRESIDENT","",""
"VICE PRESIDENT OF BASEBALL OPERATIONS","VICE PRESIDENT","",""
"VICE PRESIDENT OF BOARD AND CORP GOV AND ASSISTANT SECRETARY","VICE PRESIDENT","subordinate","assistant"
"VICE PRESIDENT OF BOARD MEMBER","VICE PRESIDENT","",""
"VICE PRESIDENT OF BOARD OF DIRECTOR","VICE PRESIDENT","",""
"VICE PRESIDENT OF BOARD OF TRUSTEES","VICE PRESIDENT","",""
"VICE PRESIDENT OF BOOSTER SALES","VICE PRESIDENT","",""
"VICE PRESIDENT OF BRANCH OPERATIONS","VICE PRESIDENT","",""
"VICE PRESIDENT OF BROTHERHOOD","VICE PRESIDENT","",""
"VICE PRESIDENT OF BUDGET AND FINANCE","VICE PRESIDENT","",""
"VICE PRESIDENT OF BUSINESS AFFAIRS","VICE PRESIDENT","",""
"VICE PRESIDENT OF BUSINESS AGENT","VICE PRESIDENT","",""
"VICE PRESIDENT OF BUSINESS AGT","VICE PRESIDENT","",""
"VICE PRESIDENT OF BUSINESS DIRECTOR","VICE PRESIDENT","",""
"VICE PRESIDENT OF BUSINESS INTELLIGENCE","VICE PRESIDENT","",""
"VICE PRESIDENT OF BUSINESS LENDING","VICE PRESIDENT","",""
"VICE PRESIDENT OF BUSINESS REPRESENTATIVE","VICE PRESIDENT","",""
"VICE PRESIDENT OF BUSINESS SERVICES","VICE PRESIDENT","",""
"VICE PRESIDENT OF BUSINESS SOLUTIONS","VICE PRESIDENT","",""
"VICE PRESIDENT OF CAMPING","VICE PRESIDENT","",""
"VICE PRESIDENT OF CAREER DEVELOPMENT","VICE PRESIDENT","",""
"VICE PRESIDENT OF CEO","VICE PRESIDENT","",""
"VICE PRESIDENT OF CHARGER PARTNERS","VICE PRESIDENT","",""
"VICE PRESIDENT OF CHEER","VICE PRESIDENT","",""
"VICE PRESIDENT OF CHIEF HUMAN RESOURCES","VICE PRESIDENT","",""
"VICE PRESIDENT OF CHIEF STRATEGY AND DEVELOPMENT","VICE PRESIDENT","",""
"VICE PRESIDENT OF CIO","VICE PRESIDENT","",""
"VICE PRESIDENT OF CIV","VICE PRESIDENT","",""
"VICE PRESIDENT OF CLERK","VICE PRESIDENT","",""
"VICE PRESIDENT OF CLIENT SERVICES","VICE PRESIDENT","",""
"VICE PRESIDENT OF CLINIC","VICE PRESIDENT","",""
"VICE PRESIDENT OF CLINICAL","VICE PRESIDENT","",""
"VICE PRESIDENT OF CLINICAL AFFAIRS","VICE PRESIDENT","",""
"VICE PRESIDENT OF CLINICAL EXECUTIVE","VICE PRESIDENT","",""
"VICE PRESIDENT OF CLINICAL OPERATIONS","VICE PRESIDENT","",""
"VICE PRESIDENT OF CLINICAL QUALITY","VICE PRESIDENT","",""
"VICE PRESIDENT OF CLINICAL QUALITY IMP","VICE PRESIDENT","",""
"VICE PRESIDENT OF CLINICAL SERVICES","VICE PRESIDENT","",""
"VICE PRESIDENT OF CMO","VICE PRESIDENT","",""
"VICE PRESIDENT OF COMMERCIAL LENDING","VICE PRESIDENT","",""
"VICE PRESIDENT OF COMMERCIAL SERVICES","VICE PRESIDENT","",""
"VICE PRESIDENT OF COMMITTEE AND MARKETING","VICE PRESIDENT","",""
"VICE PRESIDENT OF COMMITTEE AND TECHNOLOGY","VICE PRESIDENT","",""
"VICE PRESIDENT OF COMMITTEE DEVELOPMENT","VICE PRESIDENT","",""
"VICE PRESIDENT OF COMMITTEE OUTREACH","VICE PRESIDENT","",""
"VICE PRESIDENT OF COMMUNICATIONS AND MARKETING","VICE PRESIDENT","",""
"VICE PRESIDENT OF COMMUNICATIONS AND MEMBERSHIP","VICE PRESIDENT","",""
"VICE PRESIDENT OF COMMUNICATIONS AND OUTREACH","VICE PRESIDENT","",""
"VICE PRESIDENT OF COMMUNICATIONS AND STRATEGY","VICE PRESIDENT","",""
"VICE PRESIDENT OF COMMUNICATIONS AND TECHNOLOGY","VICE PRESIDENT","",""
"VICE PRESIDENT OF COMMUNITY","VICE PRESIDENT","",""
"VICE PRESIDENT OF COMMUNITY AFFAIRS","VICE PRESIDENT","",""
"VICE PRESIDENT OF COMMUNITY BUILDING","VICE PRESIDENT","",""
"VICE PRESIDENT OF COMMUNITY DEVELOPMENT","VICE PRESIDENT","",""
"VICE PRESIDENT OF COMMUNITY ENGAGEMENT","VICE PRESIDENT","",""
"VICE PRESIDENT OF COMMUNITY EVENTS","VICE PRESIDENT","",""
"VICE PRESIDENT OF COMMUNITY IMPACT","VICE PRESIDENT","",""
"VICE PRESIDENT OF COMMUNITY INVESTMENT","VICE PRESIDENT","",""
"VICE PRESIDENT OF COMMUNITY OPERATIONS","VICE PRESIDENT","",""
"VICE PRESIDENT OF COMMUNITY OUTREACH","VICE PRESIDENT","",""
"VICE PRESIDENT OF COMMUNITY PROGRAMS","VICE PRESIDENT","",""
"VICE PRESIDENT OF COMMUNITY RELATIONS","VICE PRESIDENT","",""
"VICE PRESIDENT OF COMMUNITY SERVICE","VICE PRESIDENT","",""
"VICE PRESIDENT OF COMMUNITY SERVICES","VICE PRESIDENT","",""
"VICE PRESIDENT OF COMPETITION","VICE PRESIDENT","",""
"VICE PRESIDENT OF COMPETITIVE","VICE PRESIDENT","",""
"VICE PRESIDENT OF COMPLIANCE","VICE PRESIDENT","",""
"VICE PRESIDENT OF COMPLIANCE AND RISK","VICE PRESIDENT","",""
"VICE PRESIDENT OF CONCES","VICE PRESIDENT","",""
"VICE PRESIDENT OF CONCESSIONS","VICE PRESIDENT","",""
"VICE PRESIDENT OF CONFERENCE PLANNING","VICE PRESIDENT","",""
"VICE PRESIDENT OF CONFERENCES","VICE PRESIDENT","",""
"VICE PRESIDENT OF CONSERVATION","VICE PRESIDENT","",""
"VICE PRESIDENT OF CONSTRUCTION","VICE PRESIDENT","",""
"VICE PRESIDENT OF CONSTRUCTION AND FACILITY SERVICES","VICE PRESIDENT","",""
"VICE PRESIDENT OF CONSULTANT EXPERIENCE","VICE PRESIDENT","",""
"VICE PRESIDENT OF CONSULTANT LENDING","VICE PRESIDENT","",""
"VICE PRESIDENT OF CONTENT","VICE PRESIDENT","",""
"VICE PRESIDENT OF CONTINUUM OF CARE","VICE PRESIDENT","",""
"VICE PRESIDENT OF CONTROLLER","VICE PRESIDENT","",""
"VICE PRESIDENT OF CORP","VICE PRESIDENT","",""
"VICE PRESIDENT OF CORP DEVELOPMENT","VICE PRESIDENT","",""
"VICE PRESIDENT OF CORPORATE","VICE PRESIDENT","",""
"VICE PRESIDENT OF CORPORATE AFFAIRS","VICE PRESIDENT","",""
"VICE PRESIDENT OF CORPORATE DEVELOPMENT","VICE PRESIDENT","",""
"VICE PRESIDENT OF CORPORATE PARTNERSHIPS","VICE PRESIDENT","",""
"VICE PRESIDENT OF CORPORATE SERVICES","VICE PRESIDENT","",""
"VICE PRESIDENT OF CREDIT","VICE PRESIDENT","",""
"VICE PRESIDENT OF CTO","VICE PRESIDENT","",""
"VICE PRESIDENT OF CULTURAL ARTIST","VICE PRESIDENT","",""
"VICE PRESIDENT OF CULTURE","VICE PRESIDENT","",""
"VICE PRESIDENT OF CURRICULUM","VICE PRESIDENT","",""
"VICE PRESIDENT OF CUSTOMER EXPERIENCE","VICE PRESIDENT","",""
"VICE PRESIDENT OF DATA ANALYTICS","VICE PRESIDENT","",""
"VICE PRESIDENT OF DATA AND ANALYTICS","VICE PRESIDENT","",""
"VICE PRESIDENT OF DEI","VICE PRESIDENT","",""
"VICE PRESIDENT OF DEPUTY","VICE PRESIDENT","subordinate","deputy"
"VICE PRESIDENT OF DEPUTY GENERAL COUNSEL","VICE PRESIDENT","subordinate","deputy"
"VICE PRESIDENT OF DEPUTY OPERATIONS","VICE PRESIDENT","subordinate","deputy"
"VICE PRESIDENT OF DEVELOPMENT AND COMMITTEE","VICE PRESIDENT","",""
"VICE PRESIDENT OF DEVELOPMENT AND COMMUNICATIONS","VICE PRESIDENT","",""
"VICE PRESIDENT OF DEVELOPMENT AND MARKETING","VICE PRESIDENT","",""
"VICE PRESIDENT OF DEVELOPMENT AND MEMBERSHIP","VICE PRESIDENT","",""
"VICE PRESIDENT OF DEVELOPMENT FINANCE","VICE PRESIDENT","",""
"VICE PRESIDENT OF DEVELOPMENT STRATEGY AND IMPACT","VICE PRESIDENT","",""
"VICE PRESIDENT OF DIGITAL","VICE PRESIDENT","",""
"VICE PRESIDENT OF DIRECTOR","VICE PRESIDENT","",""
"VICE PRESIDENT OF DIVERSITY","VICE PRESIDENT","",""
"VICE PRESIDENT OF DIVERSITY AND EQUITY AND INCLUSION","VICE PRESIDENT","",""
"VICE PRESIDENT OF DONATED GOODS","VICE PRESIDENT","",""
"VICE PRESIDENT OF DONATED GOODS RETAIL","VICE PRESIDENT","",""
"VICE PRESIDENT OF DONOR RELATIONS","VICE PRESIDENT","",""
"VICE PRESIDENT OF DONOR SERVICES","VICE PRESIDENT","",""
"VICE PRESIDENT OF ECONOMIC DEVELOPMENT PROGRAMS","VICE PRESIDENT","",""
"VICE PRESIDENT OF EDUCAT","VICE PRESIDENT","",""
"VICE PRESIDENT OF EDUCATI","VICE PRESIDENT","",""
"VICE PRESIDENT OF EDUCATIO","VICE PRESIDENT","",""
"VICE PRESIDENT OF EDUCATION AND EVENTS","VICE PRESIDENT","",""
"VICE PRESIDENT OF EDUCATION AND TRAINING","VICE PRESIDENT","",""
"VICE PRESIDENT OF EDUCATION SERVICES","VICE PRESIDENT","",""
"VICE PRESIDENT OF EDUCATIONAL PROGRAMS","VICE PRESIDENT","",""
"VICE PRESIDENT OF ELEMENTARY","VICE PRESIDENT","",""
"VICE PRESIDENT OF ENDOWME","VICE PRESIDENT","",""
"VICE PRESIDENT OF ENDOWMENT","VICE PRESIDENT","",""
"VICE PRESIDENT OF ENG AND OPERATIONS","VICE PRESIDENT","",""
"VICE PRESIDENT OF ENGAGEMENT","VICE PRESIDENT","",""
"VICE PRESIDENT OF ENGINE","VICE PRESIDENT","",""
"VICE PRESIDENT OF ENGINEERI","VICE PRESIDENT","",""
"VICE PRESIDENT OF ENGINEERING","VICE PRESIDENT","",""
"VICE PRESIDENT OF ENGINEERING AND OPERATIONS","VICE PRESIDENT","",""
"VICE PRESIDENT OF ENGINEERING SERVICES","VICE PRESIDENT","",""
"VICE PRESIDENT OF ENLISTED AFFAIRS","VICE PRESIDENT","",""
"VICE PRESIDENT OF ENRICHMENT","VICE PRESIDENT","",""
"VICE PRESIDENT OF ENROLLMENT","VICE PRESIDENT","",""
"VICE PRESIDENT OF ENROLLMENT MANAGEMENT","VICE PRESIDENT","",""
"VICE PRESIDENT OF ENTERPRISE RISK MANAGEMENT","VICE PRESIDENT","",""
"VICE PRESIDENT OF EQUIPMENT","VICE PRESIDENT","",""
"VICE PRESIDENT OF EVENT","VICE PRESIDENT","",""
"VICE PRESIDENT OF EVENTS A","VICE PRESIDENT","",""
"VICE PRESIDENT OF EVENTS AN","VICE PRESIDENT","",""
"VICE PRESIDENT OF EVENTS AND PROGRAMMING","VICE PRESIDENT","",""
"VICE PRESIDENT OF EXHIBITIONS","VICE PRESIDENT","",""
"VICE PRESIDENT OF EXPANSION","VICE PRESIDENT","",""
"VICE PRESIDENT OF EXPERIENCE","VICE PRESIDENT","",""
"VICE PRESIDENT OF EXPLORING","VICE PRESIDENT","",""
"VICE PRESIDENT OF EXTERNAL","VICE PRESIDENT","",""
"VICE PRESIDENT OF EXTERNAL COMMUNICATIONS","VICE PRESIDENT","",""
"VICE PRESIDENT OF EXTERNAL RELATIONS","VICE PRESIDENT","",""
"VICE PRESIDENT OF FAMILY ENGAGEMENT","VICE PRESIDENT","",""
"VICE PRESIDENT OF FAMILY EVENTS","VICE PRESIDENT","",""
"VICE PRESIDENT OF FEDERAL AFFAIRS","VICE PRESIDENT","",""
"VICE PRESIDENT OF FIELD OPERATIONS","VICE PRESIDENT","",""
"VICE PRESIDENT OF FIELDS","VICE PRESIDENT","",""
"VICE PRESIDENT OF FINANCE A","VICE PRESIDENT","",""
"VICE PRESIDENT OF FINANCE AFFAIRS","VICE PRESIDENT","",""
"VICE PRESIDENT OF FINANCE AND ACC","VICE PRESIDENT","",""
"VICE PRESIDENT OF FINANCE AND ACCOUNTING","VICE PRESIDENT","",""
"VICE PRESIDENT OF FINANCE AND ADMINISTRATION AND CFO","VICE PRESIDENT","",""
"VICE PRESIDENT OF FINANCE AND GOVERNANCE","VICE PRESIDENT","",""
"VICE PRESIDENT OF FINANCE AND HUMAN RESOURCES","VICE PRESIDENT","",""
"VICE PRESIDENT OF FINANCE AND IT","VICE PRESIDENT","",""
"VICE PRESIDENT OF FINANCE AND REGIONAL","VICE PRESIDENT","regional","regional"
"VICE PRESIDENT OF FINANCE AND TECHNOLOGY","VICE PRESIDENT","",""
"VICE PRESIDENT OF FINANCE CFO","VICE PRESIDENT","",""
"VICE PRESIDENT OF FINANCE CHAIR","VICE PRESIDENT","committee","chair"
"VICE PRESIDENT OF FINANCE DEVELOPMENT","VICE PRESIDENT","",""
"VICE PRESIDENT OF FINANCE OPERATIONS","VICE PRESIDENT","",""
"VICE PRESIDENT OF FINANCE OPERATIONS AND CONT CARE","VICE PRESIDENT","",""
"VICE PRESIDENT OF FINANCE SCH O","VICE PRESIDENT","",""
"VICE PRESIDENT OF FINANCE SECRETARY","VICE PRESIDENT","",""
"VICE PRESIDENT OF FINANCE SERVICES","VICE PRESIDENT","",""
"VICE PRESIDENT OF FISCAL AFFAIRS","VICE PRESIDENT","",""
"VICE PRESIDENT OF FOOTBA","VICE PRESIDENT","",""
"VICE PRESIDENT OF FOOTBALL","VICE PRESIDENT","",""
"VICE PRESIDENT OF FOUNDATION","VICE PRESIDENT","",""
"VICE PRESIDENT OF FOUNDATION AND CDO","VICE PRESIDENT","",""
"VICE PRESIDENT OF FOUNDATION OPERATIONS","VICE PRESIDENT","",""
"VICE PRESIDENT OF FUNDRAI","VICE PRESIDENT","",""
"VICE PRESIDENT OF FUNDRAIS","VICE PRESIDENT","",""
"VICE PRESIDENT OF FUNDRAISI","VICE PRESIDENT","",""
"VICE PRESIDENT OF FUNDRAISING DEVELOPMENT","VICE PRESIDENT","",""
"VICE PRESIDENT OF GLOBAL","VICE PRESIDENT","",""
"VICE PRESIDENT OF GLOBAL DEVELOPMENT","VICE PRESIDENT","",""
"VICE PRESIDENT OF GLOBAL OPERATIONS","VICE PRESIDENT","",""
"VICE PRESIDENT OF GLOBAL PARTNERSHIPS","VICE PRESIDENT","",""
"VICE PRESIDENT OF GLOBAL SERVICES","VICE PRESIDENT","",""
"VICE PRESIDENT OF GOV AFFAIRS","VICE PRESIDENT","",""
"VICE PRESIDENT OF GOV RELATIONS","VICE PRESIDENT","",""
"VICE PRESIDENT OF GOVERN","VICE PRESIDENT","",""
"VICE PRESIDENT OF GOVERNANCE","VICE PRESIDENT","",""
"VICE PRESIDENT OF GOVERNME","VICE PRESIDENT","",""
"VICE PRESIDENT OF GOVERNMENT A","VICE PRESIDENT","",""
"VICE PRESIDENT OF GOVERNMENT AND PUBLIC AFFAIRS","VICE PRESIDENT","",""
"VICE PRESIDENT OF GOVERNMENT RELATIONS","VICE PRESIDENT","",""
"VICE PRESIDENT OF GOVERNMENTAL AFFAIRS","VICE PRESIDENT","",""
"VICE PRESIDENT OF GRADE","VICE PRESIDENT","",""
"VICE PRESIDENT OF GRANTS","VICE PRESIDENT","",""
"VICE PRESIDENT OF GROWTH","VICE PRESIDENT","",""
"VICE PRESIDENT OF GROWTH AND DEVELOPMENT","VICE PRESIDENT","",""
"VICE PRESIDENT OF GUEST EXPERIENCE","VICE PRESIDENT","",""
"VICE PRESIDENT OF HEALTH","VICE PRESIDENT","",""
"VICE PRESIDENT OF HEALTH AND SAFETY","VICE PRESIDENT","",""
"VICE PRESIDENT OF HEALTH AND W","VICE PRESIDENT","",""
"VICE PRESIDENT OF HEALTH AND WELLNESS","VICE PRESIDENT","",""
"VICE PRESIDENT OF HEALTH PLAN OPERATIONS","VICE PRESIDENT","",""
"VICE PRESIDENT OF HEALTH POLICY","VICE PRESIDENT","",""
"VICE PRESIDENT OF HEALTH SERVICES","VICE PRESIDENT","",""
"VICE PRESIDENT OF HEALTH SERVICES AND CHCO","VICE PRESIDENT","",""
"VICE PRESIDENT OF HEALTHCARE SERVICES","VICE PRESIDENT","",""
"VICE PRESIDENT OF HIGH SCHOOL","VICE PRESIDENT","",""
"VICE PRESIDENT OF HISTORIAN","VICE PRESIDENT","",""
"VICE PRESIDENT OF HOME AND COMMITTEE","VICE PRESIDENT","",""
"VICE PRESIDENT OF HOSPICE OPERATIONS","VICE PRESIDENT","",""
"VICE PRESIDENT OF HOSPITAL OPERATIONS","VICE PRESIDENT","",""
"VICE PRESIDENT OF HOSPITALI","VICE PRESIDENT","",""
"VICE PRESIDENT OF HOSPITALITY","VICE PRESIDENT","",""
"VICE PRESIDENT OF HOSPITALITY AND EVENTS","VICE PRESIDENT","",""
"VICE PRESIDENT OF HOUSE","VICE PRESIDENT","",""
"VICE PRESIDENT OF HOUSE OPERATIONS","VICE PRESIDENT","",""
"VICE PRESIDENT OF HOUSIN","VICE PRESIDENT","",""
"VICE PRESIDENT OF HOUSING","VICE PRESIDENT","",""
"VICE PRESIDENT OF HOUSING DEVELOPMENT","VICE PRESIDENT","",""
"VICE PRESIDENT OF HOUSING OPERATIONS","VICE PRESIDENT","",""
"VICE PRESIDENT OF HUMAN CAPITAL","VICE PRESIDENT","",""
"VICE PRESIDENT OF HUMAN RESOURCES AND ADMINISTRATION","VICE PRESIDENT","",""
"VICE PRESIDENT OF HUMAN RESOURCES AND CHRO","VICE PRESIDENT","",""
"VICE PRESIDENT OF HUMAN RESOURCES AND COMPLIANCE","VICE PRESIDENT","",""
"VICE PRESIDENT OF HUMAN RESOURCES AND OPERATIONS","VICE PRESIDENT","",""
"VICE PRESIDENT OF HUMAN RESOURCES AND ORGANIZING DEVELOPMENT","VICE PRESIDENT","",""
"VICE PRESIDENT OF HUMAN RESOURCES AND TRAINING","VICE PRESIDENT","",""
"VICE PRESIDENT OF HUMAN RESOURCES ECR","VICE PRESIDENT","",""
"VICE PRESIDENT OF HUMAN SERVICES","VICE PRESIDENT","",""
"VICE PRESIDENT OF IDEA","VICE PRESIDENT","",""
"VICE PRESIDENT OF IMPACT","VICE PRESIDENT","",""
"VICE PRESIDENT OF IMPACT INVESTMENTS","VICE PRESIDENT","",""
"VICE PRESIDENT OF INCLUS","VICE PRESIDENT","",""
"VICE PRESIDENT OF INCLUSI","VICE PRESIDENT","",""
"VICE PRESIDENT OF INCLUSIO","VICE PRESIDENT","",""
"VICE PRESIDENT OF INCLUSION","VICE PRESIDENT","",""
"VICE PRESIDENT OF INDUSTRY","VICE PRESIDENT","",""
"VICE PRESIDENT OF INDUSTRY AFFAIRS","VICE PRESIDENT","",""
"VICE PRESIDENT OF INDUSTRY ENGAGEMENT","VICE PRESIDENT","",""
"VICE PRESIDENT OF INDUSTRY RELATIONS","VICE PRESIDENT","",""
"VICE PRESIDENT OF INFORMATION","VICE PRESIDENT","",""
"VICE PRESIDENT OF INFORMATION SERVICES","VICE PRESIDENT","",""
"VICE PRESIDENT OF INFORMATION SYSTEMS","VICE PRESIDENT","",""
"VICE PRESIDENT OF INFRASTRUCTURE","VICE PRESIDENT","",""
"VICE PRESIDENT OF INNOVATION","VICE PRESIDENT","",""
"VICE PRESIDENT OF INTERNAL","VICE PRESIDENT","",""
"VICE PRESIDENT OF INTERNAL AFFAIRS","VICE PRESIDENT","",""
"VICE PRESIDENT OF INTERNAL AUDIT","VICE PRESIDENT","",""
"VICE PRESIDENT OF INTERNAL FUNDRAISING","VICE PRESIDENT","",""
"VICE PRESIDENT OF INTERNAL OPERATIONS","VICE PRESIDENT","",""
"VICE PRESIDENT OF INTERNAL RELATIONS","VICE PRESIDENT","",""
"VICE PRESIDENT OF INVESTMENTS","VICE PRESIDENT","",""
"VICE PRESIDENT OF INVESTOR RELATIONS","VICE PRESIDENT","",""
"VICE PRESIDENT OF IOC EXECUTIVE BOARD","VICE PRESIDENT","",""
"VICE PRESIDENT OF IT OPERATIONS","VICE PRESIDENT","",""
"VICE PRESIDENT OF LABOR RELATIONS","VICE PRESIDENT","",""
"VICE PRESIDENT OF LAND AND REGIONAL","VICE PRESIDENT","regional","regional"
"VICE PRESIDENT OF LEADERSH","VICE PRESIDENT","",""
"VICE PRESIDENT OF LEADERSHIP","VICE PRESIDENT","",""
"VICE PRESIDENT OF LEADERSHIP DEVELOPMENT","VICE PRESIDENT","",""
"VICE PRESIDENT OF LEARNI","VICE PRESIDENT","",""
"VICE PRESIDENT OF LEARNING","VICE PRESIDENT","",""
"VICE PRESIDENT OF LEARNING AND DEVELOPMENT","VICE PRESIDENT","",""
"VICE PRESIDENT OF LEARNING COMMUNITY","VICE PRESIDENT","",""
"VICE PRESIDENT OF LEGAL AFFAIRS","VICE PRESIDENT","",""
"VICE PRESIDENT OF LEGAL COUNSEL","VICE PRESIDENT","",""
"VICE PRESIDENT OF LEGISLATION","VICE PRESIDENT","",""
"VICE PRESIDENT OF LEGISLATIVE AFFAIRS","VICE PRESIDENT","",""
"VICE PRESIDENT OF LENDIN","VICE PRESIDENT","",""
"VICE PRESIDENT OF LENDING OPERATIONS","VICE PRESIDENT","",""
"VICE PRESIDENT OF LIFE PLAN COMMUNITIES","VICE PRESIDENT","",""
"VICE PRESIDENT OF LITIGATION","VICE PRESIDENT","",""
"VICE PRESIDENT OF LOGISTICS","VICE PRESIDENT","",""
"VICE PRESIDENT OF LONG CARE","VICE PRESIDENT","",""
"VICE PRESIDENT OF LORETTO INDEPENDENT LIVING SERVICES AND INC","VICE PRESIDENT","",""
"VICE PRESIDENT OF MAINTENANCE","VICE PRESIDENT","",""
"VICE PRESIDENT OF MAJOR GIFTS","VICE PRESIDENT","",""
"VICE PRESIDENT OF MANAGEMENT","VICE PRESIDENT","",""
"VICE PRESIDENT OF MANUFACTURING","VICE PRESIDENT","",""
"VICE PRESIDENT OF MARKETING AND COMMITTEE","VICE PRESIDENT","",""
"VICE PRESIDENT OF MARKETING AND DEVELOPMENT","VICE PRESIDENT","",""
"VICE PRESIDENT OF MARKETING AND EVENTS","VICE PRESIDENT","",""
"VICE PRESIDENT OF MARKETING AND FUNDRAISING","VICE PRESIDENT","",""
"VICE PRESIDENT OF MARKETING AND MEMBERSHIP","VICE PRESIDENT","",""
"VICE PRESIDENT OF MARKETING AND PUBLIC RELATIONS","VICE PRESIDENT","",""
"VICE PRESIDENT OF MARKETING AND SALES","VICE PRESIDENT","",""
"VICE PRESIDENT OF MARKETING AND TECHNOLOGY","VICE PRESIDENT","",""
"VICE PRESIDENT OF MARKETING COMMUNICATIONS","VICE PRESIDENT","",""
"VICE PRESIDENT OF MARKETING DEVELOPMENT","VICE PRESIDENT","",""
"VICE PRESIDENT OF MARKETING EXPANSION","VICE PRESIDENT","",""
"VICE PRESIDENT OF MARKETING FINANCE","VICE PRESIDENT","",""
"VICE PRESIDENT OF MEDIA","VICE PRESIDENT","",""
"VICE PRESIDENT OF MEDICAL","VICE PRESIDENT","",""
"VICE PRESIDENT OF MEDICAL SERVICES","VICE PRESIDENT","",""
"VICE PRESIDENT OF MEETINGS","VICE PRESIDENT","",""
"VICE PRESIDENT OF MEETINGS AND EDUCATION","VICE PRESIDENT","",""
"VICE PRESIDENT OF MEETINGS AND EVENTS","VICE PRESIDENT","",""
"VICE PRESIDENT OF MEMBE","VICE PRESIDENT","",""
"VICE PRESIDENT OF MEMBER ENGAGEMENT","VICE PRESIDENT","",""
"VICE PRESIDENT OF MEMBER EXPERIENCE","VICE PRESIDENT","",""
"VICE PRESIDENT OF MEMBER RECR","VICE PRESIDENT","",""
"VICE PRESIDENT OF MEMBER RELATIONS","VICE PRESIDENT","",""
"VICE PRESIDENT OF MEMBER SERVICES","VICE PRESIDENT","",""
"VICE PRESIDENT OF MEMBERS","VICE PRESIDENT","",""
"VICE PRESIDENT OF MEMBERSH","VICE PRESIDENT","",""
"VICE PRESIDENT OF MEMBERSHI","VICE PRESIDENT","",""
"VICE PRESIDENT OF MEMBERSHIP AND COMMUNICATIONS","VICE PRESIDENT","",""
"VICE PRESIDENT OF MEMBERSHIP AND DEVELOPMENT","VICE PRESIDENT","",""
"VICE PRESIDENT OF MEMBERSHIP AND MARKETING","VICE PRESIDENT","",""
"VICE PRESIDENT OF MEMBERSHIP AND RELATIONS","VICE PRESIDENT","",""
"VICE PRESIDENT OF MEMBERSHIP AND VOLUNTEERS","VICE PRESIDENT","",""
"VICE PRESIDENT OF MEMBERSHIP CHAIR","VICE PRESIDENT","committee","chair"
"VICE PRESIDENT OF MEMBERSHIP DEVELOPMENT","VICE PRESIDENT","",""
"VICE PRESIDENT OF MEMBERSHIP SERVICES","VICE PRESIDENT","",""
"VICE PRESIDENT OF MEMBERSHP","VICE PRESIDENT","",""
"VICE PRESIDENT OF MERCHANDISE","VICE PRESIDENT","",""
"VICE PRESIDENT OF MIDDLE MARKETING AND MINISTRY","VICE PRESIDENT","",""
"VICE PRESIDENT OF MIDDLE SCHOOL","VICE PRESIDENT","",""
"VICE PRESIDENT OF MIL","VICE PRESIDENT","",""
"VICE PRESIDENT OF MILITARY AFFAIRS","VICE PRESIDENT","",""
"VICE PRESIDENT OF MISSION ADVANCEMENT","VICE PRESIDENT","",""
"VICE PRESIDENT OF MISSION PROJECTS","VICE PRESIDENT","",""
"VICE PRESIDENT OF MISSION SERVICES","VICE PRESIDENT","",""
"VICE PRESIDENT OF MORTGAGE","VICE PRESIDENT","",""
"VICE PRESIDENT OF MORTGAGE LENDING","VICE PRESIDENT","",""
"VICE PRESIDENT OF MSBD","VICE PRESIDENT","",""
"VICE PRESIDENT OF NETWORK DEVELOPMENT","VICE PRESIDENT","",""
"VICE PRESIDENT OF NURSING","VICE PRESIDENT","",""
"VICE PRESIDENT OF OFFICER","VICE PRESIDENT","",""
"VICE PRESIDENT OF OPERATIONS AND ADMINISTRATION","VICE PRESIDENT","",""
"VICE PRESIDENT OF OPERATIONS AND AFFORDABLE HSG","VICE PRESIDENT","",""
"VICE PRESIDENT OF OPERATIONS AND DEVELOPMENT","VICE PRESIDENT","",""
"VICE PRESIDENT OF OPERATIONS AND ENGINEERING","VICE PRESIDENT","",""
"VICE PRESIDENT OF OPERATIONS AND FINANCE","VICE PRESIDENT","",""
"VICE PRESIDENT OF OPERATIONS AND HUMAN RESOURCES","VICE PRESIDENT","",""
"VICE PRESIDENT OF OPERATIONS AND REGIONAL","VICE PRESIDENT","regional","regional"
"VICE PRESIDENT OF OPERATIONS REGIONAL","VICE PRESIDENT","regional","regional"
"VICE PRESIDENT OF OPERATIONS SUPPORT","VICE PRESIDENT","",""
"VICE PRESIDENT OF ORGANIZATION DEVELOPMENT","VICE PRESIDENT","",""
"VICE PRESIDENT OF ORGANIZATIONAL ADVANCEMENT","VICE PRESIDENT","",""
"VICE PRESIDENT OF ORGANIZATIONAL DEVELOPMENT","VICE PRESIDENT","",""
"VICE PRESIDENT OF OUTREA","VICE PRESIDENT","",""
"VICE PRESIDENT OF OUTREAC","VICE PRESIDENT","",""
"VICE PRESIDENT OF OUTREACH","VICE PRESIDENT","",""
"VICE PRESIDENT OF PARENT RELATIONS","VICE PRESIDENT","",""
"VICE PRESIDENT OF PARTNERSHIPS","VICE PRESIDENT","",""
"VICE PRESIDENT OF PATIENT CARE SERVICES","VICE PRESIDENT","",""
"VICE PRESIDENT OF PATIENT SERVICES","VICE PRESIDENT","",""
"VICE PRESIDENT OF PEOPLE","VICE PRESIDENT","",""
"VICE PRESIDENT OF PEOPLE AND CULTURE","VICE PRESIDENT","",""
"VICE PRESIDENT OF PEOPLE OPERATIONS","VICE PRESIDENT","",""
"VICE PRESIDENT OF PEOPLE SERVICES","VICE PRESIDENT","",""
"VICE PRESIDENT OF PERFORMANCE","VICE PRESIDENT","",""
"VICE PRESIDENT OF PERFORMANCE IMPROVEMENT","VICE PRESIDENT","",""
"VICE PRESIDENT OF PERSONNEL","VICE PRESIDENT","",""
"VICE PRESIDENT OF PHILANTHROPY AND COMMUNICATIONS","VICE PRESIDENT","",""
"VICE PRESIDENT OF PHILANTHROPY AND MARKETING","VICE PRESIDENT","",""
"VICE PRESIDENT OF PHILANTHROPY AND SERVICE","VICE PRESIDENT","",""
"VICE PRESIDENT OF PHILANTHROPY SERVIC","VICE PRESIDENT","",""
"VICE PRESIDENT OF PLANNING","VICE PRESIDENT","",""
"VICE PRESIDENT OF PLANNING AND DEVELOPMENT","VICE PRESIDENT","",""
"VICE PRESIDENT OF PLANNING GIVING","VICE PRESIDENT","",""
"VICE PRESIDENT OF POLICY","VICE PRESIDENT","",""
"VICE PRESIDENT OF POLICY AND ADVOCACY","VICE PRESIDENT","",""
"VICE PRESIDENT OF POLICY AND COMMUNICATIONS","VICE PRESIDENT","",""
"VICE PRESIDENT OF POLICY AND PROGRAMS","VICE PRESIDENT","",""
"VICE PRESIDENT OF POLICY AND RESEARCH","VICE PRESIDENT","",""
"VICE PRESIDENT OF POLICY AND STRATEGY","VICE PRESIDENT","",""
"VICE PRESIDENT OF POLITICAL AFFAIRS","VICE PRESIDENT","",""
"VICE PRESIDENT OF PORTFOLIO MANAGEMENT","VICE PRESIDENT","",""
"VICE PRESIDENT OF POWER SUPPLY","VICE PRESIDENT","",""
"VICE PRESIDENT OF PR","VICE PRESIDENT","",""
"VICE PRESIDENT OF PRACTICE","VICE PRESIDENT","",""
"VICE PRESIDENT OF PRESIDENT","VICE PRESIDENT","",""
"VICE PRESIDENT OF PRO DEVELOPMENT","VICE PRESIDENT","",""
"VICE PRESIDENT OF PRODUCT","VICE PRESIDENT","",""
"VICE PRESIDENT OF PRODUCT DEVELOPMENT","VICE PRESIDENT","",""
"VICE PRESIDENT OF PRODUCT MANAGEMENT","VICE PRESIDENT","",""
"VICE PRESIDENT OF PRODUCTIONS","VICE PRESIDENT","",""
"VICE PRESIDENT OF PROF DEVELOPMENT","VICE PRESIDENT","",""
"VICE PRESIDENT OF PROFESSIONAL DEVELOPMENT","VICE PRESIDENT","",""
"VICE PRESIDENT OF PROGRAMS AND EVENTS","VICE PRESIDENT","",""
"VICE PRESIDENT OF PROGRAMS AND OPERATIONS","VICE PRESIDENT","",""
"VICE PRESIDENT OF PROGRAMS AND STRATEGY","VICE PRESIDENT","",""
"VICE PRESIDENT OF PROGRAMS DELIVERY","VICE PRESIDENT","",""
"VICE PRESIDENT OF PROGRAMS DEVELOPMENT","VICE PRESIDENT","",""
"VICE PRESIDENT OF PROGRAMS MANAGEMENT","VICE PRESIDENT","",""
"VICE PRESIDENT OF PROGRAMS OPERATIONS","VICE PRESIDENT","",""
"VICE PRESIDENT OF PROGRAMS SERVICES","VICE PRESIDENT","",""
"VICE PRESIDENT OF PROJECTS","VICE PRESIDENT","",""
"VICE PRESIDENT OF PROJECTS MANAGEMENT","VICE PRESIDENT","",""
"VICE PRESIDENT OF PROMOTIONS","VICE PRESIDENT","",""
"VICE PRESIDENT OF PROPER","VICE PRESIDENT","",""
"VICE PRESIDENT OF PROPERT","VICE PRESIDENT","",""
"VICE PRESIDENT OF PROPERTIES","VICE PRESIDENT","",""
"VICE PRESIDENT OF PROPERTY","VICE PRESIDENT","",""
"VICE PRESIDENT OF PROPERTY DEVELOPMENT","VICE PRESIDENT","",""
"VICE PRESIDENT OF PROPERTY MANAGEMENT","VICE PRESIDENT","",""
"VICE PRESIDENT OF PROPERTY MANAGEMENT AND RESIDENT SERVICES","VICE PRESIDENT","",""
"VICE PRESIDENT OF PROPERTY OPERATIONS","VICE PRESIDENT","",""
"VICE PRESIDENT OF PUBLIC","VICE PRESIDENT","",""
"VICE PRESIDENT OF PUBLIC A","VICE PRESIDENT","",""
"VICE PRESIDENT OF PUBLIC AF","VICE PRESIDENT","",""
"VICE PRESIDENT OF PUBLIC POLICY","VICE PRESIDENT","",""
"VICE PRESIDENT OF PUBLIC RE","VICE PRESIDENT","",""
"VICE PRESIDENT OF PUBLIC RELATIONS AND COMMUNICATIONS","VICE PRESIDENT","",""
"VICE PRESIDENT OF PUBLIC RELATIONS AND MARKETING","VICE PRESIDENT","",""
"VICE PRESIDENT OF PUBLICATION","VICE PRESIDENT","",""
"VICE PRESIDENT OF PUBLICATIONS","VICE PRESIDENT","",""
"VICE PRESIDENT OF PUBLISHING","VICE PRESIDENT","",""
"VICE PRESIDENT OF QUALITY","VICE PRESIDENT","",""
"VICE PRESIDENT OF QUALITY AND COMPLIANCE","VICE PRESIDENT","",""
"VICE PRESIDENT OF QUALITY AND CORP COMPLIANCE","VICE PRESIDENT","",""
"VICE PRESIDENT OF QUALITY MANAGEMENT","VICE PRESIDENT","",""
"VICE PRESIDENT OF R","VICE PRESIDENT","",""
"VICE PRESIDENT OF RADIO","VICE PRESIDENT","",""
"VICE PRESIDENT OF RE DEVELOPMENT AND ASSETS","VICE PRESIDENT","",""
"VICE PRESIDENT OF REAL EST","VICE PRESIDENT","",""
"VICE PRESIDENT OF REAL ESTATE","VICE PRESIDENT","",""
"VICE PRESIDENT OF REAL ESTATE ACQUISITIO","VICE PRESIDENT","",""
"VICE PRESIDENT OF REAL ESTATE LENDING","VICE PRESIDENT","",""
"VICE PRESIDENT OF RECORDING","VICE PRESIDENT","",""
"VICE PRESIDENT OF RECREATION","VICE PRESIDENT","",""
"VICE PRESIDENT OF RECRUI","VICE PRESIDENT","",""
"VICE PRESIDENT OF RECRUIT","VICE PRESIDENT","",""
"VICE PRESIDENT OF RECRUITM","VICE PRESIDENT","",""
"VICE PRESIDENT OF RECRUITME","VICE PRESIDENT","",""
"VICE PRESIDENT OF RECRUITMENT","VICE PRESIDENT","",""
"VICE PRESIDENT OF RECRUITMENT AND MARKETING","VICE PRESIDENT","",""
"VICE PRESIDENT OF REG OPERATIONS CONT CARE","VICE PRESIDENT","",""
"VICE PRESIDENT OF REGIONAL","VICE PRESIDENT","regional","regional"
"VICE PRESIDENT OF REGIONAL AFFAIRS","VICE PRESIDENT","regional","regional"
"VICE PRESIDENT OF REGIONAL AND REGIONAL","VICE PRESIDENT","regional","regional"
"VICE PRESIDENT OF REGIONAL CHAIR","VICE PRESIDENT","regional","regional"
"VICE PRESIDENT OF REGIONAL DEVELOPMENT","VICE PRESIDENT","regional","regional"
"VICE PRESIDENT OF REGIONAL OPERATIONS","VICE PRESIDENT","regional","regional"
"VICE PRESIDENT OF REGIONAL PROGRAMS","VICE PRESIDENT","regional","regional"
"VICE PRESIDENT OF REGIONAL RELATIONS","VICE PRESIDENT","regional","regional"
"VICE PRESIDENT OF REGIONS","VICE PRESIDENT","",""
"VICE PRESIDENT OF REGULATORY AFFAIRS","VICE PRESIDENT","",""
"VICE PRESIDENT OF RELATIONS","VICE PRESIDENT","",""
"VICE PRESIDENT OF RESEARCH AND DEVELOPMENT","VICE PRESIDENT","",""
"VICE PRESIDENT OF RESEARCH AND EDUCATION","VICE PRESIDENT","",""
"VICE PRESIDENT OF RESEARCH AND INNOVATION","VICE PRESIDENT","",""
"VICE PRESIDENT OF RESEARCH AND POLICY","VICE PRESIDENT","",""
"VICE PRESIDENT OF RESIDENT SERVICES","VICE PRESIDENT","",""
"VICE PRESIDENT OF RESIDENTIAL SERVICES","VICE PRESIDENT","",""
"VICE PRESIDENT OF RESOURCES","VICE PRESIDENT","",""
"VICE PRESIDENT OF RESOURCES DEVELOPMENT","VICE PRESIDENT","",""
"VICE PRESIDENT OF RETAIL","VICE PRESIDENT","",""
"VICE PRESIDENT OF RETAIL DELIVERY","VICE PRESIDENT","",""
"VICE PRESIDENT OF RETAIL OPERATIONS","VICE PRESIDENT","",""
"VICE PRESIDENT OF RISK","VICE PRESIDENT","",""
"VICE PRESIDENT OF RISK AND SAFETY AND COMPLIANCE","VICE PRESIDENT","",""
"VICE PRESIDENT OF RISK MANAGEMENT","VICE PRESIDENT","",""
"VICE PRESIDENT OF RISK REDUCTION","VICE PRESIDENT","",""
"VICE PRESIDENT OF ROOM PARENTS","VICE PRESIDENT","",""
"VICE PRESIDENT OF S","VICE PRESIDENT","",""
"VICE PRESIDENT OF SAFE SCOUTING","VICE PRESIDENT","",""
"VICE PRESIDENT OF SAFETY","VICE PRESIDENT","",""
"VICE PRESIDENT OF SALES AND M","VICE PRESIDENT","",""
"VICE PRESIDENT OF SALES AND SERVICE","VICE PRESIDENT","",""
"VICE PRESIDENT OF SCHOLARSHIPS","VICE PRESIDENT","",""
"VICE PRESIDENT OF SCHOOL","VICE PRESIDENT","",""
"VICE PRESIDENT OF SCHOOL ENRICHMENT","VICE PRESIDENT","",""
"VICE PRESIDENT OF SCHOOL PROGRAMS","VICE PRESIDENT","",""
"VICE PRESIDENT OF SCHOOL RELATIONS","VICE PRESIDENT","",""
"VICE PRESIDENT OF SCHOOL STORE","VICE PRESIDENT","",""
"VICE PRESIDENT OF SCHOOL SUPPORT","VICE PRESIDENT","",""
"VICE PRESIDENT OF SCIENCE AND RESEARCH","VICE PRESIDENT","",""
"VICE PRESIDENT OF SCIENCE POLICY","VICE PRESIDENT","",""
"VICE PRESIDENT OF SCIENTIFIC AFFAIRS","VICE PRESIDENT","",""
"VICE PRESIDENT OF SCOUTREACH","VICE PRESIDENT","",""
"VICE PRESIDENT OF SECONDARY","VICE PRESIDENT","",""
"VICE PRESIDENT OF SECRETARY","VICE PRESIDENT","",""
"VICE PRESIDENT OF SECRETARY AND AND DIRECTOR","VICE PRESIDENT","",""
"VICE PRESIDENT OF SENIOR HOUSING","VICE PRESIDENT","",""
"VICE PRESIDENT OF SENIOR LIVING","VICE PRESIDENT","",""
"VICE PRESIDENT OF SERVICE","VICE PRESIDENT","",""
"VICE PRESIDENT OF SERVICES","VICE PRESIDENT","",""
"VICE PRESIDENT OF SF","VICE PRESIDENT","",""
"VICE PRESIDENT OF SHELTER OPERATIONS","VICE PRESIDENT","",""
"VICE PRESIDENT OF SHOWS","VICE PRESIDENT","",""
"VICE PRESIDENT OF SIGEP LEARNING COMMUNITY","VICE PRESIDENT","",""
"VICE PRESIDENT OF SKILLED SERVICES","VICE PRESIDENT","",""
"VICE PRESIDENT OF SOCIAL","VICE PRESIDENT","",""
"VICE PRESIDENT OF SOCIAL ACTIVITIES","VICE PRESIDENT","",""
"VICE PRESIDENT OF SOCIAL EVENTS","VICE PRESIDENT","",""
"VICE PRESIDENT OF SOFTBA","VICE PRESIDENT","",""
"VICE PRESIDENT OF SOFTBAL","VICE PRESIDENT","",""
"VICE PRESIDENT OF SOFTBALL","VICE PRESIDENT","",""
"VICE PRESIDENT OF SPEC EVENTS","VICE PRESIDENT","",""
"VICE PRESIDENT OF SPECIA","VICE PRESIDENT","",""
"VICE PRESIDENT OF SPECIAL","VICE PRESIDENT","",""
"VICE PRESIDENT OF SPECIAL EVENTS","VICE PRESIDENT","",""
"VICE PRESIDENT OF SPONSORSHIP","VICE PRESIDENT","",""
"VICE PRESIDENT OF SPONSORSHIPS","VICE PRESIDENT","",""
"VICE PRESIDENT OF SPORTS","VICE PRESIDENT","",""
"VICE PRESIDENT OF STAFF APPRECIATION","VICE PRESIDENT","",""
"VICE PRESIDENT OF STANDARD","VICE PRESIDENT","",""
"VICE PRESIDENT OF STANDARDS","VICE PRESIDENT","",""
"VICE PRESIDENT OF STRATEGY ALLIANCES","VICE PRESIDENT","",""
"VICE PRESIDENT OF STRATEGY AND DEVELOPMENT","VICE PRESIDENT","",""
"VICE PRESIDENT OF STRATEGY AND HOUSING","VICE PRESIDENT","",""
"VICE PRESIDENT OF STRATEGY AND IMPACT","VICE PRESIDENT","",""
"VICE PRESIDENT OF STRATEGY AND INNOVATION","VICE PRESIDENT","",""
"VICE PRESIDENT OF STRATEGY AND OPERATIONS","VICE PRESIDENT","",""
"VICE PRESIDENT OF STRATEGY COMMITTEE","VICE PRESIDENT","",""
"VICE PRESIDENT OF STRATEGY COMMUNICATIONS","VICE PRESIDENT","",""
"VICE PRESIDENT OF STRATEGY DEVELOPMENT","VICE PRESIDENT","",""
"VICE PRESIDENT OF STRATEGY INITIATIVE","VICE PRESIDENT","",""
"VICE PRESIDENT OF STRATEGY OPERATIONS","VICE PRESIDENT","",""
"VICE PRESIDENT OF STRATEGY PL","VICE PRESIDENT","",""
"VICE PRESIDENT OF STRATEGY PROGRAMS","VICE PRESIDENT","",""
"VICE PRESIDENT OF STUDENT ACTIVITIES","VICE PRESIDENT","",""
"VICE PRESIDENT OF STUDENT AFFAIRS","VICE PRESIDENT","",""
"VICE PRESIDENT OF STUDIES","VICE PRESIDENT","",""
"VICE PRESIDENT OF SUPPLY CHAIR","VICE PRESIDENT","committee","chair"
"VICE PRESIDENT OF SUPPORT","VICE PRESIDENT","",""
"VICE PRESIDENT OF SUPPORT SERVICES","VICE PRESIDENT","",""
"VICE PRESIDENT OF SYSTEMS OPERATIONS","VICE PRESIDENT","",""
"VICE PRESIDENT OF TALENT","VICE PRESIDENT","",""
"VICE PRESIDENT OF TALENT AND CULTURE","VICE PRESIDENT","",""
"VICE PRESIDENT OF TALENT MANAGEMENT","VICE PRESIDENT","",""
"VICE PRESIDENT OF TAX","VICE PRESIDENT","",""
"VICE PRESIDENT OF TECHNOLOGY AND OPERATIONS","VICE PRESIDENT","",""
"VICE PRESIDENT OF TECHNOLOGY SERVICES","VICE PRESIDENT","",""
"VICE PRESIDENT OF TICKTOCKERS","VICE PRESIDENT","",""
"VICE PRESIDENT OF TISSUE OPERATIONS","VICE PRESIDENT","",""
"VICE PRESIDENT OF TRAINI","VICE PRESIDENT","",""
"VICE PRESIDENT OF TRAINING","VICE PRESIDENT","",""
"VICE PRESIDENT OF TRAINING SYSTEMS","VICE PRESIDENT","",""
"VICE PRESIDENT OF TRANSPORTATION","VICE PRESIDENT","",""
"VICE PRESIDENT OF TRANSPORTATION DIVISION","VICE PRESIDENT","",""
"VICE PRESIDENT OF TRAVEL","VICE PRESIDENT","",""
"VICE PRESIDENT OF TRAVEL BASEBALL","VICE PRESIDENT","",""
"VICE PRESIDENT OF TREASURER","VICE PRESIDENT","",""
"VICE PRESIDENT OF TRUSTEE","VICE PRESIDENT","",""
"VICE PRESIDENT OF TV","VICE PRESIDENT","",""
"VICE PRESIDENT OF UNIFORMS","VICE PRESIDENT","",""
"VICE PRESIDENT OF VIPS","VICE PRESIDENT","",""
"VICE PRESIDENT OF VOLUNT","VICE PRESIDENT","",""
"VICE PRESIDENT OF VOLUNTE","VICE PRESIDENT","",""
"VICE PRESIDENT OF VOLUNTEER","VICE PRESIDENT","",""
"VICE PRESIDENT OF VOLUNTEERING","VICE PRESIDENT","",""
"VICE PRESIDENT OF VOLUNTEERS","VICE PRESIDENT","",""
"VICE PRESIDENT OF WAYS","VICE PRESIDENT","",""
"VICE PRESIDENT OF WAYS AND MEANS","VICE PRESIDENT","",""
"VICE PRESIDENT OF WEALTH MANAGEMENT","VICE PRESIDENT","",""
"VICE PRESIDENT OF WORKFORCE","VICE PRESIDENT","",""
"VICE PRESIDENT OF WORKFORCE DEVELOPMENT","VICE PRESIDENT","",""
"VICE PRESIDENT OF WORKFORCE MANAGEMENT","VICE PRESIDENT","",""
"VICE PRESIDENT OF YOUTH","VICE PRESIDENT","",""
"VICE PRESIDENT OF YOUTH DEVELOPMENT","VICE PRESIDENT","",""
"VICE PRESIDENT OF ZONE","VICE PRESIDENT","",""
"ADMINISTRATIVE DIRECTOR OF OPERATIONS","DIRECTOR","",""
"ASSISTANT DIRECTOR OF BUSINESS REPRESENTATIVE","DIRECTOR","subordinate","assistant"
"ASSISTANT DIRECTOR OF CLAIMS","DIRECTOR","subordinate","assistant"
"ASSISTANT DIRECTOR OF COMPLIANCE AND IT","DIRECTOR","subordinate","assistant"
"ASSISTANT DIRECTOR OF FINANCE","DIRECTOR","subordinate","assistant"
"ASSISTANT DIRECTOR OF MARKETING","DIRECTOR","subordinate","assistant"
"ASSISTANT DIRECTOR OF NURS","DIRECTOR","subordinate","assistant"
"ASSISTANT DIRECTOR OF NURSING","DIRECTOR","subordinate","assistant"
"ASSISTANT DIRECTOR OF OPERATIONS","DIRECTOR","subordinate","assistant"
"ASSISTANT DIRECTOR OF PROGRAMS","DIRECTOR","subordinate","assistant"
"ASSOCIATE DIRECTOR OF DEVELOPMENT","DIRECTOR","subordinate","associate"
"ASSOCIATE DIRECTOR OF OPERATIONS","DIRECTOR","subordinate","associate"
"ASSOCIATE DIRECTOR OF RE","DIRECTOR","subordinate","associate"
"CO-DIRECTOR OF COMMUNICATIONS","DIRECTOR","duplex","co"
"CO-DIRECTOR OF MEMBER","DIRECTOR","duplex","co"
"CO-DIRECTOR OF MEMBERSHIP","DIRECTOR","duplex","co"
"CO-DIRECTOR OF OPERATIONS","DIRECTOR","duplex","co"
"CO-DIRECTOR OF PROGRAMS","DIRECTOR","duplex","co"
"CO-DIRECTOR OF STATES","DIRECTOR","duplex","co"
"CORPORATE DIRECTOR OF FINANCE","DIRECTOR","",""
"DEPUTY DIRECTOR OF ELEMENTARY PROGRAMS","DIRECTOR","subordinate","deputy"
"DEPUTY DIRECTOR OF FINANCE","DIRECTOR","subordinate","deputy"
"DEPUTY DIRECTOR OF LITIGATION","DIRECTOR","subordinate","deputy"
"DEPUTY DIRECTOR OF PROGRAMS","DIRECTOR","subordinate","deputy"
"DIRECTOR OF","DIRECTOR","",""
"DIRECTOR OF ACADEMICS","DIRECTOR","",""
"DIRECTOR OF ACADEMICS AFFAIRS","DIRECTOR","",""
"DIRECTOR OF ACADEMICS PROGRAMS","DIRECTOR","",""
"DIRECTOR OF ACCOUNT MANAGEMENT","DIRECTOR","",""
"DIRECTOR OF ACCOUNTING","DIRECTOR","",""
"DIRECTOR OF ACCOUNTING AND ADMINISTRATION","DIRECTOR","",""
"DIRECTOR OF ACCOUNTING AND FINANCE","DIRECTOR","",""
"DIRECTOR OF ACCREDITATION","DIRECTOR","",""
"DIRECTOR OF ACTIVITIES","DIRECTOR","",""
"DIRECTOR OF ADMINISTRATION AND FINANCE","DIRECTOR","",""
"DIRECTOR OF ADMINISTRATION AND FUNDRAISING","DIRECTOR","",""
"DIRECTOR OF ADMINISTRATION SERVICES","DIRECTOR","",""
"DIRECTOR OF ADMISSIONS","DIRECTOR","",""
"DIRECTOR OF ADOPTIONS","DIRECTOR","",""
"DIRECTOR OF ADVOCACY","DIRECTOR","",""
"DIRECTOR OF AFFORD HOUSING OPERATIONS","DIRECTOR","",""
"DIRECTOR OF AFFORDABLE AND TRANSITIONAL HOUSING","DIRECTOR","",""
"DIRECTOR OF AGRONOMY","DIRECTOR","",""
"DIRECTOR OF ALUMNI RELATIONS","DIRECTOR","",""
"DIRECTOR OF AND MARKETING PRESIDENT","DIRECTOR","",""
"DIRECTOR OF ANIMAL CARE","DIRECTOR","",""
"DIRECTOR OF ANIMAL HEALTH","DIRECTOR","",""
"DIRECTOR OF ANNUAL GIVING","DIRECTOR","",""
"DIRECTOR OF APPLICATION DEVELOPMENT","DIRECTOR","",""
"DIRECTOR OF APPRENTICESHIP","DIRECTOR","",""
"DIRECTOR OF ARTIST","DIRECTOR","",""
"DIRECTOR OF ARTISTIC AND CULTURE","DIRECTOR","",""
"DIRECTOR OF ASSET MANAGEMENT","DIRECTOR","",""
"DIRECTOR OF ASSISTANT LIVING","DIRECTOR","subordinate","assistant"
"DIRECTOR OF ATHLETICS","DIRECTOR","",""
"DIRECTOR OF AUDIT COMMITTEE","DIRECTOR","",""
"DIRECTOR OF AWARDS","DIRECTOR","",""
"DIRECTOR OF BANDS","DIRECTOR","",""
"DIRECTOR OF BASEBALL","DIRECTOR","",""
"DIRECTOR OF BASEBALL OPERATIONS","DIRECTOR","",""
"DIRECTOR OF BASKETBALL","DIRECTOR","",""
"DIRECTOR OF BEHAVIORAL AND EDUCATION","DIRECTOR","",""
"DIRECTOR OF BEHAVIORAL HEALTH","DIRECTOR","",""
"DIRECTOR OF BEHAVIORAL HEALTH SERVICES","DIRECTOR","",""
"DIRECTOR OF BENEFITS","DIRECTOR","",""
"DIRECTOR OF BOARD","DIRECTOR","",""
"DIRECTOR OF BOARD OF DIRECTOR","DIRECTOR","",""
"DIRECTOR OF BOYS","DIRECTOR","",""
"DIRECTOR OF BUILDING AND GROUNDS","DIRECTOR","",""
"DIRECTOR OF BUILDINGS AND GROUNDS","DIRECTOR","",""
"DIRECTOR OF BUSINESS","DIRECTOR","",""
"DIRECTOR OF BUSINESS ADMINISTRATION","DIRECTOR","",""
"DIRECTOR OF BUSINESS AFFAIRS","DIRECTOR","",""
"DIRECTOR OF BUSINESS ANALYTICS","DIRECTOR","",""
"DIRECTOR OF BUSINESS AND FINANCE","DIRECTOR","",""
"DIRECTOR OF BUSINESS INTELLIGENCE","DIRECTOR","",""
"DIRECTOR OF BUSINESS LENDING","DIRECTOR","",""
"DIRECTOR OF BUSINESS MANAGEMENT","DIRECTOR","",""
"DIRECTOR OF BUSINESS OPERATIONS","DIRECTOR","",""
"DIRECTOR OF BUSINESS RELATIONS","DIRECTOR","",""
"DIRECTOR OF BUSINESS REPRESENTATIVE","DIRECTOR","",""
"DIRECTOR OF BUSINESS SERVICES","DIRECTOR","",""
"DIRECTOR OF CAMPAIGNS","DIRECTOR","",""
"DIRECTOR OF CAMPUS OPERATIONS","DIRECTOR","",""
"DIRECTOR OF CAPITAL PROJECTS","DIRECTOR","",""
"DIRECTOR OF CARE MANAGEMENT","DIRECTOR","",""
"DIRECTOR OF CARE MGT","DIRECTOR","",""
"DIRECTOR OF CASE MANAGEMENT","DIRECTOR","",""
"DIRECTOR OF CATERING","DIRECTOR","",""
"DIRECTOR OF CEO","DIRECTOR","",""
"DIRECTOR OF CERTIFICATION","DIRECTOR","",""
"DIRECTOR OF CHAIR","DIRECTOR","committee","chair"
"DIRECTOR OF CHEER","DIRECTOR","",""
"DIRECTOR OF CIVIC ENGAGEMENT","DIRECTOR","",""
"DIRECTOR OF CLAIMS","DIRECTOR","",""
"DIRECTOR OF CLIENT RELATIONS","DIRECTOR","",""
"DIRECTOR OF CLIENT SERVICE","DIRECTOR","",""
"DIRECTOR OF CLIENT SERVICES","DIRECTOR","",""
"DIRECTOR OF CLINICAL COMPLIANCE","DIRECTOR","",""
"DIRECTOR OF CLINICAL DEVELOPMENT","DIRECTOR","",""
"DIRECTOR OF CLINICAL EDUCATION","DIRECTOR","",""
"DIRECTOR OF CLINICAL OPERATIONS","DIRECTOR","",""
"DIRECTOR OF CLINICAL PROGRAMS","DIRECTOR","",""
"DIRECTOR OF CLINICAL SERVI","DIRECTOR","",""
"DIRECTOR OF CLINICAL SERVICES","DIRECTOR","",""
"DIRECTOR OF CLUB OPERATIONS","DIRECTOR","",""
"DIRECTOR OF COACH","DIRECTOR","",""
"DIRECTOR OF COACHES","DIRECTOR","",""
"DIRECTOR OF COACHING","DIRECTOR","",""
"DIRECTOR OF COMMITTEE AND MARKETING","DIRECTOR","",""
"DIRECTOR OF COMMITTEE CHAIR","DIRECTOR","committee","chair"
"DIRECTOR OF COMMITTEE ENGA","DIRECTOR","",""
"DIRECTOR OF COMMITTEE RELATIONS","DIRECTOR","",""
"DIRECTOR OF COMMUNICATIONS AND DEVELOPMENT","DIRECTOR","",""
"DIRECTOR OF COMMUNICATIONS AND ENGAGEMENT","DIRECTOR","",""
"DIRECTOR OF COMMUNICATIONS AND MARKETING","DIRECTOR","",""
"DIRECTOR OF COMMUNICATIONS AND OUTREACH","DIRECTOR","",""
"DIRECTOR OF COMMUNICATIONS AND TECHNOLOGY","DIRECTOR","",""
"DIRECTOR OF COMMUNICATIONS COMMITTEE","DIRECTOR","",""
"DIRECTOR OF COMMUNICATIONS SERVICE","DIRECTOR","",""
"DIRECTOR OF COMMUNITY","DIRECTOR","",""
"DIRECTOR OF COMMUNITY AFFAIRS","DIRECTOR","",""
"DIRECTOR OF COMMUNITY BUILDING","DIRECTOR","",""
"DIRECTOR OF COMMUNITY DEVELOPMENT","DIRECTOR","",""
"DIRECTOR OF COMMUNITY ENGA","DIRECTOR","",""
"DIRECTOR OF COMMUNITY ENGAGEMENT","DIRECTOR","",""
"DIRECTOR OF COMMUNITY IMPACT","DIRECTOR","",""
"DIRECTOR OF COMMUNITY INVESTMENT","DIRECTOR","",""
"DIRECTOR OF COMMUNITY OUTREAC","DIRECTOR","",""
"DIRECTOR OF COMMUNITY OUTREACH","DIRECTOR","",""
"DIRECTOR OF COMMUNITY PROGRAMS","DIRECTOR","",""
"DIRECTOR OF COMMUNITY RELATIONS","DIRECTOR","",""
"DIRECTOR OF COMMUNITY SERVICE","DIRECTOR","",""
"DIRECTOR OF COMPETITION","DIRECTOR","",""
"DIRECTOR OF COMPLIANCE","DIRECTOR","",""
"DIRECTOR OF COMPLIANCE AND IT","DIRECTOR","",""
"DIRECTOR OF CONCE","DIRECTOR","",""
"DIRECTOR OF CONCESSIONS","DIRECTOR","",""
"DIRECTOR OF CONFERENCES","DIRECTOR","",""
"DIRECTOR OF CONFERENCES AND EVENTS","DIRECTOR","",""
"DIRECTOR OF CONS","DIRECTOR","",""
"DIRECTOR OF CONSERVATION","DIRECTOR","",""
"DIRECTOR OF CONSTRUCTION","DIRECTOR","",""
"DIRECTOR OF CONSULTANT LENDING","DIRECTOR","",""
"DIRECTOR OF CONTENT","DIRECTOR","",""
"DIRECTOR OF CONTRACTS","DIRECTOR","",""
"DIRECTOR OF CORP RECORDS","DIRECTOR","",""
"DIRECTOR OF CORPORATE AND FOUNDATION RELATIONS","DIRECTOR","",""
"DIRECTOR OF CORPORATE DEVELOPMENT","DIRECTOR","",""
"DIRECTOR OF CORPORATE PARTNERSHIPS","DIRECTOR","",""
"DIRECTOR OF CORPORATE RELATIONS","DIRECTOR","",""
"DIRECTOR OF CORPORATION","DIRECTOR","",""
"DIRECTOR OF COUNSELING","DIRECTOR","",""
"DIRECTOR OF CULINARY","DIRECTOR","",""
"DIRECTOR OF CULTURE","DIRECTOR","",""
"DIRECTOR OF CURRICULUM","DIRECTOR","",""
"DIRECTOR OF CURRICULUM DEVELOPMENT","DIRECTOR","",""
"DIRECTOR OF DATA ANALYTICS","DIRECTOR","",""
"DIRECTOR OF DATA AND RESEARCH","DIRECTOR","",""
"DIRECTOR OF DATA AND TECHNOLOGY","DIRECTOR","",""
"DIRECTOR OF DATA MANAGEMENT","DIRECTOR","",""
"DIRECTOR OF DEI","DIRECTOR","",""
"DIRECTOR OF DESIGN","DIRECTOR","",""
"DIRECTOR OF DESIGNEE","DIRECTOR","",""
"DIRECTOR OF DEVELOPMENT AN","DIRECTOR","",""
"DIRECTOR OF DEVELOPMENT AND COMMITTEE","DIRECTOR","",""
"DIRECTOR OF DEVELOPMENT AND COMMUNICATIONS","DIRECTOR","",""
"DIRECTOR OF DEVELOPMENT AND LCC","DIRECTOR","",""
"DIRECTOR OF DEVELOPMENT AND MARKETING","DIRECTOR","",""
"DIRECTOR OF DEVELOPMENT AND SCHOOLS","DIRECTOR","",""
"DIRECTOR OF DEVELOPMENT OPERATIONS","DIRECTOR","",""
"DIRECTOR OF DIGITAL SERVICES","DIRECTOR","",""
"DIRECTOR OF DIGITAL STRATEGY","DIRECTOR","",""
"DIRECTOR OF DINING","DIRECTOR","",""
"DIRECTOR OF DINING SERVICES","DIRECTOR","",""
"DIRECTOR OF DIVERSITY AND EQUITY AND INCLUSION","DIRECTOR","",""
"DIRECTOR OF DONOR ENGAGEMENT","DIRECTOR","",""
"DIRECTOR OF DONOR RELATIONS","DIRECTOR","",""
"DIRECTOR OF ECONOMIC DEVELOPMENT","DIRECTOR","",""
"DIRECTOR OF EDU","DIRECTOR","",""
"DIRECTOR OF EDUC","DIRECTOR","",""
"DIRECTOR OF EDUCATION AND TRAINING","DIRECTOR","",""
"DIRECTOR OF EDUCATION AND WE","DIRECTOR","",""
"DIRECTOR OF EDUCATION AND WELLNESS","DIRECTOR","",""
"DIRECTOR OF EDUCATION PROGRAMS","DIRECTOR","",""
"DIRECTOR OF EDUCATION SERVICES","DIRECTOR","",""
"DIRECTOR OF EMPLOYEE BENEF","DIRECTOR","",""
"DIRECTOR OF EMPLOYMENT SERVICES","DIRECTOR","",""
"DIRECTOR OF ENDOWMENT","DIRECTOR","",""
"DIRECTOR OF ENGINEERING AND OPERATIONS","DIRECTOR","",""
"DIRECTOR OF ENROLLMENT","DIRECTOR","",""
"DIRECTOR OF ENROLLMENT MANAGEMENT","DIRECTOR","",""
"DIRECTOR OF ENTERTAINMENT","DIRECTOR","",""
"DIRECTOR OF ENVIRONMENTAL SERVICES","DIRECTOR","",""
"DIRECTOR OF EQUIP","DIRECTOR","",""
"DIRECTOR OF EQUIPMENT","DIRECTOR","",""
"DIRECTOR OF EQUITY AND INCLUSION","DIRECTOR","",""
"DIRECTOR OF EVALUATION","DIRECTOR","",""
"DIRECTOR OF EVENT","DIRECTOR","",""
"DIRECTOR OF EVENTS","DIRECTOR","",""
"DIRECTOR OF EXECUTIVE COMMITTEE","DIRECTOR","committee","executive"
"DIRECTOR OF EXPERIENCE","DIRECTOR","",""
"DIRECTOR OF FACI","DIRECTOR","",""
"DIRECTOR OF FACILITIES AND MAINTENANCE","DIRECTOR","",""
"DIRECTOR OF FACILITIES MANAGEMENT","DIRECTOR","",""
"DIRECTOR OF FACILITY OPERATIONS","DIRECTOR","",""
"DIRECTOR OF FAMILY SERVICES","DIRECTOR","",""
"DIRECTOR OF FIELD","DIRECTOR","",""
"DIRECTOR OF FIELD OPERATIONS","DIRECTOR","",""
"DIRECTOR OF FIELD SERVICE","DIRECTOR","",""
"DIRECTOR OF FIELD SERVICES","DIRECTOR","",""
"DIRECTOR OF FIELDS","DIRECTOR","",""
"DIRECTOR OF FINANCE ADMINISTRATION","DIRECTOR","",""
"DIRECTOR OF FINANCE AFFAIRS","DIRECTOR","",""
"DIRECTOR OF FINANCE AND ACCOUNTING","DIRECTOR","",""
"DIRECTOR OF FINANCE AND AD","DIRECTOR","",""
"DIRECTOR OF FINANCE AND BUSINESS","DIRECTOR","",""
"DIRECTOR OF FINANCE AND COMPLIANCE","DIRECTOR","",""
"DIRECTOR OF FINANCE AND DEVELOPMENT","DIRECTOR","",""
"DIRECTOR OF FINANCE AND HUMAN RESOURCES","DIRECTOR","",""
"DIRECTOR OF FINANCE OF FCH","DIRECTOR","",""
"DIRECTOR OF FINANCE OPERATIONS","DIRECTOR","",""
"DIRECTOR OF FINANCE PLANNING AND ANALYSIS","DIRECTOR","",""
"DIRECTOR OF FINANCE REPRESENTATIVE","DIRECTOR","",""
"DIRECTOR OF FINANCE SERVICE","DIRECTOR","",""
"DIRECTOR OF FINANCE SERVICES","DIRECTOR","",""
"DIRECTOR OF FINANCE TREASURER","DIRECTOR","",""
"DIRECTOR OF FISCAL OPERATIONS","DIRECTOR","",""
"DIRECTOR OF FITNESS","DIRECTOR","",""
"DIRECTOR OF FLAG FOOTBALL","DIRECTOR","",""
"DIRECTOR OF FOOD AND BEVERAGE","DIRECTOR","",""
"DIRECTOR OF FOOTBALL","DIRECTOR","",""
"DIRECTOR OF FOSTERS","DIRECTOR","",""
"DIRECTOR OF FOUNDATION","DIRECTOR","",""
"DIRECTOR OF FOUNDATION RELATIONS","DIRECTOR","",""
"DIRECTOR OF FUND","DIRECTOR","",""
"DIRECTOR OF FUND DEVELOPMENT","DIRECTOR","",""
"DIRECTOR OF FUND DEVELOPMENT AND COMMITTEE","DIRECTOR","",""
"DIRECTOR OF FUNDR","DIRECTOR","",""
"DIRECTOR OF FUNDRAISING AND COMMUNICATIONS","DIRECTOR","",""
"DIRECTOR OF GALA","DIRECTOR","",""
"DIRECTOR OF GIFT PLANNING","DIRECTOR","",""
"DIRECTOR OF GOLF","DIRECTOR","",""
"DIRECTOR OF GOLF COURSE OPERATIONS","DIRECTOR","",""
"DIRECTOR OF GOLF INSTRUCTOR","DIRECTOR","",""
"DIRECTOR OF GOLF OPERATIONS","DIRECTOR","",""
"DIRECTOR OF GOV AFFAIRS","DIRECTOR","",""
"DIRECTOR OF GOVERNANCE","DIRECTOR","",""
"DIRECTOR OF GOVERNMENT AFF","DIRECTOR","",""
"DIRECTOR OF GOVERNMENT AFFAIRS","DIRECTOR","",""
"DIRECTOR OF GOVERNMENT RELATIONS","DIRECTOR","",""
"DIRECTOR OF GOVERNMENTAL AFFAIRS","DIRECTOR","",""
"DIRECTOR OF GRANTS","DIRECTOR","",""
"DIRECTOR OF GRANTS MANAGEMENT","DIRECTOR","",""
"DIRECTOR OF GROUNDS","DIRECTOR","",""
"DIRECTOR OF GUEST SERVICES","DIRECTOR","",""
"DIRECTOR OF HEALTH","DIRECTOR","",""
"DIRECTOR OF HEALTH BENEFITS","DIRECTOR","",""
"DIRECTOR OF HEALTH POLICY","DIRECTOR","",""
"DIRECTOR OF HEALTH SERVICE","DIRECTOR","",""
"DIRECTOR OF HEALTH SERVICES","DIRECTOR","",""
"DIRECTOR OF HEALTHCARE","DIRECTOR","",""
"DIRECTOR OF HIGH SCHOOL","DIRECTOR","",""
"DIRECTOR OF HOLIDAY LUNCH","DIRECTOR","",""
"DIRECTOR OF HOME HEALTH","DIRECTOR","",""
"DIRECTOR OF HOSPICE","DIRECTOR","",""
"DIRECTOR OF HOSPITALITY","DIRECTOR","",""
"DIRECTOR OF HOUSE OPERATIONS","DIRECTOR","",""
"DIRECTOR OF HOUSING","DIRECTOR","",""
"DIRECTOR OF HOUSING DEVELOPMENT","DIRECTOR","",""
"DIRECTOR OF HUMAN RESOURCES AND ADMINISTRATION","DIRECTOR","",""
"DIRECTOR OF HUMAN RESOURCES AND OPERATIONS","DIRECTOR","",""
"DIRECTOR OF IMPACT","DIRECTOR","",""
"DIRECTOR OF INDIVIDUAL PHILANTHROPY","DIRECTOR","",""
"DIRECTOR OF INDUSTRIAL RELATIONS","DIRECTOR","",""
"DIRECTOR OF INFORMATION","DIRECTOR","",""
"DIRECTOR OF INFORMATION SERVICES","DIRECTOR","",""
"DIRECTOR OF INFORMATION SY","DIRECTOR","",""
"DIRECTOR OF INFORMATION SYSTEMS","DIRECTOR","",""
"DIRECTOR OF INFORMATION TE","DIRECTOR","",""
"DIRECTOR OF INNOVATION","DIRECTOR","",""
"DIRECTOR OF INSTITUTIONAL ADVANCEMENT","DIRECTOR","",""
"DIRECTOR OF INSTRUCTOR","DIRECTOR","",""
"DIRECTOR OF INSURANCE","DIRECTOR","",""
"DIRECTOR OF INTAKE","DIRECTOR","",""
"DIRECTOR OF INTERNAL AFFAIRS","DIRECTOR","",""
"DIRECTOR OF INTERNAL AUDIT","DIRECTOR","",""
"DIRECTOR OF INTERNAL OPERATIONS","DIRECTOR","",""
"DIRECTOR OF INVESTIGATIONS","DIRECTOR","",""
"DIRECTOR OF INVESTMENTS","DIRECTOR","",""
"DIRECTOR OF INVESTOR RELATIONS","DIRECTOR","",""
"DIRECTOR OF LABOR RELATIONS","DIRECTOR","",""
"DIRECTOR OF LACROSSE","DIRECTOR","",""
"DIRECTOR OF LARGE MARKETING","DIRECTOR","",""
"DIRECTOR OF LEADERSHIP","DIRECTOR","",""
"DIRECTOR OF LEADERSHIP DEVELOPMENT","DIRECTOR","",""
"DIRECTOR OF LEARNING","DIRECTOR","",""
"DIRECTOR OF LEARNING AND DEVELOPMENT","DIRECTOR","",""
"DIRECTOR OF LEASING","DIRECTOR","",""
"DIRECTOR OF LEGAL","DIRECTOR","",""
"DIRECTOR OF LEGAL SERVICES","DIRECTOR","",""
"DIRECTOR OF LEGISLATION","DIRECTOR","",""
"DIRECTOR OF LENDING","DIRECTOR","",""
"DIRECTOR OF LI PROGRAMS OPERATIONS","DIRECTOR","",""
"DIRECTOR OF LIFE","DIRECTOR","",""
"DIRECTOR OF LITIGATION","DIRECTOR","",""
"DIRECTOR OF LOGISTICS","DIRECTOR","",""
"DIRECTOR OF LOWER SCHOOL","DIRECTOR","",""
"DIRECTOR OF MAINTENANCE","DIRECTOR","",""
"DIRECTOR OF MAJOR GIFTS","DIRECTOR","",""
"DIRECTOR OF MANAGEMENT","DIRECTOR","",""
"DIRECTOR OF MANAGERS","DIRECTOR","",""
"DIRECTOR OF MARKETING AND EVENTS","DIRECTOR","",""
"DIRECTOR OF MARKETING AND PUBLIC RELATIONS","DIRECTOR","",""
"DIRECTOR OF MARKETING AND SALES","DIRECTOR","",""
"DIRECTOR OF MARKETING COMMITTEE","DIRECTOR","",""
"DIRECTOR OF MARKETING DEVELOPMENT","DIRECTOR","",""
"DIRECTOR OF MEDIA","DIRECTOR","",""
"DIRECTOR OF MEDIA MANAGEMENT","DIRECTOR","",""
"DIRECTOR OF MEDICAL","DIRECTOR","",""
"DIRECTOR OF MEDICAL AFFAIRS","DIRECTOR","",""
"DIRECTOR OF MEDICAL OPERATIONS","DIRECTOR","",""
"DIRECTOR OF MEDICAL SERVICES","DIRECTOR","",""
"DIRECTOR OF MEETING SERVICES","DIRECTOR","",""
"DIRECTOR OF MEETINGS","DIRECTOR","",""
"DIRECTOR OF MEETINGS AND EVENTS","DIRECTOR","",""
"DIRECTOR OF MEMBE","DIRECTOR","",""
"DIRECTOR OF MEMBER","DIRECTOR","",""
"DIRECTOR OF MEMBER AND COMMUNITY ENGA","DIRECTOR","",""
"DIRECTOR OF MEMBER CARE","DIRECTOR","",""
"DIRECTOR OF MEMBER ENGAGEM","DIRECTOR","",""
"DIRECTOR OF MEMBER ENGAGEMENT","DIRECTOR","",""
"DIRECTOR OF MEMBER SERVICE","DIRECTOR","",""
"DIRECTOR OF MEMBER SERVICES","DIRECTOR","",""
"DIRECTOR OF MEMBERS","DIRECTOR","",""
"DIRECTOR OF MEMBERSHIP AND MARKETING","DIRECTOR","",""
"DIRECTOR OF MEMBERSHIP CHAIR","DIRECTOR","committee","chair"
"DIRECTOR OF MEMBERSHIP DEVELOPMENT","DIRECTOR","",""
"DIRECTOR OF MEMBERSHIP SERVICES","DIRECTOR","",""
"DIRECTOR OF MEMBERSHIPS","DIRECTOR","",""
"DIRECTOR OF MENTAL HEALTH","DIRECTOR","",""
"DIRECTOR OF MERCHANDISING","DIRECTOR","",""
"DIRECTOR OF MERCY DEVELOPMENT","DIRECTOR","",""
"DIRECTOR OF MINISTRIES","DIRECTOR","",""
"DIRECTOR OF MINISTRY","DIRECTOR","",""
"DIRECTOR OF MISSION","DIRECTOR","",""
"DIRECTOR OF MISSION ADVANCEMENT","DIRECTOR","",""
"DIRECTOR OF MISSIONS","DIRECTOR","",""
"DIRECTOR OF MUSIC","DIRECTOR","",""
"DIRECTOR OF NCH FOUNDATION","DIRECTOR","",""
"DIRECTOR OF NETWORKING","DIRECTOR","",""
"DIRECTOR OF NEUROPSYCHOLOGY","DIRECTOR","",""
"DIRECTOR OF NURSES","DIRECTOR","",""
"DIRECTOR OF NURSING AND LONG CARE","DIRECTOR","",""
"DIRECTOR OF NURSING SERVICES","DIRECTOR","",""
"DIRECTOR OF NURSING VALLEY SENIOR LIVING ON COLUMBIA","DIRECTOR","",""
"DIRECTOR OF NURSING WOODSIDE VILLAGE","DIRECTOR","",""
"DIRECTOR OF O","DIRECTOR","",""
"DIRECTOR OF OFFICER","DIRECTOR","",""
"DIRECTOR OF OPERATIONS AND COMPLIANCE","DIRECTOR","",""
"DIRECTOR OF OPERATIONS AND FINANCE","DIRECTOR","",""
"DIRECTOR OF OPERATIONS AND STRATEGY","DIRECTOR","",""
"DIRECTOR OF ORG","DIRECTOR","",""
"DIRECTOR OF ORGANIZATION","DIRECTOR","",""
"DIRECTOR OF ORGANIZATIONAL DEVELOPMENT","DIRECTOR","",""
"DIRECTOR OF ORGANIZING","DIRECTOR","",""
"DIRECTOR OF OUTREACH","DIRECTOR","",""
"DIRECTOR OF OUTREACH AND ENGAGEMENT","DIRECTOR","",""
"DIRECTOR OF PARTNER RELATIONS","DIRECTOR","",""
"DIRECTOR OF PARTNERSHIP","DIRECTOR","",""
"DIRECTOR OF PARTNERSHIPS","DIRECTOR","",""
"DIRECTOR OF PATIENT SERVICES","DIRECTOR","",""
"DIRECTOR OF PEDIATRICS","DIRECTOR","",""
"DIRECTOR OF PEOPLE AND CULTURE","DIRECTOR","",""
"DIRECTOR OF PEOPLE OPERATIONS","DIRECTOR","",""
"DIRECTOR OF PERSONNEL","DIRECTOR","",""
"DIRECTOR OF PHARMACY","DIRECTOR","",""
"DIRECTOR OF PHARMACY OPERATIONS","DIRECTOR","",""
"DIRECTOR OF PHILA","DIRECTOR","",""
"DIRECTOR OF PLANNING","DIRECTOR","",""
"DIRECTOR OF PLANNING GIVING","DIRECTOR","",""
"DIRECTOR OF PLANT OPERATIONS","DIRECTOR","",""
"DIRECTOR OF PLAY","DIRECTOR","",""
"DIRECTOR OF PLAYER DEVELOPMENT","DIRECTOR","",""
"DIRECTOR OF POLICY","DIRECTOR","",""
"DIRECTOR OF POLICY AND ADVOCACY","DIRECTOR","",""
"DIRECTOR OF POLITICAL AFFAIRS","DIRECTOR","",""
"DIRECTOR OF PORTFOLIO MANAGEMENT","DIRECTOR","",""
"DIRECTOR OF PR","DIRECTOR","",""
"DIRECTOR OF PRO BONO","DIRECTOR","",""
"DIRECTOR OF PROCUREMENT","DIRECTOR","",""
"DIRECTOR OF PRODUCT","DIRECTOR","",""
"DIRECTOR OF PRODUCT DEVELOPMENT","DIRECTOR","",""
"DIRECTOR OF PRODUCT MANAGEMENT","DIRECTOR","",""
"DIRECTOR OF PROF DEVELOPMENT","DIRECTOR","",""
"DIRECTOR OF PROFESSIONAL DEVELOPMENT","DIRECTOR","",""
"DIRECTOR OF PROFESSIONAL DIRECTOR","DIRECTOR","",""
"DIRECTOR OF PROGRAMS AND DEVELOPMENT","DIRECTOR","",""
"DIRECTOR OF PROGRAMS AND OPERATIONS","DIRECTOR","",""
"DIRECTOR OF PROGRAMS DEVELOPMENT","DIRECTOR","",""
"DIRECTOR OF PROGRAMS MANAGEMENT","DIRECTOR","",""
"DIRECTOR OF PROGRAMS OPERATIONS","DIRECTOR","",""
"DIRECTOR OF PROGRAMS SERVICES","DIRECTOR","",""
"DIRECTOR OF PROJECTS","DIRECTOR","",""
"DIRECTOR OF PROJECTS DEVELOPMENT","DIRECTOR","",""
"DIRECTOR OF PROJECTS MANAGEMENT","DIRECTOR","",""
"DIRECTOR OF PROJECTS OPERATIONS","DIRECTOR","",""
"DIRECTOR OF PROP MANAGEMENT","DIRECTOR","",""
"DIRECTOR OF PROPERTY","DIRECTOR","",""
"DIRECTOR OF PROPERTY MANAGEMENT","DIRECTOR","",""
"DIRECTOR OF PSYCHIATRY","DIRECTOR","",""
"DIRECTOR OF PUBLIC","DIRECTOR","",""
"DIRECTOR OF PUBLIC AFFAIRS","DIRECTOR","",""
"DIRECTOR OF PUBLIC HOUSING","DIRECTOR","",""
"DIRECTOR OF PUBLIC MEMBER","DIRECTOR","",""
"DIRECTOR OF PUBLIC POLICY","DIRECTOR","",""
"DIRECTOR OF PUBLIC RELATIONS AND COMMUNICATIONS","DIRECTOR","",""
"DIRECTOR OF PUBLICATIONS","DIRECTOR","",""
"DIRECTOR OF QUALITY","DIRECTOR","",""
"DIRECTOR OF QUALITY AND COMMITTEE","DIRECTOR","",""
"DIRECTOR OF QUALITY ASSURANCE","DIRECTOR","",""
"DIRECTOR OF R AND E DEVELOPMENT","DIRECTOR","",""
"DIRECTOR OF RACQUET SPORTS","DIRECTOR","",""
"DIRECTOR OF RACQUETS","DIRECTOR","",""
"DIRECTOR OF RADIO","DIRECTOR","",""
"DIRECTOR OF RADIOLOGY","DIRECTOR","",""
"DIRECTOR OF RE DEVELOPMENT","DIRECTOR","",""
"DIRECTOR OF REAL ESTATE","DIRECTOR","",""
"DIRECTOR OF REAL ESTATE DEVELOPMENT","DIRECTOR","",""
"DIRECTOR OF RECORDING","DIRECTOR","",""
"DIRECTOR OF RECORDS","DIRECTOR","",""
"DIRECTOR OF RECREATION","DIRECTOR","",""
"DIRECTOR OF RECREATIONAL","DIRECTOR","",""
"DIRECTOR OF RECRU","DIRECTOR","",""
"DIRECTOR OF RECRUITMENT","DIRECTOR","",""
"DIRECTOR OF REFEREES","DIRECTOR","",""
"DIRECTOR OF REG AFFAIRS","DIRECTOR","",""
"DIRECTOR OF REGIONAL","DIRECTOR","regional","regional"
"DIRECTOR OF REGIONAL AFFAIRS","DIRECTOR","regional","regional"
"DIRECTOR OF REGIONAL DELIVERY","DIRECTOR","regional","regional"
"DIRECTOR OF REGIONAL DEVELOPMENT","DIRECTOR","regional","regional"
"DIRECTOR OF REGIONAL OPERATIONS","DIRECTOR","regional","regional"
"DIRECTOR OF REGIONAL PROGRAMS","DIRECTOR","regional","regional"
"DIRECTOR OF REGISTRATION","DIRECTOR","",""
"DIRECTOR OF REGULATORY AFFAIRS","DIRECTOR","",""
"DIRECTOR OF REHAB","DIRECTOR","",""
"DIRECTOR OF RELATIONS","DIRECTOR","",""
"DIRECTOR OF RESEARCH AND DEVELOPMENT","DIRECTOR","",""
"DIRECTOR OF RESEARCH AND EVALUATION","DIRECTOR","",""
"DIRECTOR OF RESEARCH AND POLICY","DIRECTOR","",""
"DIRECTOR OF RESEARCH OPERATIONS","DIRECTOR","",""
"DIRECTOR OF RESIDENT SERVI","DIRECTOR","",""
"DIRECTOR OF RESIDENT SERVICES","DIRECTOR","",""
"DIRECTOR OF RESIDENTIAL SERVICES","DIRECTOR","",""
"DIRECTOR OF RESOURCES","DIRECTOR","",""
"DIRECTOR OF RESOURCES DEVELOPMENT","DIRECTOR","",""
"DIRECTOR OF RETAIL","DIRECTOR","",""
"DIRECTOR OF RETIREE","DIRECTOR","",""
"DIRECTOR OF RETIREES","DIRECTOR","",""
"DIRECTOR OF REVENUE","DIRECTOR","",""
"DIRECTOR OF REVENUE CYCLE","DIRECTOR","",""
"DIRECTOR OF RISK","DIRECTOR","",""
"DIRECTOR OF RITUAL","DIRECTOR","",""
"DIRECTOR OF ROWING","DIRECTOR","",""
"DIRECTOR OF RUGBY","DIRECTOR","",""
"DIRECTOR OF SAFETY","DIRECTOR","",""
"DIRECTOR OF SAFETY AND COMPLIANCE","DIRECTOR","",""
"DIRECTOR OF SALES AND MARKETING","DIRECTOR","",""
"DIRECTOR OF SCHEDULING","DIRECTOR","",""
"DIRECTOR OF SCHOLARSHIPS","DIRECTOR","",""
"DIRECTOR OF SCHOOL","DIRECTOR","",""
"DIRECTOR OF SCIENCE","DIRECTOR","",""
"DIRECTOR OF SELECT","DIRECTOR","",""
"DIRECTOR OF SERVICES","DIRECTOR","",""
"DIRECTOR OF SITE DEVELOPMENT","DIRECTOR","",""
"DIRECTOR OF SMALL BUSINESS","DIRECTOR","",""
"DIRECTOR OF SOCCER","DIRECTOR","",""
"DIRECTOR OF SOCCER OPERATIONS","DIRECTOR","",""
"DIRECTOR OF SOCIA","DIRECTOR","",""
"DIRECTOR OF SOCIAL EVENTS","DIRECTOR","",""
"DIRECTOR OF SOCIAL MEDIA","DIRECTOR","",""
"DIRECTOR OF SOCIAL MEDIA AND COMMUNICATIONS","DIRECTOR","",""
"DIRECTOR OF SOCIAL SERVICES","DIRECTOR","",""
"DIRECTOR OF SOFTBALL","DIRECTOR","",""
"DIRECTOR OF SOFTWARE DEVELOPMENT","DIRECTOR","",""
"DIRECTOR OF SPECIAL EDUCATION","DIRECTOR","",""
"DIRECTOR OF SPECIAL PROGRAMS","DIRECTOR","",""
"DIRECTOR OF SPECIAL PROJECTS","DIRECTOR","",""
"DIRECTOR OF SPONS","DIRECTOR","",""
"DIRECTOR OF SPONSORSHIP","DIRECTOR","",""
"DIRECTOR OF SPONSORSHIPS","DIRECTOR","",""
"DIRECTOR OF SQUASH","DIRECTOR","",""
"DIRECTOR OF STAFF DEVELOPMENT","DIRECTOR","",""
"DIRECTOR OF STANDARDS","DIRECTOR","",""
"DIRECTOR OF STANDARDS DEVELOPMENT","DIRECTOR","",""
"DIRECTOR OF STRATEGY","DIRECTOR","",""
"DIRECTOR OF STRATEGY ALLIANCES","DIRECTOR","",""
"DIRECTOR OF STRATEGY AND IMPACT","DIRECTOR","",""
"DIRECTOR OF STRATEGY AND OPERATIONS","DIRECTOR","",""
"DIRECTOR OF STRATEGY COMMUNICATIONS","DIRECTOR","",""
"DIRECTOR OF STRATEGY DEVELOPMENT","DIRECTOR","",""
"DIRECTOR OF STRATEGY GROWTH","DIRECTOR","",""
"DIRECTOR OF STRATEGY INITIA","DIRECTOR","",""
"DIRECTOR OF STRATEGY INITIATIVES","DIRECTOR","",""
"DIRECTOR OF STRATEGY PART","DIRECTOR","",""
"DIRECTOR OF STRATEGY PARTNERSHIP","DIRECTOR","",""
"DIRECTOR OF STRATEGY PARTNERSHIPS","DIRECTOR","",""
"DIRECTOR OF STRATEGY PLANNING","DIRECTOR","",""
"DIRECTOR OF STRATEGY PROGRAMS","DIRECTOR","",""
"DIRECTOR OF STUDENT AFFAIRS","DIRECTOR","",""
"DIRECTOR OF SUI","DIRECTOR","",""
"DIRECTOR OF SUPERVISORY COMMITTEE","DIRECTOR","",""
"DIRECTOR OF SUPPORT SERVICES","DIRECTOR","",""
"DIRECTOR OF SYSTEMS OPERATIONS","DIRECTOR","",""
"DIRECTOR OF TALENT","DIRECTOR","",""
"DIRECTOR OF TALENT AND CULTURE","DIRECTOR","",""
"DIRECTOR OF TEACHING AND LEARNING","DIRECTOR","",""
"DIRECTOR OF TECHNOLOGY OPERATIONS","DIRECTOR","",""
"DIRECTOR OF TECHNOLOGY PROGRAMS","DIRECTOR","",""
"DIRECTOR OF TECHNOLOGY SERVICES","DIRECTOR","",""
"DIRECTOR OF TENNIS","DIRECTOR","",""
"DIRECTOR OF THERAPY","DIRECTOR","",""
"DIRECTOR OF THERAPY SERVICES","DIRECTOR","",""
"DIRECTOR OF TRAINING","DIRECTOR","",""
"DIRECTOR OF TRAINING AND EDUCATION","DIRECTOR","",""
"DIRECTOR OF TRANSPORTATION","DIRECTOR","",""
"DIRECTOR OF TRAVEL","DIRECTOR","",""
"DIRECTOR OF TREASURER","DIRECTOR","",""
"DIRECTOR OF TREASURER SERVICES","DIRECTOR","",""
"DIRECTOR OF UNIFORMS","DIRECTOR","",""
"DIRECTOR OF VOLUNTEE","DIRECTOR","",""
"DIRECTOR OF VOLUNTEER MANAGEMENT","DIRECTOR","",""
"DIRECTOR OF VOLUNTEERING","DIRECTOR","",""
"DIRECTOR OF VOLUNTEERS","DIRECTOR","",""
"DIRECTOR OF WELLNESS","DIRECTOR","",""
"DIRECTOR OF WORK","DIRECTOR","",""
"DIRECTOR OF WORKFORCE DEVELOPMENT","DIRECTOR","",""
"DIRECTOR OF YOUTH","DIRECTOR","",""
"DIRECTOR OF YOUTH COMMITTEE","DIRECTOR","",""
"DIRECTOR OF YOUTH DEVELOPMENT","DIRECTOR","",""
"MANAGING DIRECTOR OF BUSINESS DEVELOPMENT","DIRECTOR","",""
"MANAGING DIRECTOR OF COMMUNICATIONS","DIRECTOR","",""
"MANAGING DIRECTOR OF DEVELOPMENT","DIRECTOR","",""
"MANAGING DIRECTOR OF EXTERNAL AFFAIRS","DIRECTOR","",""
"MANAGING DIRECTOR OF FINANCE","DIRECTOR","",""
"MANAGING DIRECTOR OF MARKETING","DIRECTOR","",""
"MANAGING DIRECTOR OF OPERATIONS","DIRECTOR","",""
"MANAGING DIRECTOR OF PROGRAMS","DIRECTOR","",""
"MANAGING DIRECTOR OF RESEARCH","DIRECTOR","",""
"MANAGING DIRECTOR OF STRATEGY","DIRECTOR","",""
"MANG DIRECTOR OF COMMITTEE SVCS","DIRECTOR","",""
"PRESIDENT DIRECTOR OF BUSINESS REPRESENTATIVE","DIRECTOR","",""
"REGIONAL DIRECTOR OF DEVELOPMENT","DIRECTOR","regional","regional"
"REGIONAL DIRECTOR OF PHILANTHROPY","DIRECTOR","regional","regional"
"REGIONAL DIRECTOR OF REGIONAL","DIRECTOR","regional","regional"
"REGIONAL DIRECTOR OF SALES","DIRECTOR","regional","regional"
"SBA DIRECTOR OF SENIOR BUSINESS DEVELOPMENT","DIRECTOR","",""
"SENIOR DIRECTOR OF ACCOUNTING","DIRECTOR","superior","senior"
"SENIOR DIRECTOR OF ADMINISTRATION","DIRECTOR","superior","senior"
"SENIOR DIRECTOR OF ADVANCEMENT","DIRECTOR","superior","senior"
"SENIOR DIRECTOR OF ADVOCACY","DIRECTOR","superior","senior"
"SENIOR DIRECTOR OF BRAND MARKETING","DIRECTOR","superior","senior"
"SENIOR DIRECTOR OF BUSINESS","DIRECTOR","superior","senior"
"SENIOR DIRECTOR OF BUSINESS DEVELOPMENT","DIRECTOR","superior","senior"
"SENIOR DIRECTOR OF BUSINESS OPERATIONS","DIRECTOR","superior","senior"
"SENIOR DIRECTOR OF CLINIC OPERATIONS","DIRECTOR","superior","senior"
"SENIOR DIRECTOR OF CLINICAL SERVICES","DIRECTOR","superior","senior"
"SENIOR DIRECTOR OF COMMUNICATIONS","DIRECTOR","superior","senior"
"SENIOR DIRECTOR OF COMPLIANCE","DIRECTOR","superior","senior"
"SENIOR DIRECTOR OF DEVELOPMENT OPERATIONS","DIRECTOR","superior","senior"
"SENIOR DIRECTOR OF ENGINEERING","DIRECTOR","superior","senior"
"SENIOR DIRECTOR OF EXTERNAL RELATIONS","DIRECTOR","superior","senior"
"SENIOR DIRECTOR OF FINANCE AND ADMINISTRATION","DIRECTOR","superior","senior"
"SENIOR DIRECTOR OF FINANCE AND OPERATIONS","DIRECTOR","superior","senior"
"SENIOR DIRECTOR OF FINANCE CONSULTANT","DIRECTOR","superior","senior"
"SENIOR DIRECTOR OF FOUNDATION","DIRECTOR","superior","senior"
"SENIOR DIRECTOR OF GOVERNMENT AFFAIRS","DIRECTOR","superior","senior"
"SENIOR DIRECTOR OF HUMAN RESOURCES","DIRECTOR","superior","senior"
"SENIOR DIRECTOR OF INFASTRUCTURE","DIRECTOR","superior","senior"
"SENIOR DIRECTOR OF INFORMATION TECHNOLOGY","DIRECTOR","superior","senior"
"SENIOR DIRECTOR OF INNOVATION","DIRECTOR","superior","senior"
"SENIOR DIRECTOR OF IT","DIRECTOR","superior","senior"
"SENIOR DIRECTOR OF MARKETING AND COMMITTEE","DIRECTOR","superior","senior"
"SENIOR DIRECTOR OF MARKETING AND COMMUNICATIONS","DIRECTOR","superior","senior"
"SENIOR DIRECTOR OF MEETINGS","DIRECTOR","superior","senior"
"SENIOR DIRECTOR OF MEETINGS AND EVENTS","DIRECTOR","superior","senior"
"SENIOR DIRECTOR OF MEMBERSHIP","DIRECTOR","superior","senior"
"SENIOR DIRECTOR OF PARTNERSHIPS","DIRECTOR","superior","senior"
"SENIOR DIRECTOR OF PEOPLE AND CULTURE","DIRECTOR","superior","senior"
"SENIOR DIRECTOR OF PHILANTHROPY","DIRECTOR","superior","senior"
"SENIOR DIRECTOR OF POLICY","DIRECTOR","superior","senior"
"SENIOR DIRECTOR OF PRODUCTION","DIRECTOR","superior","senior"
"SENIOR DIRECTOR OF PROGRAMS OPERATIONS","DIRECTOR","superior","senior"
"SENIOR DIRECTOR OF PUBLIC AFFAIRS","DIRECTOR","superior","senior"
"SENIOR DIRECTOR OF PUBLIC POLICY","DIRECTOR","superior","senior"
"SENIOR DIRECTOR OF PUBLICATIONS","DIRECTOR","superior","senior"
"SENIOR DIRECTOR OF RESEARCH","DIRECTOR","superior","senior"
"SENIOR DIRECTOR OF SALES","DIRECTOR","superior","senior"
"SENIOR DIRECTOR OF SPECIAL PROJECTS","DIRECTOR","superior","senior"
"SENIOR DIRECTOR OF SPONSORED PROJECTS","DIRECTOR","superior","senior"
"SENIOR DIRECTOR OF STRATEGY","DIRECTOR","superior","senior"
"SENIOR DIRECTOR OF STRATEGY INITIATIVES","DIRECTOR","superior","senior"
"SENIOR DIRECTOR OF STRATEGY PARTNERSHIPS","DIRECTOR","superior","senior"
"SENIOR DIRECTOR OF TECHNOLOGY","DIRECTOR","superior","senior"
"SENIOR DIRECTOR OF TECHNOLOGY SERVICES","DIRECTOR","superior","senior"
"ST DIRECTOR OF REGIONAL","DIRECTOR","regional","regional"
"VICE PRESIDENT DIRECTOR OF OPERATIONS","DIRECTOR","",""
"AAA DIRECTOR","DIRECTOR","",""
"ACADEMICS DIRECTOR","DIRECTOR","",""
"ACCOUNTING AND FINANCE DIRECTOR","DIRECTOR","",""
"ACCREDITATION DIRECTOR","DIRECTOR","",""
"ACS DIRECTOR","DIRECTOR","",""
"ACTIVE DIRECTOR","DIRECTOR","",""
"ACTIVITIES DIRECTOR","DIRECTOR","",""
"ACTIVITY DIRECTOR","DIRECTOR","",""
"AD HOC DIRECTOR","DIRECTOR","",""
"ADDITIONAL DIRECTOR","DIRECTOR","",""
"ADMINISTRATION AND DIRECTOR","DIRECTOR","",""
"ADMISSIONS DIRECTOR","DIRECTOR","",""
"ADOPTION DIRECTOR","DIRECTOR","",""
"ADOPTIONS DIRECTOR","DIRECTOR","",""
"ADVISING DIRECTOR","DIRECTOR","",""
"ADVISOR DIRECTOR","DIRECTOR","",""
"ADVISORY BOARD OF DIRECTOR","DIRECTOR","duplex","advisory"
"ADVOCACY DIRECTOR","DIRECTOR","",""
"AFFILIATE DIRECTOR","DIRECTOR","",""
"AGC NAT DIRECTOR","DIRECTOR","",""
"AGE DIRECTOR","DIRECTOR","",""
"AGENCY DIRECTOR","DIRECTOR","",""
"ALLIANCE DIRECTOR","DIRECTOR","",""
"ALLIED DIRECTOR","DIRECTOR","",""
"ALLIED MEMBER DIRECTOR","DIRECTOR","",""
"ALLOCATED DIRECTOR","DIRECTOR","",""
"ALT DIRECTOR","DIRECTOR","duplex","alternate"
"ALTERNATE REGIONAL DIRECTOR","DIRECTOR","regional","regional"
"ALTERNATIVE DIRECTOR","DIRECTOR","",""
"ALUMNAE DIRECTOR","DIRECTOR","",""
"ALUMNI DIRECTOR","DIRECTOR","",""
"AMBULANCE DIRECTOR","DIRECTOR","",""
"AND DIRECTOR","DIRECTOR","",""
"ANONYMOUS DIRECTOR","DIRECTOR","",""
"APPAREL DIRECTOR","DIRECTOR","",""
"APPNTD DIRECTOR","DIRECTOR","",""
"APPOINTED DIRECTOR","DIRECTOR","",""
"APPRENTICE DIRECTOR","DIRECTOR","",""
"AQUATICS DIRECTOR","DIRECTOR","",""
"ARENA DIRECTOR","DIRECTOR","",""
"ARTISTIC CO-DIRECTOR","DIRECTOR","duplex","co"
"ASA DIRECTOR","DIRECTOR","",""
"ASCENDING DIRECTOR","DIRECTOR","",""
"ASSET MANAGEMENT DIRECTOR","DIRECTOR","",""
"ASSISTANT ARTISTIC DIRECTOR","DIRECTOR","subordinate","assistant"
"ASSISTANT ATHLETIC DIRECTOR","DIRECTOR","subordinate","assistant"
"ASSISTANT BAND DIRECTOR","DIRECTOR","subordinate","assistant"
"ASSISTANT BOARD OF DIRECTOR","DIRECTOR","subordinate","assistant"
"ASSISTANT CAMP DIRECTOR","DIRECTOR","subordinate","assistant"
"ASSISTANT CHEER DIRECTOR","DIRECTOR","subordinate","assistant"
"ASSISTANT CHIEF AND DIRECTOR","DIRECTOR","subordinate","assistant"
"ASSISTANT CLERK CRAFT DIRECTOR","DIRECTOR","subordinate","assistant"
"ASSISTANT CLUB DIRECTOR","DIRECTOR","subordinate","assistant"
"ASSISTANT CRAFT DIRECTOR","DIRECTOR","subordinate","assistant"
"ASSISTANT DENTAL DIRECTOR","DIRECTOR","subordinate","assistant"
"ASSISTANT DIVISION DIRECTOR","DIRECTOR","subordinate","assistant"
"ASSISTANT FINANCE DIRECTOR","DIRECTOR","subordinate","assistant"
"ASSISTANT LAY DIRECTOR","DIRECTOR","subordinate","assistant"
"ASSISTANT MANAGING DIRECTOR","DIRECTOR","subordinate","assistant"
"ASSISTANT MEDICAL DIRECTOR","DIRECTOR","subordinate","assistant"
"ASSISTANT MUSIC DIRECTOR","DIRECTOR","subordinate","assistant"
"ASSISTANT PROGRAMS DIRECTOR","DIRECTOR","subordinate","assistant"
"ASSISTANT REGIONAL DIRECTOR","DIRECTOR","subordinate","assistant"
"ASSISTANT SECRETARY HONORARY DIRECTOR","DIRECTOR","subordinate","assistant"
"ASSISTANT SECRETARY NOT A DIRECTOR","DIRECTOR","subordinate","assistant"
"ASSISTANT TO DIRECTOR","DIRECTOR","subordinate","assistant"
"ASSISTANT TRAINING DIRECTOR","DIRECTOR","subordinate","assistant"
"ASSISTANT TREASURER DIRECTOR","DIRECTOR","subordinate","assistant"
"ASSO DIRECTOR","DIRECTOR","",""
"ASSOCIATE MED DIRECTOR","DIRECTOR","subordinate","associate"
"ASSOCIATE MEDICAL DIRECTOR","DIRECTOR","subordinate","associate"
"ASSOCIATE MEMBER DIRECTOR","DIRECTOR","subordinate","associate"
"ASSOCIATION DIRECTOR","DIRECTOR","",""
"ATH DIRECTOR","DIRECTOR","",""
"ATHLETE DIRECTOR","DIRECTOR","",""
"ATHLETE REPRESENTATIVE DIRECTOR","DIRECTOR","",""
"ATHLETICS DIRECTOR","DIRECTOR","",""
"AWARDS DIRECTOR","DIRECTOR","",""
"AWWA DIRECTOR","DIRECTOR","",""
"B O DIRECTOR","DIRECTOR","",""
"B OF DIRECTOR","DIRECTOR","",""
"BANK DIRECTOR","DIRECTOR","",""
"BANTAM DIRECTOR","DIRECTOR","",""
"BB DIRECTOR","DIRECTOR","",""
"BEHAVIORAL HEALTH DIRECTOR","DIRECTOR","",""
"BENEFITS DIRECTOR","DIRECTOR","",""
"BHT DIRECTOR","DIRECTOR","",""
"BINGO DIRECTOR","DIRECTOR","",""
"BOARD AND DIRECTOR","DIRECTOR","",""
"BOARD CHAIR DIRECTOR","DIRECTOR","committee","chair"
"BOARD MEMBER DIRECTOR","DIRECTOR","",""
"BOARD OF DIRECTOR DIRECTOR","DIRECTOR","",""
"BORAD OF DIRECTOR","DIRECTOR","",""
"BOYS DIRECTOR","DIRECTOR","",""
"BOYS PROGRAMS DIRECTOR","DIRECTOR","",""
"BOYS TRAVEL DIRECTOR","DIRECTOR","",""
"BRANCH DIRECTOR","DIRECTOR","",""
"BUDGET AND ANALYTICS DIRECTOR","DIRECTOR","",""
"BUDGET DIRECTOR","DIRECTOR","",""
"BUILDER DIRECTOR","DIRECTOR","",""
"BUILDERS DIRECTOR","DIRECTOR","",""
"BUILDING DIRECTOR","DIRECTOR","",""
"BULL RIDING DIRECTOR","DIRECTOR","",""
"BUSINESS DEVELOPMENT DIRECTOR","DIRECTOR","",""
"BUSINESS OPERATIONS DIRECTOR","DIRECTOR","",""
"CA DIRECTOR","DIRECTOR","",""
"CA NAR DIRECTOR","DIRECTOR","",""
"CAMPAIGN DIRECTOR","DIRECTOR","",""
"CAMPAIGNS DIRECTOR","DIRECTOR","",""
"CAMPUS DIRECTOR","DIRECTOR","",""
"CAPTAIN AND DIRECTOR","DIRECTOR","",""
"CAR DIRECTOR","DIRECTOR","",""
"CATERING DIRECTOR","DIRECTOR","",""
"CB DIRECTOR","DIRECTOR","",""
"CENTER DIRECTOR","DIRECTOR","",""
"CENTER MEDICAL DIRECTOR","DIRECTOR","",""
"CEO ARTISTIC DIRECTOR","DIRECTOR","",""
"CEO DIRECTOR","DIRECTOR","",""
"CERTIFICATION DIRECTOR","DIRECTOR","",""
"CFO DIRECTOR","DIRECTOR","",""
"CHAIR'S CLUB DIRECTOR","DIRECTOR","committee","chair"
"CHAIR APPOINTED DIRECTOR","DIRECTOR","committee","chair"
"CHAIR BOARD OF DIRECTOR","DIRECTOR","committee","chair"
"CHAIR OF BOARD DIRECTOR","DIRECTOR","committee","chair"
"CHAIR OF BOARD OF DIRECTOR","DIRECTOR","committee","chair"
"CHAIR OF DIRECTOR","DIRECTOR","committee","chair"
"CHAMBER DIRECTOR","DIRECTOR","",""
"CHAPTERS DIRECTOR","DIRECTOR","",""
"CHARIMAN AND DIRECTOR","DIRECTOR","",""
"CHARITY DIRECTOR","DIRECTOR","",""
"CHEER DIRECTOR","DIRECTOR","",""
"CHEERLEADING DIRECTOR","DIRECTOR","",""
"CHIEF DIRECTOR","DIRECTOR","",""
"CHIEF HUMAN RESOURCES DIRECTOR","DIRECTOR","",""
"CHIEF MEDICAL DIRECTOR","DIRECTOR","",""
"CHIEF OF STAFF AND DIRECTOR","DIRECTOR","",""
"CHILD CARE DIRECTOR","DIRECTOR","",""
"CHILDCARE DIRECTOR","DIRECTOR","",""
"CHOIR DIRECTOR","DIRECTOR","",""
"CHORAL DIRECTOR","DIRECTOR","",""
"CHORUS DIRECTOR","DIRECTOR","",""
"CHURCH DIRECTOR","DIRECTOR","",""
"CIRCUIT DIRECTOR","DIRECTOR","",""
"CLASS A DIRECTOR","DIRECTOR","",""
"CLASS B DIRECTOR","DIRECTOR","",""
"CLASS DIRECTOR","DIRECTOR","",""
"CLERK CRAFT DIRECTOR","DIRECTOR","",""
"CLERK DIRECTOR","DIRECTOR","",""
"CLIENT SERVICE DIRECTOR","DIRECTOR","",""
"CLIENT SERVICES DIRECTOR","DIRECTOR","",""
"CLINIC DIRECTOR","DIRECTOR","",""
"CLINIC MEDICAL DIRECTOR","DIRECTOR","",""
"CLINICAL OPERATIONS DIRECTOR","DIRECTOR","",""
"CLINICAL SERVICES DIRECTOR","DIRECTOR","",""
"CLUB DIRECTOR","DIRECTOR","",""
"CLUBHOUSE DIRECTOR","DIRECTOR","",""
"CME DIRECTOR","DIRECTOR","",""
"CO-AND DIRECTOR","DIRECTOR","duplex","co"
"CO-ARTISTIC DIRECTOR","DIRECTOR","duplex","co"
"CO-ASSISTANT DIRECTOR","DIRECTOR","subordinate","assistant"
"CO-CHAIR BOARD OF DIRECTOR","DIRECTOR","duplex","co"
"CO-CHAIR DIRECTOR","DIRECTOR","duplex","co"
"CO-CHAIR OF BOARD OF DIRECTOR","DIRECTOR","duplex","co"
"CO-CHEER DIRECTOR","DIRECTOR","duplex","co"
"CO-MANAGING DIRECTOR","DIRECTOR","duplex","co"
"CO-MEDICAL DIRECTOR","DIRECTOR","duplex","co"
"CO-OPERATIONS BOARD DIRECTOR","DIRECTOR","duplex","co"
"CO-PROGRAMS DIRECTOR","DIRECTOR","duplex","co"
"CO-VICE CHAIR DIRECTOR","DIRECTOR","duplex","co"
"COACH AND DIRECTOR","DIRECTOR","",""
"COACH DIRECTOR","DIRECTOR","",""
"COACHES DIRECTOR","DIRECTOR","",""
"COACHING DIRECTOR","DIRECTOR","",""
"COLLEGE RELATIONS DIRECTOR","DIRECTOR","",""
"COMMERCIAL DIRECTOR","DIRECTOR","",""
"COMMITTEE CO-DIRECTOR","DIRECTOR","duplex","co"
"COMMODORE AND DIRECTOR","DIRECTOR","",""
"COMMUNICATIONS AND DIRECTOR","DIRECTOR","",""
"COMMUNICATIONS CO-DIRECTOR","DIRECTOR","duplex","co"
"COMMUNITY DEVELOPMENT DIRECTOR","DIRECTOR","",""
"COMMUNITY DIRECTOR","DIRECTOR","",""
"COMMUNITY ENGAGEMENT DIRECTOR","DIRECTOR","",""
"COMMUNITY LAY DIRECTOR","DIRECTOR","",""
"COMMUNITY OUTREACH DIRECTOR","DIRECTOR","",""
"COMMUNITY RELATIONS DIRECTOR","DIRECTOR","",""
"COMMUNITY SERVICE DIRECTOR","DIRECTOR","",""
"COMMUNITY SERVICES DIRECTOR","DIRECTOR","",""
"COMPANY DIRECTOR","DIRECTOR","",""
"COMPETITION DIRECTOR","DIRECTOR","",""
"COMPETITIVE DIRECTOR","DIRECTOR","",""
"CONCESSION DIRECTOR","DIRECTOR","",""
"CONCESSIONS DIRECTOR","DIRECTOR","",""
"CONFERENCE DIRECTOR","DIRECTOR","",""
"CONSERVATION DIRECTOR","DIRECTOR","",""
"CONSTRUCTION DIRECTOR","DIRECTOR","",""
"CONSULTANT DIRECTOR","DIRECTOR","",""
"CONTINUING EDUCATION DIRECTOR","DIRECTOR","",""
"CONTR DIRECTOR","DIRECTOR","",""
"CONTRACT DIRECTOR","DIRECTOR","",""
"CONTRACTOR DIRECTOR","DIRECTOR","",""
"CONVENTION DIRECTOR","DIRECTOR","",""
"COO DIRECTOR","CHIEF OPERATING OFFICER","",""
"COPE DIRECTOR","DIRECTOR","",""
"CORP CLINICAL SERVICE DIRECTOR","DIRECTOR","",""
"CORP DIRECTOR","DIRECTOR","",""
"CORPORATE DIRECTOR","DIRECTOR","",""
"CORPORATE RELATIONS DIRECTOR","DIRECTOR","",""
"CORPORATION DIRECTOR","DIRECTOR","",""
"COSTUME DIRECTOR","DIRECTOR","",""
"COUNCIL DIRECTOR","DIRECTOR","",""
"COUNTRY DIRECTOR","DIRECTOR","",""
"COUNTY DIRECTOR","DIRECTOR","",""
"CRAFT DIRECTOR","DIRECTOR","",""
"CRAN DIRECTOR","DIRECTOR","",""
"CRI INDEPENDENT DIRECTOR","DIRECTOR","",""
"CULTURAL DIRECTOR","DIRECTOR","",""
"CULTURE DIRECTOR","DIRECTOR","",""
"CURRICULUM DIRECTOR","DIRECTOR","",""
"DANCE DIRECTOR","DIRECTOR","",""
"DATA DIRECTOR","DIRECTOR","",""
"DAY CARE DIRECTOR","DIRECTOR","",""
"DAYCARE DIRECTOR","DIRECTOR","",""
"DEI DIRECTOR","DIRECTOR","",""
"DELEGATE DIRECTOR","DIRECTOR","",""
"DENTAL DIRECTOR","DIRECTOR","",""
"DENTIST AND DENTAL DIRECTOR","DIRECTOR","",""
"DEPUTY FISCAL DIRECTOR","DIRECTOR","subordinate","deputy"
"DEPUTY LEGAL DIRECTOR","DIRECTOR","subordinate","deputy"
"DEPUTY MANAGING DIRECTOR","DIRECTOR","subordinate","deputy"
"DEPUTY PROGRAMS DIRECTOR","DIRECTOR","subordinate","deputy"
"DESIGN DIRECTOR","DIRECTOR","",""
"DESIGNATED DIRECTOR","DIRECTOR","",""
"DEVELOPMENT ACCOUNTING DIRECTOR","DIRECTOR","",""
"DIGITAL DIRECTOR","DIRECTOR","",""
"DIGITAL MEDIA DIRECTOR","DIRECTOR","",""
"DIRECTOR BOARD OF DIRECTOR","DIRECTOR","",""
"DIRECTOR DIRECTOR","DIRECTOR","",""
"DIRECTOR VBMS BOARD OF DIRECTOR","DIRECTOR","",""
"DISTRIBUTION DIRECTOR","DIRECTOR","",""
"DISTRIBUTOR DIVISION DIRECTOR","DIRECTOR","",""
"DIV DIRECTOR","DIRECTOR","",""
"DIVERSITY AND INCLUSION DIRECTOR","DIRECTOR","",""
"DIVERSITY DIRECTOR","DIRECTOR","",""
"DONOR CLERK DIRECTOR","DIRECTOR","",""
"DONOR DIRECTOR","DIRECTOR","",""
"E BOARD DIRECTOR","DIRECTOR","",""
"E REGIONAL DIRECTOR","DIRECTOR","regional","regional"
"EAP DIRECTOR","DIRECTOR","",""
"ECECUTIVE DIRECTOR","DIRECTOR","",""
"ECEXUTIVE DIRECTOR","DIRECTOR","",""
"ECONOMIC DEVELOPMENT DIRECTOR","DIRECTOR","",""
"EDITOR DIRECTOR","DIRECTOR","",""
"EDITORIAL DIRECTOR","DIRECTOR","",""
"EDU DIRECTOR","DIRECTOR","",""
"EDUCATION AND OUTREACH COORDINATOR AND DIRECTOR","DIRECTOR","",""
"EDUCATIONAL DIRECTOR","DIRECTOR","",""
"EECUTIVE DIRECTOR","DIRECTOR","",""
"ELEMENTARY DIRECTOR","DIRECTOR","",""
"ELITE ATHLETE DIRECTOR","DIRECTOR","",""
"EMPLOYEE AND DIRECTOR","DIRECTOR","",""
"EMPLOYEE AND PROGRAMS DIRECTOR","DIRECTOR","",""
"EMPLOYER DIRECTOR","DIRECTOR","",""
"ENGAGEMENT DIRECTOR","DIRECTOR","",""
"ENGINEERING DIRECTOR","DIRECTOR","",""
"ENTERTAINMENT DIRECTOR","DIRECTOR","",""
"EQUIP DIRECTOR","DIRECTOR","",""
"ETHICS DIRECTOR","DIRECTOR","",""
"EVENT DIRECTOR","DIRECTOR","",""
"EXECUTIVE BOARD DIRECTOR","BOARD MEMBER","committee","executive"
"EXECUTIVE COMMITTEE AND DIRECTOR","BOARD MEMBER","committee","executive"
"EXECUTIVE COMMITTEE DIRECTOR","BOARD MEMBER","committee","executive"
"EXECUTIVE CONSULTANT IE DIRECTOR","DIRECTOR","superior","executive"
"EXECUTIVE CREATIVE DIRECTOR","DIRECTOR","superior","executive"
"EXECUTIVE MANAGING DIRECTOR","MANAGING DIRECTOR","superior","executive"
"EXECUTIVE MEDICAL DIRECTOR","DIRECTOR","superior","executive"
"EXECUTIVE PROGRAMS DIRECTOR","DIRECTOR","superior","executive"
"EXECUTIVE REGIONAL DIRECTOR","DIRECTOR","superior","executive"
"EXOFFICIO AND DIRECTOR","DIRECTOR","",""
"EXOFFICIO VOTING DIRECTOR","DIRECTOR","",""
"EXTERNAL DIRECTOR","DIRECTOR","",""
"F AND B DIRECTOR","DIRECTOR","",""
"FACILITY DIRECTOR","DIRECTOR","",""
"FACULTY DIRECTOR","DIRECTOR","",""
"FAIR DIRECTOR","DIRECTOR","",""
"FAMILY DIRECTOR","DIRECTOR","",""
"FARM DIRECTOR","DIRECTOR","",""
"FEDERATION DIRECTOR","DIRECTOR","",""
"FESTIVAL DIRECTOR","DIRECTOR","",""
"FHBA LIFE DIRECTOR","DIRECTOR","",""
"FIELD AND EQUIPMENT DIRECTOR","DIRECTOR","",""
"FIELDS DIRECTOR","DIRECTOR","",""
"FINANCE AND ACCOUNTING DIRECTOR","DIRECTOR","",""
"FINANCE AND ADMINISTRATION DIRECTOR","DIRECTOR","",""
"FINANCE AND BANKING DIRECTOR","DIRECTOR","",""
"FINANCE AND HUMAN RESOURCES DIRECTOR","DIRECTOR","",""
"FINANCE AND OPERATIONS DIRECTOR","DIRECTOR","",""
"FINANCE SENIOR DIRECTOR","DIRECTOR","",""
"FIRE CHIEF AND DIRECTOR","DIRECTOR","",""
"FITNESS DIRECTOR","DIRECTOR","",""
"FLAG DIRECTOR","DIRECTOR","",""
"FMR DIRECTOR","DIRECTOR","",""
"FOOD AND BEVERAGE DIRECTOR","DIRECTOR","",""
"FOOD BANK DIRECTOR","DIRECTOR","",""
"FOOD DIRECTOR","DIRECTOR","",""
"FOOD PANTRY DIRECTOR","DIRECTOR","",""
"FOOD SERVICE DIRECTOR","DIRECTOR","",""
"FOOD SHELF DIRECTOR","DIRECTOR","",""
"FOOTBALL ATHLETIC DIRECTOR","DIRECTOR","",""
"FOSTER DIRECTOR","DIRECTOR","",""
"FOUNDATION BOARD OF DIRECTOR","DIRECTOR","",""
"FOUNDATION DIRECTOR","DIRECTOR","",""
"FOUNDATIONAL DIRECTOR","DIRECTOR","",""
"FRATERNAL DIRECTOR","DIRECTOR","",""
"FRM DIRECTOR","DIRECTOR","",""
"FUND DEVELOPMENT DIRECTOR","DIRECTOR","",""
"FUND DIRECTOR","DIRECTOR","",""
"FUND RAISING DIRECTOR","DIRECTOR","",""
"FUNDRAISER DIRECTOR","DIRECTOR","",""
"FUNERAL DIRECTOR","DIRECTOR","",""
"GALLERY DIRECTOR","DIRECTOR","",""
"GAMES DIRECTOR","DIRECTOR","",""
"GAR DIRECTOR","DIRECTOR","",""
"GBRAR AND DIRECTOR","DIRECTOR","",""
"GC DIRECTOR","DIRECTOR","",""
"GENERAL CONTRACTOR DIRECTOR","DIRECTOR","",""
"GEOGRAPHIC DIRECTOR","DIRECTOR","",""
"GIRLS DIRECTOR","DIRECTOR","",""
"GIRLS PROGRAMS DIRECTOR","DIRECTOR","",""
"GIRLS TRAVEL DIRECTOR","DIRECTOR","",""
"GLACIER LAKES DIRECTOR","DIRECTOR","",""
"GLOBAL DIRECTOR","DIRECTOR","",""
"GLOBAL PROGRAMS DIRECTOR","DIRECTOR","",""
"GOLD DIRECTOR","DIRECTOR","",""
"GOLDEN GATE DIRECTOR","DIRECTOR","",""
"GOLF DIRECTOR","DIRECTOR","",""
"GOLF EVENTS DIRECTOR","DIRECTOR","",""
"GOV AFFAIRS DIRECTOR","DIRECTOR","",""
"GOV RELATIONS DIRECTOR","DIRECTOR","",""
"GOVERNANCE DIRECTOR","DIRECTOR","",""
"GOVERNMENT AFFAIRS DIRECTOR","DIRECTOR","",""
"GOVERNMENT RELATIONS DIRECTOR","DIRECTOR","",""
"GOVERNMENTAL AFFAIRS DIRECTOR","DIRECTOR","",""
"GRAND DIRECTOR","DIRECTOR","",""
"GRANT DIRECTOR","DIRECTOR","",""
"GRANTS DIRECTOR","DIRECTOR","",""
"GREENBRIER DIRECTOR","DIRECTOR","",""
"GROUNDS DIRECTOR","DIRECTOR","",""
"GROWER DIRECTOR","DIRECTOR","",""
"HBA ASSOCIATE DIRECTOR","DIRECTOR","subordinate","associate"
"HBA BUILDER DIRECTOR","DIRECTOR","",""
"HEAD DIRECTOR","DIRECTOR","",""
"HEALTH AND SAFETY DIRECTOR","DIRECTOR","",""
"HEALTH DIRECTOR","DIRECTOR","",""
"HEALTH PLAN DIRECTOR","DIRECTOR","",""
"HIGH SCHOOL DIRECTOR","DIRECTOR","",""
"HL DIRECTOR","DIRECTOR","",""
"HMC DIRECTOR","DIRECTOR","",""
"HOCKEY DIRECTOR","DIRECTOR","",""
"HON DIRECTOR","DIRECTOR","",""
"HONORARY BOARD OF DIRECTOR","DIRECTOR","",""
"HONORAY DIRECTOR","DIRECTOR","",""
"HOOPS DIRECTOR","DIRECTOR","",""
"HOSPICE CLINICAL DIRECTOR","DIRECTOR","",""
"HOSPICE DIRECTOR","DIRECTOR","",""
"HOSPICE MEDICAL DIRECTOR","DIRECTOR","",""
"HOSPITAL DIRECTOR","DIRECTOR","",""
"HOSPITALITY DIRECTOR","DIRECTOR","",""
"HOTBA LIFE DIRECTOR","DIRECTOR","",""
"HOTEL DIRECTOR","DIRECTOR","",""
"HOUSE DIRECTOR","DIRECTOR","",""
"HOUSING DIRECTOR","DIRECTOR","",""
"HS DIRECTOR","DIRECTOR","",""
"HUMAN RELATIONS DIRECTOR","DIRECTOR","",""
"IIABA DIRECTOR","DIRECTOR","",""
"IMPACT DIRECTOR","DIRECTOR","",""
"IN HOUSE DIRECTOR","DIRECTOR","",""
"INCORPORATOR AND DIRECTOR","DIRECTOR","",""
"IND DIRECTOR","DIRECTOR","",""
"INDEPENDENT CONTRACTOR AND BOARD OF DIRECTOR","DIRECTOR","",""
"INDEPENDENT DIRECTOR","DIRECTOR","",""
"INDIVIDUAL DIRECTOR","DIRECTOR","",""
"INDIVIDUAL TRUSTEE DIRECTOR","DIRECTOR","",""
"INDIVIDUAL TRUSTEES OR DIRECTOR","DIRECTOR","",""
"INDUSTRIAL RELATIONS DIRECTOR","DIRECTOR","",""
"INDUSTRY DIRECTOR","DIRECTOR","",""
"INFORMATION DIRECTOR","DIRECTOR","",""
"INFORMATION SYSTEMS DIRECTOR","DIRECTOR","",""
"INITIAL AND DIRECTOR","DIRECTOR","",""
"INITIAL DIRECTOR","DIRECTOR","",""
"INSTITUTIONAL DIRECTOR","DIRECTOR","",""
"INSURANCE DIRECTOR","DIRECTOR","",""
"INTAKE DIRECTOR","DIRECTOR","",""
"INTERNAL AUDIT DIRECTOR","DIRECTOR","",""
"INTERNAL DIRECTOR","DIRECTOR","",""
"INTL DIRECTOR","DIRECTOR","",""
"INTRAMURAL DIRECTOR","DIRECTOR","",""
"INVESTMENT DIRECTOR","DIRECTOR","",""
"ISA DIRECTOR","DIRECTOR","",""
"IT OPERATIONS AND SUPPORT DIRECTOR","DIRECTOR","",""
"JERSEY DIRECTOR","DIRECTOR","",""
"JUDICIAL DIRECTOR","DIRECTOR","",""
"JUNIOR BOARD OF DIRECTOR","DIRECTOR","subordinate","junior"
"KITCHEN DIRECTOR","DIRECTOR","",""
"LAB DIRECTOR","DIRECTOR","",""
"LABOR DIRECTOR","DIRECTOR","",""
"LACROSSE DIRECTOR","DIRECTOR","",""
"LARGE COMPANY DIRECTOR","DIRECTOR","",""
"LAY DIRECTOR","DIRECTOR","",""
"LBI DIRECTOR","DIRECTOR","",""
"LEAD DIRECTOR","DIRECTOR","",""
"LEAD INDEPENDENT DIRECTOR","DIRECTOR","",""
"LEADERSHIP DEVELOPMENT DIRECTOR","DIRECTOR","",""
"LEADERSHIP DIRECTOR","DIRECTOR","",""
"LEAGUE DIRECTOR","DIRECTOR","",""
"LEAGUES DIRECTOR","DIRECTOR","",""
"LEARN TO SKATE DIRECTOR","DIRECTOR","",""
"LEGACY DIRECTOR","DIRECTOR","",""
"LEGAL DIRECTOR","DIRECTOR","",""
"LEGAL SERVICES DIRECTOR","DIRECTOR","",""
"LEGISLATIVE DIRECTOR","DIRECTOR","",""
"LENDING DIRECTOR","DIRECTOR","",""
"LIFE BOARD OF DIRECTOR","DIRECTOR","",""
"LIFEGUARD DIRECTOR","DIRECTOR","",""
"LINCOLN REGIONAL DIRECTOR","DIRECTOR","regional","regional"
"LITIGATION DIRECTOR","DIRECTOR","",""
"LODGING DIRECTOR","DIRECTOR","",""
"LOGISTICS DIRECTOR","DIRECTOR","",""
"M + DIRECTOR","DIRECTOR","",""
"MAINT CRAFT DIRECTOR","DIRECTOR","",""
"MAINT DIRECTOR","DIRECTOR","",""
"MAINTENANCE CRAFT DIRECTOR","DIRECTOR","",""
"MAINTENANCE DIRECTOR","DIRECTOR","",""
"MANAGEMENT DIRECTOR","DIRECTOR","",""
"MANAGER DIRECTOR","DIRECTOR","",""
"MANAGING PROGRAMS DIRECTOR","DIRECTOR","",""
"MANITOWOC DIRECTOR","DIRECTOR","",""
"MANUFACT DIRECTOR","DIRECTOR","",""
"MANUFACTURER DIVISION DIRECTOR","DIRECTOR","",""
"MARICOPA DIRECTOR","DIRECTOR","",""
"MARKETING AND COMMITTEE DIRECTOR","DIRECTOR","",""
"MARKETING AND COMMUNICATIONS DIRECTOR","DIRECTOR","",""
"MARKETING AND DEVELOPMENT DIRECTOR","DIRECTOR","",""
"MARKETING AND SOCIAL MEDIA DIRECTOR","DIRECTOR","",""
"MARKETING CO-DIRECTOR","DIRECTOR","duplex","co"
"MB DIRECTOR","DIRECTOR","",""
"MD AND DIRECTOR","DIRECTOR","",""
"MED DIRECTOR","DIRECTOR","",""
"MEDIA AND COMMUNICATIONS DIRECTOR","DIRECTOR","",""
"MEDIA DIRECTOR","DIRECTOR","",""
"MEET DIRECTOR","DIRECTOR","",""
"MEETING DIRECTOR","DIRECTOR","",""
"MEETINGS DIRECTOR","DIRECTOR","",""
"MEMBER BOARD DIRECTOR","DIRECTOR","",""
"MEMBER DIRECTOR","DIRECTOR","",""
"MEMBER SERVICES DIRECTOR","DIRECTOR","",""
"MEMBERSHIP AND DIRECTOR","DIRECTOR","",""
"MEMBERSHIP CO-DIRECTOR","DIRECTOR","duplex","co"
"MENTAL HEALTH DIRECTOR","DIRECTOR","",""
"MERCHANDISE DIRECTOR","DIRECTOR","",""
"MID REGIONAL AND DIRECTOR","DIRECTOR","regional","regional"
"MID REGIONAL DIRECTOR","DIRECTOR","regional","regional"
"MIDDLE SCHOOL DIRECTOR","DIRECTOR","",""
"MINISTRY DIRECTOR","DIRECTOR","",""
"MIS DIRECTOR","DIRECTOR","",""
"MISSION DIRECTOR","DIRECTOR","",""
"MISSIONS DIRECTOR","DIRECTOR","",""
"MITE DIRECTOR","DIRECTOR","",""
"MLS DIRECTOR","DIRECTOR","",""
"MNAR DIRECTOR","DIRECTOR","",""
"MNG DIRECTOR","DIRECTOR","",""
"MOTOR CARRIER DIRECTOR","DIRECTOR","",""
"MOTOR VEHICLE CRAFT DIRECTOR","DIRECTOR","",""
"MOTOR VEHICLE DIRECTOR","DIRECTOR","",""
"MROC DIRECTOR","DIRECTOR","",""
"MSA DIRECTOR","DIRECTOR","",""
"MVS CRAFT DIRECTOR","DIRECTOR","",""
"MVS DIRECTOR","DIRECTOR","",""
"N REGIONAL DIRECTOR","DIRECTOR","regional","regional"
"NABIP DIRECTOR","DIRECTOR","",""
"NADA DIRECTOR","DIRECTOR","",""
"NAR DIRECTOR","DIRECTOR","",""
"NASN DIRECTOR","DIRECTOR","",""
"NAT'L DIRECTOR","DIRECTOR","",""
"NATL DIRECTOR","DIRECTOR","",""
"NETWORK DIRECTOR","DIRECTOR","",""
"NETWORK LEADER DIRECTOR","DIRECTOR","",""
"NEWSLETTER DIRECTOR","DIRECTOR","",""
"NOMAR AND DIRECTOR","DIRECTOR","",""
"NOMINATING DIRECTOR","DIRECTOR","",""
"NON COMPENSATED DIRECTOR","DIRECTOR","",""
"NON DIRECTOR","DIRECTOR","",""
"NON REGIONAL DIRECTOR","DIRECTOR","regional","regional"
"NON VOTE DIRECTOR","DIRECTOR","",""
"NONVOTING DIRECTOR","DIRECTOR","",""
"NPGA DIRECTOR","DIRECTOR","",""
"NSPS DIRECTOR","DIRECTOR","",""
"NTA DIRECTOR","DIRECTOR","",""
"NURSING DIRECTOR","DIRECTOR","",""
"OAHU DIRECTOR","DIRECTOR","",""
"OB AND GYN DIRECTOR","DIRECTOR","",""
"OCP DIRECTOR","DIRECTOR","",""
"OFFICE DIRECTOR","DIRECTOR","",""
"OFFICER DIRECTOR","DIRECTOR","",""
"OFFICER OF BOARD OF DIRECTOR","DIRECTOR","",""
"ON PREMISE SIGN DIRECTOR","DIRECTOR","",""
"ON SITE DIRECTOR","DIRECTOR","",""
"OPERATING DIRECTOR","DIRECTOR","",""
"OPERATIONS AND FINANCE DIRECTOR","DIRECTOR","",""
"OPERATIONS SENIOR DIRECTOR","DIRECTOR","",""
"OR DIRECTOR","DIRECTOR","",""
"ORCHESTRA DIRECTOR","DIRECTOR","",""
"ORGANIZATIONAL DIRECTOR","DIRECTOR","",""
"ORGANIZER AND DIRECTOR","DIRECTOR","",""
"ORGANIZING DIRECTOR","DIRECTOR","",""
"OUTPATIENT THERAPIST AND CO-OPERATIONS BOARD DIRECTOR","DIRECTOR","duplex","co"
"OUTSIDE DIRECTOR","DIRECTOR","",""
"OWNER AND DIRECTOR","DIRECTOR","",""
"OWNER DIRECTOR","DIRECTOR","",""
"P AND DIRECTOR","DIRECTOR","",""
"PAC DIRECTOR","DIRECTOR","",""
"PAGEANT DIRECTOR","DIRECTOR","",""
"PANTRY DIRECTOR","DIRECTOR","",""
"PARENT DIRECTOR","DIRECTOR","",""
"PARK DIRECTOR","DIRECTOR","",""
"PARTNER DIRECTOR","DIRECTOR","",""
"PARTNERSHIP DIRECTOR","DIRECTOR","",""
"PARTNERSHIPS DIRECTOR","DIRECTOR","",""
"PASTOR AND DIRECTOR","DIRECTOR","",""
"PASTOR DIRECTOR","DIRECTOR","",""
"PEEWEE DIRECTOR","DIRECTOR","",""
"PERMANENT DIRECTOR","DIRECTOR","",""
"PERSONNEL DIRECTOR","DIRECTOR","",""
"PHARMACY DIRECTOR","DIRECTOR","",""
"PHILANTHROPY DIRECTOR","DIRECTOR","",""
"PHYSICIAN AND DIRECTOR","DIRECTOR","",""
"PHYSICIAN AND MEDICAL DIRECTOR","DIRECTOR","",""
"PHYSICIAN DIRECTOR","DIRECTOR","",""
"PISTOL DIRECTOR","DIRECTOR","",""
"PLACEMENT DIRECTOR","DIRECTOR","",""
"PLAN DIRECTOR","DIRECTOR","",""
"PLATINUM DIRECTOR","DIRECTOR","",""
"PLAYER AND DIRECTOR","DIRECTOR","",""
"PLAYER DEVELOPMENT DIRECTOR","DIRECTOR","",""
"PLAYER DIRECTOR","DIRECTOR","",""
"PMSI DIRECTOR","DIRECTOR","",""
"POL DIRECTOR","DIRECTOR","",""
"POLICY DIRECTOR","DIRECTOR","",""
"POOL DIRECTOR","DIRECTOR","",""
"POST DIRECTOR","DIRECTOR","",""
"POTOMAC CHESAPEAKE DIRECTOR","DIRECTOR","",""
"PRACTICE DIRECTOR","DIRECTOR","",""
"PRACTICE DIVISION DIRECTOR","DIRECTOR","",""
"PRACTITIONER DIRECTOR","DIRECTOR","",""
"PRESCHOOL DIRECTOR","DIRECTOR","",""
"PRESIDENT AND DIRECTOR","DIRECTOR","",""
"PRESIDENT AND TREASURER AND AND DIRECTOR","DIRECTOR","",""
"PRESIDENT ARTISTIC DIRECTOR","DIRECTOR","",""
"PRESIDENT BOARD OF DIRECTOR","DIRECTOR","",""
"PRESIDENT CEO DIRECTOR","DIRECTOR","",""
"PRESIDENT OF BOARD OF DIRECTOR","DIRECTOR","",""
"PRESIDENT TREASURER DIRECTOR","DIRECTOR","",""
"PRGM DIRECTOR","DIRECTOR","",""
"PRINCIPAL AND DIRECTOR","DIRECTOR","",""
"PRINCIPAL DIRECTOR","DIRECTOR","",""
"PRIVATE DIRECTOR","DIRECTOR","",""
"PRO BONO DIRECTOR","DIRECTOR","",""
"PROCUREMENT DIRECTOR","DIRECTOR","",""
"PRODUCER DIRECTOR","DIRECTOR","",""
"PRODUCTION DIRECTOR","DIRECTOR","",""
"PROF DEVELOPMENT DIRECTOR","DIRECTOR","",""
"PROFESSIONAL DEVELOPMENT DIRECTOR","DIRECTOR","",""
"PROFESSIONAL DIRECTOR","DIRECTOR","",""
"PROFESSIONALS DIRECTOR","DIRECTOR","",""
"PROGRAMMING DIRECTOR","DIRECTOR","",""
"PROGRAMS CO-DIRECTOR","DIRECTOR","duplex","co"
"PROPERTY DIRECTOR","DIRECTOR","",""
"PS DIRECTOR","DIRECTOR","",""
"PUBLIC DIRECTOR","DIRECTOR","",""
"PUBLIC POLICY DIRECTOR","DIRECTOR","",""
"PUBLIC RELATIONS DIRECTOR","DIRECTOR","",""
"PUBLICATIONS DIRECTOR","DIRECTOR","",""
"PUBLICITY DIRECTOR","DIRECTOR","",""
"PURCHASING DIRECTOR","DIRECTOR","",""
"QA DIRECTOR","DIRECTOR","",""
"QUALITY DIRECTOR","DIRECTOR","",""
"RACE DIRECTOR","DIRECTOR","",""
"RANGE DIRECTOR","DIRECTOR","",""
"RECORDING DIRECTOR","DIRECTOR","",""
"RECREATION DIRECTOR","DIRECTOR","",""
"RECREATIONAL DIRECTOR","DIRECTOR","",""
"RECRUITING DIRECTOR","DIRECTOR","",""
"RECRUITMENT DIRECTOR","DIRECTOR","",""
"REFEREE DIRECTOR","DIRECTOR","",""
"REG DIRECTOR","DIRECTOR","",""
"REGIONAL # DIRECTOR","DIRECTOR","regional","regional"
"REGIONAL A DIRECTOR","DIRECTOR","regional","regional"
"REGIONAL ACCOUNT DIRECTOR","DIRECTOR","regional","regional"
"REGIONAL ADMINISTRATOR DIRECTOR","DIRECTOR","regional","regional"
"REGIONAL AND DIRECTOR","DIRECTOR","regional","regional"
"REGIONAL AND REGIONAL DIRECTOR","DIRECTOR","regional","regional"
"REGIONAL ASSOCIATE DIRECTOR","DIRECTOR","subordinate","associate"
"REGIONAL ATHLETIC DIRECTOR","DIRECTOR","regional","regional"
"REGIONAL ATLANTIC VICE DIRECTOR","DIRECTOR","regional","regional"
"REGIONAL B DIRECTOR","DIRECTOR","regional","regional"
"REGIONAL CAMPAIGNS DIRECTOR","DIRECTOR","regional","regional"
"REGIONAL CHAIR DIRECTOR","DIRECTOR","regional","regional"
"REGIONAL CHAMBER DIRECTOR","DIRECTOR","regional","regional"
"REGIONAL CO-DIRECTOR","DIRECTOR","regional","regional"
"REGIONAL COAST DIRECTOR","DIRECTOR","regional","regional"
"REGIONAL COAST REGIONAL AND DIRECTOR","DIRECTOR","regional","regional"
"REGIONAL COMPANY DIRECTOR","DIRECTOR","regional","regional"
"REGIONAL DEVELOPMENT DIRECTOR","DIRECTOR","regional","regional"
"REGIONAL GOVERNOR DIRECTOR","DIRECTOR","regional","regional"
"REGIONAL GRAND DIRECTOR","DIRECTOR","regional","regional"
"REGIONAL I DIRECTOR","DIRECTOR","regional","regional"
"REGIONAL II DIRECTOR","DIRECTOR","regional","regional"
"REGIONAL III DIRECTOR","DIRECTOR","regional","regional"
"REGIONAL IV DIRECTOR","DIRECTOR","regional","regional"
"REGIONAL IX DIRECTOR","DIRECTOR","regional","regional"
"REGIONAL MN DIRECTOR","DIRECTOR","regional","regional"
"REGIONAL ORGANIZING DIRECTOR","DIRECTOR","regional","regional"
"REGIONAL POLITICAL DIRECTOR","DIRECTOR","regional","regional"
"REGIONAL PROGRAMS DIRECTOR","DIRECTOR","regional","regional"
"REGIONAL R DIRECTOR","DIRECTOR","regional","regional"
"REGIONAL REG DIRECTOR","DIRECTOR","regional","regional"
"REGIONAL REGIONAL AGENCY ON AGING DIRECTOR","DIRECTOR","regional","regional"
"REGIONAL REGIONAL DIRECTOR","DIRECTOR","regional","regional"
"REGIONAL REPRESENTATIVE DIRECTOR","DIRECTOR","regional","regional"
"REGIONAL SECT DIRECTOR","DIRECTOR","regional","regional"
"REGIONAL SECTION DIRECTOR","DIRECTOR","regional","regional"
"REGIONAL SERVICE DIRECTOR","DIRECTOR","regional","regional"
"REGIONAL SHERIFF DIRECTOR","DIRECTOR","regional","regional"
"REGIONAL TOURNAMENT DIRECTOR","DIRECTOR","regional","regional"
"REGIONAL V DIRECTOR","DIRECTOR","regional","regional"
"REGIONAL VI DIRECTOR","DIRECTOR","regional","regional"
"REGIONAL VICE DIRECTOR","DIRECTOR","regional","regional"
"REGIONAL VICE PRESIDENT DIRECTOR","DIRECTOR","regional","regional"
"REGIONAL VII DIRECTOR","DIRECTOR","regional","regional"
"REGIONAL VIII DIRECTOR","DIRECTOR","regional","regional"
"REGIONAL X DIRECTOR","DIRECTOR","regional","regional"
"REGIONAL XI DIRECTOR","DIRECTOR","regional","regional"
"REGIONAL ZONE DIRECTOR","DIRECTOR","regional","regional"
"REGISTERED AGENT AND DIRECTOR","DIRECTOR","",""
"REGISTRATION DIRECTOR","DIRECTOR","",""
"REGULATORY AFFAIRS DIRECTOR","DIRECTOR","",""
"RELATIONS DIRECTOR","DIRECTOR","",""
"REPRESENTATIVE DIRECTOR","DIRECTOR","",""
"RESEARCH DIRECTOR","DIRECTOR","",""
"RESIDENCY PROGRAMS DIRECTOR","DIRECTOR","",""
"RESIDENT DIRECTOR","DIRECTOR","",""
"RESIDENTIAL DIRECTOR","DIRECTOR","",""
"RESIDENTIAL SERVICES DIRECTOR","DIRECTOR","",""
"RESOURCES DEVELOPMENT AND MARKETING DIRECTOR","DIRECTOR","",""
"RESOURCES DIRECTOR","DIRECTOR","",""
"RESTAURANT DIRECTOR","DIRECTOR","",""
"RETAIL DIRECTOR","DIRECTOR","",""
"RETIREE DIRECTOR","DIRECTOR","",""
"RIDE DIRECTOR","DIRECTOR","",""
"RIFLE DIRECTOR","DIRECTOR","",""
"RODEO HELP DIRECTOR","DIRECTOR","",""
"ROPING DIRECTOR","DIRECTOR","",""
"RURAL DIRECTOR","DIRECTOR","",""
"S AND DIRECTOR","DIRECTOR","",""
"S REGIONAL DIRECTOR","DIRECTOR","regional","regional"
"SAFETY DIRECTOR","DIRECTOR","",""
"SAILING DIRECTOR","DIRECTOR","",""
"SALES AND MARKETING DIRECTOR","DIRECTOR","",""
"SALES DIRECTOR","DIRECTOR","",""
"SAT CREW DIRECTOR","DIRECTOR","",""
"SBA DIRECTOR","DIRECTOR","",""
"SCF DIRECTOR","DIRECTOR","",""
"SCHEDULING DIRECTOR","DIRECTOR","",""
"SCHOLARSHIPS DIRECTOR","DIRECTOR","",""
"SCHOLASTICS DIRECTOR","DIRECTOR","",""
"SCHOOL DIRECTOR","DIRECTOR","",""
"SCIENCE DIRECTOR","DIRECTOR","",""
"SCIENTIFIC DIRECTOR","DIRECTOR","",""
"SEATED DIRECTOR","DIRECTOR","",""
"SECRETARY BOARD DIRECTOR","DIRECTOR","",""
"SECRETARY BOARD OF DIRECTOR","DIRECTOR","",""
"SECRETARY NOT A DIRECTOR","DIRECTOR","",""
"SECRETARY REGIONAL DIRECTOR","DIRECTOR","regional","regional"
"SECRETARY TREASURER DIRECTOR","DIRECTOR","",""
"SECTION DIRECTOR","DIRECTOR","",""
"SECURITY DIRECTOR","DIRECTOR","",""
"SEGMENT DIRECTOR","DIRECTOR","",""
"SEGUIN DIRECTOR","DIRECTOR","",""
"SELECT DIRECTOR","DIRECTOR","",""
"SENIOR CENTER DIRECTOR","DIRECTOR","superior","senior"
"SENIOR CLINICAL DIRECTOR","DIRECTOR","superior","senior"
"SENIOR COMMUNICATIONS DIRECTOR","DIRECTOR","superior","senior"
"SENIOR DEVELOPMENT DIRECTOR","DIRECTOR","superior","senior"
"SENIOR FELLOW AND DIRECTOR","DIRECTOR","superior","senior"
"SENIOR FINANCE DIRECTOR","DIRECTOR","superior","senior"
"SENIOR HUMAN RESOURCES DIRECTOR","DIRECTOR","superior","senior"
"SENIOR MANAGING DIRECTOR","DIRECTOR","superior","senior"
"SENIOR MEDICAL DIRECTOR","DIRECTOR","superior","senior"
"SENIOR OPERATIONS DIRECTOR","DIRECTOR","superior","senior"
"SENIOR POLICY DIRECTOR","DIRECTOR","superior","senior"
"SENIOR PROGRAMS DIRECTOR","DIRECTOR","superior","senior"
"SENIOR PROJECTS DIRECTOR","DIRECTOR","superior","senior"
"SENIOR REGIONAL DIRECTOR","DIRECTOR","superior","senior"
"SENIOR STRATEGY DIRECTOR","DIRECTOR","superior","senior"
"SERVICE DIRECTOR","DIRECTOR","",""
"SERVICES DIRECTOR","DIRECTOR","",""
"SHELTER DIRECTOR","DIRECTOR","",""
"SHOTGUN DIRECTOR","DIRECTOR","",""
"SHOW DIRECTOR","DIRECTOR","",""
"SHRM FOUNDATION DIRECTOR","DIRECTOR","",""
"SISTERHOOD DIRECTOR","DIRECTOR","",""
"SITE DIRECTOR","DIRECTOR","",""
"SITE MEDICAL DIRECTOR","DIRECTOR","",""
"SNACK BAR DIRECTOR","DIRECTOR","",""
"SOCCER DIRECTOR","DIRECTOR","",""
"SOCIAL DIRECTOR","DIRECTOR","",""
"SOCIAL EVENTS DIRECTOR","DIRECTOR","",""
"SOCIAL MEDIA DIRECTOR","DIRECTOR","",""
"SOFTBALL DIRECTOR","DIRECTOR","",""
"SOUTHEASTERN REGIONAL DIRECTOR","DIRECTOR","regional","regional"
"SOUTHWESTERN REGIONAL DIRECTOR","DIRECTOR","regional","regional"
"SPECIAL APPOINTEE AND BLDR DIRECTOR","DIRECTOR","",""
"SPECIAL DIRECTOR","DIRECTOR","",""
"SPECIAL EVENTS DIRECTOR","DIRECTOR","",""
"SPECIAL PROJECTS DIRECTOR","DIRECTOR","",""
"SPECIALIZED DIRECTOR","DIRECTOR","",""
"SPIRIT DIRECTOR","DIRECTOR","",""
"SPIRITUAL DIRECTOR","DIRECTOR","",""
"SPONSOR DIRECTOR","DIRECTOR","",""
"SPONSORSHIP DIRECTOR","DIRECTOR","",""
"SPORTING DIRECTOR","DIRECTOR","",""
"SPORTS INFORMATION DIRECTOR","DIRECTOR","",""
"SQUIRT DIRECTOR","DIRECTOR","",""
"STAFF DIRECTOR","DIRECTOR","",""
"STANDARDS DIRECTOR","DIRECTOR","",""
"STATEWIDE DIRECTOR","DIRECTOR","",""
"STATION DIRECTOR","DIRECTOR","",""
"STORE DIRECTOR","DIRECTOR","",""
"STRATEGY DIRECTOR","DIRECTOR","",""
"SUB DIRECTOR","DIRECTOR","",""
"SUBSTITUTE DIRECTOR","DIRECTOR","",""
"SUPER DIRECTOR","DIRECTOR","",""
"SUPPLIER DIRECTOR","DIRECTOR","",""
"SUPPLYSIDE DIRECTOR","DIRECTOR","",""
"SUSTAINER DIRECTOR","DIRECTOR","",""
"SWIM TEAM DIRECTOR","DIRECTOR","",""
"SYSTEMS DIRECTOR","DIRECTOR","",""
"TAB DIRECTOR","DIRECTOR","",""
"TAB LIFE DIRECTOR","DIRECTOR","",""
"TAR DIRECTOR","DIRECTOR","",""
"TCF CLERK DIRECTOR","DIRECTOR","",""
"TEAM DIRECTOR","DIRECTOR","",""
"TECHNOLOGY SERVICES DIRECTOR","DIRECTOR","",""
"TEEN DIRECTOR","DIRECTOR","",""
"TENNIS DIRECTOR","DIRECTOR","",""
"THEATER DIRECTOR","DIRECTOR","",""
"THERAPY DIRECTOR","DIRECTOR","",""
"TIRE AND RUBBER DIRECTOR","DIRECTOR","",""
"TOUR DIRECTOR","DIRECTOR","",""
"TOURISM DIRECTOR","DIRECTOR","",""
"TOURN DIRECTOR","DIRECTOR","",""
"TOURNAMENT DIRECTOR","DIRECTOR","",""
"TRACK DIRECTOR","DIRECTOR","",""
"TRADE DIRECTOR","DIRECTOR","",""
"TRADE PARTNER DIRECTOR","DIRECTOR","",""
"TRANSPORTATION DIRECTOR","DIRECTOR","",""
"TRAVEL DIRECTOR","DIRECTOR","",""
"TRAVELING DIRECTOR","DIRECTOR","",""
"TREASURER AND DIRECTOR","DIRECTOR","",""
"TREASURER BOARD DIRECTOR","DIRECTOR","",""
"TREASURER BOARD OF DIRECTOR","DIRECTOR","",""
"TREASURER CFO DIRECTOR","DIRECTOR","",""
"TREASURER NOT A DIRECTOR","DIRECTOR","",""
"TREASURER SECRETARY DIRECTOR","DIRECTOR","",""
"TRIP DIRECTOR","DIRECTOR","",""
"TROOP DIRECTOR","DIRECTOR","",""
"TRUSTEE 'DIRECTOR","DIRECTOR","",""
"TRUSTEE BALL DIRECTOR","DIRECTOR","",""
"TRYOUT DIRECTOR","DIRECTOR","",""
"TXCPA DIRECTOR","DIRECTOR","",""
"UNDERGRADUATE DIRECTOR","DIRECTOR","",""
"UNIFORM DIRECTOR","DIRECTOR","",""
"UNIFORMS DIRECTOR","DIRECTOR","",""
"UNION DIRECTOR","DIRECTOR","",""
"UNIT DIRECTOR","DIRECTOR","",""
"UNIVERSITY DIRECTOR","DIRECTOR","",""
"US DIRECTOR","DIRECTOR","",""
"USA DIRECTOR","DIRECTOR","",""
"USACV DIRECTOR","DIRECTOR","",""
"UTILITY DIRECTOR","DIRECTOR","",""
"V AND P DIRECTOR","DIRECTOR","",""
"VENDOR DIRECTOR","DIRECTOR","",""
"VENDOR DIVISION DIRECTOR","DIRECTOR","",""
"VICE CHAIR BOARD OF DIRECTOR","DIRECTOR","committee","chair"
"VICE CHAIR DIRECTOR","DIRECTOR","committee","chair"
"VICE CHAIR OF BOARD OF DIRECTOR","DIRECTOR","committee","chair"
"VICE COMMANDER AND DIRECTOR","DIRECTOR","",""
"VICE COMMODORE AND DIRECTOR","DIRECTOR","",""
"VICE DIRECTOR","DIRECTOR","",""
"VICE PRESIDENT AND DIRECTOR","DIRECTOR","",""
"VICE PRESIDENT AND SECRETARY AND AND DIRECTOR","DIRECTOR","",""
"VICE PRESIDENT AND TREASURER AND CFO AND AND DIRECTOR","DIRECTOR","",""
"VICE PRESIDENT BOARD OF DIRECTOR","DIRECTOR","",""
"VICE PRESIDENT BU DIRECTOR","DIRECTOR","",""
"VICE PRESIDENT SECRETARY DIRECTOR","DIRECTOR","",""
"VICE PRESIDENT TREASURER DIRECTOR","DIRECTOR","",""
"VOCAL BOARD OF DIRECTOR","DIRECTOR","",""
"VOL DIRECTOR","DIRECTOR","",""
"VOLLEYBALL DIRECTOR","DIRECTOR","",""
"VOTING DIRECTOR","DIRECTOR","",""
"W REGIONAL DIRECTOR","DIRECTOR","regional","regional"
"WAREHOUSE DIRECTOR","DIRECTOR","",""
"WAYS AND MEANS DIRECTOR","DIRECTOR","",""
"WEB DIRECTOR","DIRECTOR","",""
"WEBSITE DIRECTOR","DIRECTOR","",""
"WELLNESS DIRECTOR","DIRECTOR","",""
"WI DIRECTOR","DIRECTOR","",""
"WOMENS DIRECTOR","DIRECTOR","",""
"WOMENS DIVISION DIRECTOR","DIRECTOR","",""
"WORKFORCE DIRECTOR","DIRECTOR","",""
"WORKFORCE READINESS DIRECTOR","DIRECTOR","",""
"WRESTLING DIRECTOR","DIRECTOR","",""
"WSY KITCHEN PROGRAMS DIRECTOR","DIRECTOR","",""
"WVUIC DIRECTOR","DIRECTOR","",""
"YORK DIRECTOR","DIRECTOR","",""
"YOUTH CAMP DIRECTOR","DIRECTOR","",""
"YOUTH DIRECTOR","DIRECTOR","",""
"YOUTH PROGRAMS DIRECTOR","DIRECTOR","",""
"ZONE DIRECTOR","DIRECTOR","",""
"ZOO DIRECTOR","DIRECTOR","",""
"CHIEF ACCOUNTING OFFICER","CHIEF _X_ OFFICER","",""
"CHIEF ADVOCACY OFFICER","CHIEF _X_ OFFICER","",""
"CHIEF AMBULATORY SERVICES OFFICER","CHIEF _X_ OFFICER","",""
"CHIEF ASSESSMENT OFFICER","CHIEF _X_ OFFICER","",""
"CHIEF BEHAVIORAL HEALTH OFFICER","CHIEF _X_ OFFICER","",""
"CHIEF BENEFITS OFFICER","CHIEF _X_ OFFICER","",""
"CHIEF BRAND OFFICER","CHIEF _X_ OFFICER","",""
"CHIEF BUSINESS OFFICER","CHIEF _X_ OFFICER","",""
"CHIEF CAMPAIGN OFFICER","CHIEF _X_ OFFICER","",""
"CHIEF CLINICAL AND COMPLIANCE OFFICER","CHIEF _X_ OFFICER","",""
"CHIEF CLINICAL OPERATIONS OFFICER","CHIEF _X_ OFFICER","",""
"CHIEF COMMERCIAL OFFICER","CHIEF _X_ OFFICER","",""
"CHIEF COMMERICAL OFFICER","CHIEF _X_ OFFICER","",""
"CHIEF COMMITTEE AND MARKETING OFFICER","CHIEF _X_ OFFICER","",""
"CHIEF COMMITTEE OFFICER","CHIEF _X_ OFFICER","",""
"CHIEF COMMUNICATIONS AND MARKETING OFFICER","CHIEF _X_ OFFICER","",""
"CHIEF COMMUNICATIONS OFFICER","CHIEF _X_ OFFICER","",""
"CHIEF COMMUNITY ENGAGEMENT OFFICER","CHIEF _X_ OFFICER","",""
"CHIEF COMMUNITY IMPACT OFFICER","CHIEF _X_ OFFICER","",""
"CHIEF COMMUNITY OFFICER","CHIEF _X_ OFFICER","",""
"CHIEF COMMUNITY RELATIONS OFFICER","CHIEF _X_ OFFICER","",""
"CHIEF COMPLIANCE AND PRIVACY OFFICER","CHIEF _X_ OFFICER","",""
"CHIEF COMPLIANCE OFFICER","CHIEF _X_ OFFICER","",""
"CHIEF CONSERVATION OFFICER","CHIEF _X_ OFFICER","",""
"CHIEF CONSTRUCTION OFFICER","CHIEF _X_ OFFICER","",""
"CHIEF CREATIVE OFFICER","CHIEF _X_ OFFICER","",""
"CHIEF CREDIT OFFICER","CHIEF _X_ OFFICER","",""
"CHIEF CULTURE AND INTEGRATION OFFICER","CHIEF _X_ OFFICER","",""
"CHIEF CULTURE OFFICER","CHIEF _X_ OFFICER","",""
"CHIEF CUSTOMER OFFICER","CHIEF _X_ OFFICER","",""
"CHIEF DATA OFFICER","CHIEF _X_ OFFICER","",""
"CHIEF DENTAL OFFICER","CHIEF _X_ OFFICER","",""
"CHIEF DEVELOPMENT AND COMMUNICATIONS OFFICER","CHIEF _X_ OFFICER","",""
"CHIEF DEVELOPMENT AND MARKETING OFFICER","CHIEF _X_ OFFICER","",""
"CHIEF DIGITAL AND INFORMATION OFFICER","CHIEF _X_ OFFICER","",""
"CHIEF DIGITAL HEALTH OFFICER","CHIEF _X_ OFFICER","",""
"CHIEF DIVERSITY OFFICER","CHIEF _X_ OFFICER","",""
"CHIEF ECONOMIC DEVELOPMENT OFFICER","CHIEF _X_ OFFICER","",""
"CHIEF EDUCATION OFFICER","CHIEF _X_ OFFICER","",""
"CHIEF EQUITY OFFICER","CHIEF _X_ OFFICER","",""
"CHIEF ETHICS AND COMPLIANCE OFFICER","CHIEF _X_ OFFICER","",""
"CHIEF EXTERNAL AFFAIRS OFFICER","CHIEF _X_ OFFICER","",""
"CHIEF EXTERNAL RELATIONS OFFICER","CHIEF _X_ OFFICER","",""
"CHIEF FACILITIES OFFICER","CHIEF _X_ OFFICER","",""
"CHIEF FIELD OFFICER","CHIEF _X_ OFFICER","",""
"CHIEF FUNDRAISING OFFICER","CHIEF _X_ OFFICER","",""
"CHIEF GOVERNANCE OFFICER","CHIEF _X_ OFFICER","",""
"CHIEF GOVERNMENT AFFAIRS OFFICER","CHIEF _X_ OFFICER","",""
"CHIEF GOVERNMENT RELATIONS OFFICER","CHIEF _X_ OFFICER","",""
"CHIEF GROWTH OFFICER","CHIEF _X_ OFFICER","",""
"CHIEF HEALTH OFFICER","CHIEF _X_ OFFICER","",""
"CHIEF HOUSING OFFICER","CHIEF _X_ OFFICER","",""
"CHIEF HUMAN CAPITAL OFFICER","CHIEF _X_ OFFICER","",""
"CHIEF HUMAN RESOURCES AND DIVERSITY OFFICER","CHIEF _X_ OFFICER","",""
"CHIEF IMPACT OFFICER","CHIEF _X_ OFFICER","",""
"CHIEF IMPACT STRATEGY OFFICER","CHIEF _X_ OFFICER","",""
"CHIEF INCLUSION OFFICER","CHIEF _X_ OFFICER","",""
"CHIEF INFORMATION AND SECURITY OFFICER","CHIEF _X_ OFFICER","",""
"CHIEF INFORMATION AND TECHNOLOGY OFFICER","CHIEF _X_ OFFICER","",""
"CHIEF INFORMATION SECURITY OFFICER","CHIEF _X_ OFFICER","",""
"CHIEF INFORMATION TECHNOLOGY OFFICER","CHIEF _X_ OFFICER","",""
"CHIEF INTEGRATION OFFICER","CHIEF _X_ OFFICER","",""
"CHIEF INVEST OFFICER","CHIEF _X_ OFFICER","",""
"CHIEF INVESTMENTS OFFICER","CHIEF _X_ OFFICER","",""
"CHIEF IT OFFICER","CHIEF _X_ OFFICER","",""
"CHIEF KNOWLEDGE OFFICER","CHIEF _X_ OFFICER","",""
"CHIEF LABORATORY OFFICER","CHIEF _X_ OFFICER","",""
"CHIEF LEGAL AND COMPLIANCE OFFICER","CHIEF _X_ OFFICER","",""
"CHIEF LEGAL AND POLICY OFFICER","CHIEF _X_ OFFICER","",""
"CHIEF LENDING OFFICER","CHIEF _X_ OFFICER","",""
"CHIEF LOAN OFFICER","CHIEF _X_ OFFICER","",""
"CHIEF LOGISTICS OFFICER","CHIEF _X_ OFFICER","",""
"CHIEF MARKETING AND COMMITTEE OFFICER","CHIEF _X_ OFFICER","",""
"CHIEF MARKETING AND COMMUNICATIONS OFFICER","CHIEF _X_ OFFICER","",""
"CHIEF MARKETING AND DEVELOPMENT OFFICER","CHIEF _X_ OFFICER","",""
"CHIEF MARKETING AND ENGAGEMENT OFFICER","CHIEF _X_ OFFICER","",""
"CHIEF MARKETING AND EXPERIENCE OFFICER","CHIEF _X_ OFFICER","",""
"CHIEF MED INFORMATION OFFICER","CHIEF _X_ OFFICER","",""
"CHIEF MED OFFICER","CHIEF _X_ OFFICER","",""
"CHIEF MEDICAL INFORMATION OFFICER","CHIEF _X_ OFFICER","",""
"CHIEF MEMBER OF EXPERIENCE OFFICER","CHIEF _X_ OFFICER","",""
"CHIEF MEMBER SERVICES OFFICER","CHIEF _X_ OFFICER","",""
"CHIEF MEMBERSHIP OFFICER","CHIEF _X_ OFFICER","",""
"CHIEF MINISTRY OFFICER","CHIEF _X_ OFFICER","",""
"CHIEF MISSION OFFICER","CHIEF _X_ OFFICER","",""
"CHIEF MORTGAGE OFFICER","CHIEF _X_ OFFICER","",""
"CHIEF NETWORK OFFICER","CHIEF _X_ OFFICER","",""
"CHIEF OFFICER","CHIEF _X_ OFFICER","",""
"CHIEF OUTREACH OFFICER","CHIEF _X_ OFFICER","",""
"CHIEF PARTNERSHIPS OFFICER","CHIEF _X_ OFFICER","",""
"CHIEF PEOPLE AND CULTURE OFFICER","CHIEF _X_ OFFICER","",""
"CHIEF PEOPLE AND STRATEGY OFFICER","CHIEF _X_ OFFICER","",""
"CHIEF PEOPLE OFFICER","CHIEF _X_ OFFICER","",""
"CHIEF PHARMACY OFFICER","CHIEF _X_ OFFICER","",""
"CHIEF PHIL OFFICER","CHIEF _X_ OFFICER","",""
"CHIEF PHYSICIAN OFFICER","CHIEF _X_ OFFICER","",""
"CHIEF POLICY OFFICER","CHIEF _X_ OFFICER","",""
"CHIEF PORTFOLIO OFFICER","CHIEF _X_ OFFICER","",""
"CHIEF PRODUCT OFFICER","CHIEF _X_ OFFICER","",""
"CHIEF PROFESSIONAL OFFICER","CHIEF _X_ OFFICER","",""
"CHIEF PROGRAMMING OFFICER","CHIEF _X_ OFFICER","",""
"CHIEF PROGRAMS AND POLICY OFFICER","CHIEF _X_ OFFICER","",""
"CHIEF PROGRAMS AND SERVICE OFFICER","CHIEF _X_ OFFICER","",""
"CHIEF PROJECTS OFFICER","CHIEF _X_ OFFICER","",""
"CHIEF PUBLIC AFFAIRS OFFICER","CHIEF _X_ OFFICER","",""
"CHIEF PUBLIC POLICY OFFICER","CHIEF _X_ OFFICER","",""
"CHIEF PUBLISHING OFFICER","CHIEF _X_ OFFICER","",""
"CHIEF QUALITY OFFICER","CHIEF _X_ OFFICER","",""
"CHIEF RANGE OFFICER","CHIEF _X_ OFFICER","",""
"CHIEF REAL ESTATE DEVELOPMENT OFFICER","CHIEF _X_ OFFICER","",""
"CHIEF REAL ESTATE OFFICER","CHIEF _X_ OFFICER","",""
"CHIEF REGIONAL OFFICER","CHIEF _X_ OFFICER","regional","regional"
"CHIEF REGULATORY OFFICER","CHIEF _X_ OFFICER","",""
"CHIEF RESEARCH OFFICER","CHIEF _X_ OFFICER","",""
"CHIEF RESOURCES OFFICER","CHIEF _X_ OFFICER","",""
"CHIEF RETAIL OFFICER","CHIEF _X_ OFFICER","",""
"CHIEF REVENUE OFFICER","CHIEF _X_ OFFICER","",""
"CHIEF RISK OFFICER","CHIEF _X_ OFFICER","",""
"CHIEF SALES OFFICER","CHIEF _X_ OFFICER","",""
"CHIEF SCI OFFICER","CHIEF _X_ OFFICER","",""
"CHIEF SECURITY OFFICER","CHIEF _X_ OFFICER","",""
"CHIEF SERVICES OFFICER","CHIEF _X_ OFFICER","",""
"CHIEF SOLUTIONS OFFICER","CHIEF _X_ OFFICER","",""
"CHIEF SPONSORSHIP OFFICER","CHIEF _X_ OFFICER","",""
"CHIEF STATEGY OFFICER","CHIEF _X_ OFFICER","",""
"CHIEF STRATEGY AND IMPACT OFFICER","CHIEF _X_ OFFICER","",""
"CHIEF STRATEGY AND OPERATIONS OFFICER","CHIEF _X_ OFFICER","",""
"CHIEF SUPPLY CHAIR OFFICER","CHIEF _X_ OFFICER","committee","chair"
"CHIEF TAX OFFICER","CHIEF _X_ OFFICER","",""
"CHIEF TRAINING OFFICER","CHIEF _X_ OFFICER","",""
"CHIEF TRANSFORMATION OFFICER","CHIEF _X_ OFFICER","",""
"CHIEF TRUST OFFICER","CHIEF _X_ OFFICER","",""
"CHIEF VETERINARY OFFICER","CHIEF _X_ OFFICER","",""
"CHIEF VISIONARY OFFICER","CHIEF _X_ OFFICER","",""
"CHIEF VOLUNTEER OFFICER","CHIEF _X_ OFFICER","",""
"ADMINISTRATION CHIEF","CHIEF","",""
"AMBULANCE CHIEF","CHIEF","",""
"ASS'TRUSTEE CHIEF","CHIEF","",""
"ASSISTANT CHIEF AND BOARD","CHIEF","subordinate","assistant"
"ASSISTANT CHIEF AND BOARD MEMBER","CHIEF","subordinate","assistant"
"ASSISTANT CHIEF AND TREASURER","CHIEF","subordinate","assistant"
"ASSISTANT CHIEF AND TRUSTEE","CHIEF","subordinate","assistant"
"ASSISTANT CHIEF ENGINEER","CHIEF","subordinate","assistant"
"ASSISTANT CHIEF STEWARD","CHIEF","subordinate","assistant"
"ASSISTANT FIRE CHIEF","CHIEF","subordinate","assistant"
"ASSOCIATE CHIEF MEDICAL OFFICER","CHIEF","subordinate","associate"
"ASSOCIATE CHIEF MEDICAL OFFICER AND BROMENN AND EUREKA","CHIEF","subordinate","associate"
"AST FIRE CHIEF","CHIEF","",""
"BOARD MEMBER AND CHIEF SPONSORSHIP OFFICER AND BSMH","CHIEF","",""
"BSMH CHIEF HUMAN RESOURCES OFFICER","CHIEF","",""
"BSMH CHIEF SPONSORSHIP OFFICER","CHIEF","",""
"CEO CHIEF PHILANTHROPY OFFICER","CHIEF","",""
"CHIEF ACTUARY","CHIEF","",""
"CHIEF ADMINISTRATIVE OFFICER MCHP","CHIEF","",""
"CHIEF ADMINISTRATOR","CHIEF","",""
"CHIEF ADVANCEMENT","CHIEF","",""
"CHIEF ADVISOR","CHIEF","",""
"CHIEF AUDIT EXECUTIVE","CHIEF","",""
"CHIEF BUSINESS","CHIEF","",""
"CHIEF BUSINESS DEVELOPMENT","CHIEF","",""
"CHIEF BUSINESS DEVELOPMENT OFFICER PRESIDENT","CHIEF","",""
"CHIEF CEO","CEO","superior","chief"
"CHIEF CLINIC","CHIEF","",""
"CHIEF COMMUNICATIONS","CHIEF","",""
"CHIEF COMPLIANCE","CHIEF","",""
"CHIEF COUNSEL","CHIEF","",""
"CHIEF CRNA","CHIEF","",""
"CHIEF DELEGA","CHIEF","",""
"CHIEF DELEGATE","CHIEF","",""
"CHIEF DENTAL","CHIEF","",""
"CHIEF DEVELOPMENT","CHIEF","",""
"CHIEF DEVELOPMENT AND MARKETING","CHIEF","",""
"CHIEF ECONOMIST","CHIEF","",""
"CHIEF EDITOR","CHIEF","",""
"CHIEF ENGINE","CHIEF","",""
"CHIEF ENGINEER","CHIEF","",""
"CHIEF EXECUTIVE AND AFFORDABLE HOUSING","CHIEF","",""
"CHIEF EXTERNAL AFFAIRS","CHIEF","",""
"CHIEF FINANCE'L","CHIEF","",""
"CHIEF FINANCE AND OPERATIONS","CHIEF","",""
"CHIEF FINANCE O","CHIEF","",""
"CHIEF FLIGHT INSTRUCTOR","CHIEF","",""
"CHIEF GENERAL COUNSEL","CHIEF","",""
"CHIEF GROWTH","CHIEF","",""
"CHIEF HUMAN RESOURCES","CHIEF","",""
"CHIEF IMPACT","CHIEF","",""
"CHIEF INFORMATION","CHIEF","",""
"CHIEF INFORMATION O","CHIEF","",""
"CHIEF INFORMATION SECURITY","CHIEF","",""
"CHIEF INSTRU","CHIEF","",""
"CHIEF INSTRUCTOR","CHIEF","",""
"CHIEF JUSTIC","CHIEF","",""
"CHIEF JUSTICE","CHIEF","",""
"CHIEF LEGAL","CHIEF","",""
"CHIEF LEGAL COUNSEL","CHIEF","",""
"CHIEF LEGAL OFFICER AND GC","CHIEF","",""
"CHIEF LENDIN","CHIEF","",""
"CHIEF LINEMAN","CHIEF","",""
"CHIEF MECHAN","CHIEF","",""
"CHIEF MEDICA","CHIEF","",""
"CHIEF MEDICAL EXECUTIVE","CHIEF","",""
"CHIEF MEDICAL OFFICER AND HOSPICE","CHIEF","",""
"CHIEF MEDICAL OFFICER HOSPITAL","CHIEF","",""
"CHIEF MEDICAL PHYSICIST","CHIEF","",""
"CHIEF MEMBER","CHIEF","",""
"CHIEF NEGOTIATO","CHIEF","",""
"CHIEF NEGOTIATOR","CHIEF","",""
"CHIEF NURSE EXECUTIVE","CHIEF","",""
"CHIEF NURSING EXECUTIVE","CHIEF","",""
"CHIEF OF","CHIEF","",""
"CHIEF OF ADMINISTRATION","CHIEF","",""
"CHIEF OF DEPUTY","CHIEF","subordinate","deputy"
"CHIEF OF EXTERNAL AFFAIRS","CHIEF","",""
"CHIEF OF FIR","CHIEF","",""
"CHIEF OF MED","CHIEF","",""
"CHIEF OF MISSION ADVANCEMENT","CHIEF","",""
"CHIEF OF OPERATIONS","CHIEF","",""
"CHIEF OF PARTY","CHIEF","",""
"CHIEF OF PEOPLE AND CULTURE","CHIEF","",""
"CHIEF OF POLICE","CHIEF","",""
"CHIEF OF PRO","CHIEF","",""
"CHIEF OF PROGRAMS","CHIEF","",""
"CHIEF OF RECORDS","CHIEF","",""
"CHIEF OF S","CHIEF","",""
"CHIEF OF ST","CHIEF","",""
"CHIEF OF STAFF AND COO","CHIEF","",""
"CHIEF OF STAFF AND SECRETARY","CHIEF","",""
"CHIEF OF SURGERY","CHIEF","",""
"CHIEF PHILANTHROPY","CHIEF","",""
"CHIEF PHILANTHROPY OFFICER SH","CHIEF","",""
"CHIEF PHYSICIAN EXECUTIVE","CHIEF","",""
"CHIEF PILOT","CHIEF","",""
"CHIEF POLICY","CHIEF","",""
"CHIEF POLICY COUNSEL","CHIEF","",""
"CHIEF PRESIDENT","CHIEF","",""
"CHIEF PROGRAMS","CHIEF","",""
"CHIEF PROGRAMS O","CHIEF","",""
"CHIEF RABAN","CHIEF","",""
"CHIEF RANGE","CHIEF","",""
"CHIEF REPRESENTATIVE","CHIEF","",""
"CHIEF RESIDENTIAL SRVCS AND HCC","CHIEF","",""
"CHIEF REVENU","CHIEF","",""
"CHIEF SCIENC","CHIEF","",""
"CHIEF SCIENTIST","CHIEF","",""
"CHIEF SECRETARY","CHIEF","",""
"CHIEF SHOP STEWARD","CHIEF","",""
"CHIEF STEWAR","CHIEF","",""
"CHIEF STEWARD","CHIEF","",""
"CHIEF STEWARD TRUSTEE","CHIEF","",""
"CHIEF STEWART","CHIEF","",""
"CHIEF TECHNOLOGY O","CHIEF","",""
"CHIEF TRUSTEE","CHIEF","",""
"CHIEF UMPIRE","CHIEF","",""
"CO-CHIEF STEWARD","CHIEF","duplex","co"
"CREW CHIEF","CHIEF","",""
"CVP AND CHIEF GROWTH OFFICER","CHIEF","",""
"DEPUTY CHIEF MEDICAL OFFICER","CHIEF","subordinate","deputy"
"DEPUTY CHIEF OF STAFF","CHIEF","subordinate","deputy"
"DEPUTY FIRE CHIEF","CHIEF","subordinate","deputy"
"DIRECTOR AND ASSISTANT CHIEF","CHIEF","subordinate","assistant"
"DIRECTOR AND CHIEF OF STAFF","CHIEF","",""
"DIRECTOR AND SYSTEMS CHIEF OF STAFF","CHIEF","",""
"DIRECTOR AND SYSTEMS VICE CHIEF OF STAFF","CHIEF","",""
"DIRECTOR CHIEF","CHIEF","",""
"DIVISION CHIEF","CHIEF","",""
"DIVISION CHIEF EXECUTIVE AND REGIONAL","CHIEF","regional","regional"
"EXECUTIVE CHIEF","CHIEF","superior","executive"
"EXECUTIVE VICE PRESIDENT AND CHIEF OF PROVIDER SVCS","CHIEF","superior","executive"
"EXECUTIVE VICE PRESIDENT AND CHIEF OF STAFF","CHIEF","superior","executive"
"EXECUTIVE VICE PRESIDENT AND CHIEF PHYSIC","CHIEF","superior","executive"
"EXECUTIVE VICE PRESIDENT AND CHIEF SHARED CLINICAL SVCS","CHIEF","superior","executive"
"EXECUTIVE VICE PRESIDENT AND PHYSICIAN IN CHIEF","CHIEF","superior","executive"
"EXECUTIVE VICE PRESIDENT CHIEF CLINICAL OFFICER","CHIEF","superior","executive"
"EXOFFICIO CHIEF OF FIRE","CHIEF","",""
"EXOFFICIO FIRE CHIEF","CHIEF","",""
"FIRE CHIEF AND BOARD MEMBER","CHIEF","",""
"FIRE CHIEF AND PRESIDENT","CHIEF","",""
"FIRE CHIEF AND TRUSTEE","CHIEF","",""
"FIRE DEPUTY CHIEF","CHIEF","subordinate","deputy"
"FRMR CHIEF PHILANTHROPY OFFICER","CHIEF","",""
"GC AND CHIEF COMPLIANCE OFFICER","CHIEF","",""
"JOURNAL EDITOR IN CHIEF","CHIEF","",""
"LODGE CHIEF","CHIEF","",""
"OA LODGE CHIEF","CHIEF","",""
"OPERATIONS CHIEF","CHIEF","",""
"PH CHIEF ADMINISTRATION OFFICER","CHIEF","",""
"POLICE CHIEF","CHIEF","",""
"PRESIDENT AND ASSISTANT CHIEF","CHIEF","subordinate","assistant"
"PRESIDENT AND CHIEF STEWARD","CHIEF","",""
"PRESIDENT AND FIRE CHIEF","CHIEF","",""
"PT CFO AND CHIEF TRANSFORMATIONAL INVESTMENTS AND VALUE INTEGRATION OFFICER","CHIEF","",""
"REGIONAL BUREAU CHIEF","CHIEF","regional","regional"
"REGIONAL CHIEF","CHIEF","regional","regional"
"REGIONAL CHIEF MEDICAL OFFICER","CHIEF","regional","regional"
"RESCUE CHIEF","CHIEF","",""
"RWJBH CHIEF DEVELOPMENT OFFICER","CHIEF","",""
"SECRETARY AND CHIEF OF STAFF","CHIEF","",""
"SECRETARY ASSISTANT CHIEF","CHIEF","subordinate","assistant"
"SECRETARY CHIEF GOVERNANCE OFFICER PT","CHIEF","",""
"SECRETARY OF CHIEF LEGAL OFFICER","CHIEF","",""
"SECTION CHIEF","CHIEF","",""
"SENIOR VICE PRESIDENT AND CHIEF ACTUARY","CHIEF","superior","senior"
"SENIOR VICE PRESIDENT AND CHIEF INFORMATION","CHIEF","superior","senior"
"SENIOR VICE PRESIDENT AND CHIEF OF STAFF","CHIEF","superior","senior"
"SENIOR VICE PRESIDENT CHIEF INFORMATION OFFICER","CHIEF","superior","senior"
"SENIOR VICE PRESIDENT CHIEF LENDING OFFICER","CHIEF","superior","senior"
"SENIOR VICE PRESIDENT CHIEF PEOPLE OFFICER","CHIEF","superior","senior"
"SURGEON IN CHIEF","CHIEF","",""
"SYSTEMS CHIEF LEGAL OFFICER","CHIEF","",""
"TRUSTEE AND ASSISTANT CHIEF","CHIEF","subordinate","assistant"
"TRUSTEE AND CHIEF OF STAFF","CHIEF","",""
"VICE CHAIR OF BSMH CHIEF CLINICAL OFFICER","CHIEF","committee","chair"
"VICE CHIEF","CHIEF","",""
"VICE CHIEF O","CHIEF","",""
"VICE CHIEF OF STAFF","CHIEF","",""
"VICE CHIEF VOLUNTEER OFFICER","CHIEF","",""
"VICE PRESIDENT AND ASSISTANT CHIEF","CHIEF","subordinate","assistant"
"VICE PRESIDENT AND CHIEF OF STAFF","CHIEF","",""
"VICE PRESIDENT AND CHIEF QLT OFFICER","CHIEF","",""
"VICE PRESIDENT AND CHIEF STEWARD","CHIEF","",""
"VICE PRESIDENT CHIEF COMPLIANCE OFFICER","CHIEF","",""
"VICE PRESIDENT CHIEF INFORMATION OFFICER","CHIEF","",""
"VICE PRESIDENT CHIEF MEDICAL OFFICER","CHIEF","",""
"VICE PRESIDENT CHIEF NURSING OFFICER","CHIEF","",""
"ASSISTANT TRACK OPERATIONS","OPERATIONS","subordinate","assistant"
"BUSINESS OPERATIONS","OPERATIONS","",""
"BUSINESS OPERATIONS MANAGER","OPERATIONS","",""
"CARE DIV OPERATIONS EXECUTIVE","OPERATIONS","",""
"CEO OF OPERATIONS","OPERATIONS","",""
"CHAIR OF OPERATIONS","OPERATIONS","committee","chair"
"CHEIF OPERATIONS OFFICER","OPERATIONS","",""
"CLINICAL OPERATIONS","OPERATIONS","",""
"CO-OPERATIONS MANAGER","OPERATIONS","duplex","co"
"COMPUTER OPERATIONS","OPERATIONS","",""
"CORP DR OPERATIONS HOSPITALITY","OPERATIONS","",""
"FIELD OPERATIONS","OPERATIONS","",""
"FINANCE AND OPERATIONS","OPERATIONS","",""
"GAS OPERATIONS MANAGER","OPERATIONS","",""
"GENERAL OPERATIONS","OPERATIONS","",""
"HEAD OF OPERATIONS","OPERATIONS","",""
"HOCKEY OPERATIONS","OPERATIONS","",""
"IT OPERATIONS MANAGER","OPERATIONS","",""
"MANAGER OF ENGINEERING AND OPERATIONS","OPERATIONS","",""
"MANAGER OF MARKETING PRACTICE OPERATIONS","OPERATIONS","",""
"MANAGER OF OPERATIONS","OPERATIONS","",""
"NETWORK OPERATIONS MANAGER","OPERATIONS","",""
"OPERATIONS ADMINISTRATOR","OPERATIONS","",""
"OPERATIONS ADVISOR","OPERATIONS","",""
"OPERATIONS ASSISTANT","OPERATIONS","subordinate","assistant"
"OPERATIONS CHAIR","OPERATIONS","committee","chair"
"OPERATIONS COMMITTEE","OPERATIONS","",""
"OPERATIONS COMMITTEE CHAIR","OPERATIONS","committee","chair"
"OPERATIONS CONSULTANT","OPERATIONS","",""
"OPERATIONS COORDINATOR","OPERATIONS","",""
"OPERATIONS EXECUTIVE","OPERATIONS","",""
"OPERATIONS FOREMAN","OPERATIONS","",""
"OPERATIONS GROUP REPRESENTATIVE","OPERATIONS","",""
"OPERATIONS LEAD","OPERATIONS","",""
"OPERATIONS M","OPERATIONS","",""
"OPERATIONS MANAGEMENT","OPERATIONS","",""
"OPERATIONS MEMBER","OPERATIONS","",""
"OPERATIONS O","OPERATIONS","",""
"OPERATIONS OFFICER","OPERATIONS","",""
"OPERATIONS PRESIDENT","OPERATIONS","",""
"OPERATIONS REPRESENTATIVE","OPERATIONS","",""
"OPERATIONS SECRETARY","OPERATIONS","",""
"OPERATIONS SUPERINTENDENT","OPERATIONS","",""
"OPERATIONS SUPERVISOR","OPERATIONS","",""
"OPERATIONS TRUSTEE","OPERATIONS","",""
"OPERATIONS V","OPERATIONS","",""
"OPERATIONS VICE CHAIR","OPERATIONS","committee","chair"
"OPERATIONS VICE PRESIDENT","OPERATIONS","",""
"PLANT OPERATIONS","OPERATIONS","",""
"POOL OPERATIONS","OPERATIONS","",""
"PRESIDENT OF OPERATIONS","OPERATIONS","",""
"REGIONAL OPERATIONS","OPERATIONS","regional","regional"
"SENIOR OPERATIONS MANAGER","OPERATIONS","superior","senior"
"SYSTEMS OPERATIONS","OPERATIONS","",""
"TRACK OPERATIONS","OPERATIONS","",""
"VICE CHAIR OF BOARD AND FIELD OPERATIONS","OPERATIONS","committee","chair"
"WATER OPERATIONS","OPERATIONS","",""
"ACCOUNT MANAGER","MANAGER","",""
"ACCOUNTING MANAGER","MANAGER","",""
"ACCT MANAGER","MANAGER","",""
"ACCT MANAGER EXECUTIVE","MANAGER","",""
"ACCTG MANAGER","MANAGER","",""
"ADMINISTRATION MANAGER","MANAGER","",""
"ADMINISTRATIVE MANAGER","MANAGER","",""
"ADMINISTRATIVE SERVICES MANAGER","MANAGER","",""
"ADOPTION MANAGER","MANAGER","",""
"ADVERTISING MANAGER","MANAGER","",""
"AGENCY MANAGER","MANAGER","",""
"ASSET MANAGER","MANAGER","",""
"ASSISTANT BUSINESS MANAGER AND E BOARD","MANAGER","subordinate","assistant"
"ASSISTANT GAMB MANAGER","MANAGER","subordinate","assistant"
"ASSISTANT GAMBLING MANAGER","MANAGER","subordinate","assistant"
"ASSISTANT MANAGER","MANAGER","subordinate","assistant"
"ASSISTANT NURSE MANAGER","MANAGER","subordinate","assistant"
"ASSISTANT PROGRAMS MANAGER","MANAGER","subordinate","assistant"
"ASSISTANT TO BUSINESS MANAGER","MANAGER","subordinate","assistant"
"ASSOCIATE MANAGER","MANAGER","subordinate","associate"
"ASSOCIATION MANAGER","MANAGER","",""
"BAND MANAGER","MANAGER","",""
"BAR MANAGER","MANAGER","",""
"BARN MANAGER","MANAGER","",""
"BCCM MANAGER","MANAGER","",""
"BEVERAGE MANAGER","MANAGER","",""
"BINGO MANAGER","MANAGER","",""
"BLDG MANAGER","MANAGER","",""
"BOOK MANAGER","MANAGER","",""
"BOOK STORE MANAGER","MANAGER","",""
"BOOKSTORE MANAGER","MANAGER","",""
"BOX OFFICE MANAGER","MANAGER","",""
"BRANCH MANAGER","MANAGER","",""
"BUILDING MANAGER","MANAGER","",""
"BUSINESS DEVELOPMENT MANAGER","MANAGER","",""
"BUSINESS MANAGER AND FINANCE SECRETARY","MANAGER","",""
"BUSINESS MANAGER AND FST","MANAGER","",""
"BUSINESS MANAGER FINANCE SECRETARY","MANAGER","",""
"BUSINESS MANAGER OF","MANAGER","",""
"BUSINESS MANAGER OF FINANCE","MANAGER","",""
"BUSINESS MANAGER P","MANAGER","",""
"BUSINESS OFFICE MANAGER","MANAGER","",""
"BUSINESS SERVICES MANAGER","MANAGER","",""
"CAFE MANAGER","MANAGER","",""
"CAMP MANAGER","MANAGER","",""
"CANTEEN MANAGER","MANAGER","",""
"CASE MANAGER","MANAGER","",""
"CEMETERY MANAGER","MANAGER","",""
"CENTER MANAGER","MANAGER","",""
"CHOIR MANAGER","MANAGER","",""
"CHORUS MANAGER","MANAGER","",""
"CI MANAGER","MANAGER","",""
"CLAIM MANAGER","MANAGER","",""
"CLAIMS MANAGER","MANAGER","",""
"CLIENT SERVICES MANAGER","MANAGER","",""
"CLINIC MANAGER","MANAGER","",""
"CLINICAL MANAGER","MANAGER","",""
"CLUB HOUSE MANAGER","MANAGER","",""
"CLUBHOUSE MANAGER","MANAGER","",""
"CO-MANAGER","MANAGER","duplex","co"
"COLLECTION MANAGER","MANAGER","",""
"COMMERCIAL LENDING MANAGER","MANAGER","",""
"COMMUNICATIONS MANAGER","MANAGER","",""
"COMMUNITY ENGAGEMENT MANAGER","MANAGER","",""
"COMMUNITY MANAGER","MANAGER","",""
"COMPANY MANAGER","MANAGER","",""
"COMPLIANCE MANAGER","MANAGER","",""
"CONCERT MANAGER","MANAGER","",""
"CONCESSION MANAGER","MANAGER","",""
"CONCESSION STAND MANAGER","MANAGER","",""
"CONCESSIONS MANAGER","MANAGER","",""
"CONSORTIUM MANAGER","MANAGER","",""
"CONSTRUCTION MANAGER","MANAGER","",""
"CORPORATE MANAGER","MANAGER","",""
"CUSTOMER SERVICE MANAGER","MANAGER","",""
"DATA MANAGER","MANAGER","",""
"DATABASE MANAGER","MANAGER","",""
"DEPUTY MANAGER","MANAGER","subordinate","deputy"
"DEVELOPMENT MANAGER","MANAGER","",""
"DIRECTOR MANAGER","MANAGER","",""
"DONATIONS MANAGER","MANAGER","",""
"EDUCATION MANAGER","MANAGER","",""
"ENGAGEMENT MANAGER","MANAGER","",""
"ENGINEER MANAGER","MANAGER","",""
"ENGINEERING MANAGER","MANAGER","",""
"EQUIP MANAGER","MANAGER","",""
"EVENT MANAGER","MANAGER","",""
"EVENTS MANAGER","MANAGER","",""
"EXECUTIVE MANAGER","MANAGER","superior","executive"
"F AND B MANAGER","MANAGER","",""
"FACILITIES MANAGER","MANAGER","",""
"FACILITY MANAGER","MANAGER","",""
"FACULTY MANAGER","MANAGER","",""
"FAIR MANAGER","MANAGER","",""
"FAMILY SVCS MANAGER","MANAGER","",""
"FARM MANAGER","MANAGER","",""
"FIELD MANAGER","MANAGER","",""
"FIELDS MANAGER","MANAGER","",""
"FINANCE AND ADMINISTRATION MANAGER","MANAGER","",""
"FISCAL MANAGER","MANAGER","",""
"FLEET MANAGER","MANAGER","",""
"FOOD AND BEVERAGE MANAGER","MANAGER","",""
"FOOD MANAGER","MANAGER","",""
"FOOD PANTRY MANAGER","MANAGER","",""
"FOUND MANAGER","MANAGER","",""
"FUNDRAISING MANAGER","MANAGER","",""
"GALLERY MANAGER","MANAGER","",""
"GAMB MANAGER","MANAGER","",""
"GAMBLING MANAGER","MANAGER","",""
"GAMING MANAGER","MANAGER","",""
"GARDEN MANAGER","MANAGER","",""
"GAS ENGINEERING MANAGER","MANAGER","",""
"GENERAL MANAGER OFFICER","MANAGER","",""
"GENERAL MANAGER TRUSTEE","MANAGER","",""
"GRANT MANAGER","MANAGER","",""
"GRANTS MANAGER","MANAGER","",""
"GROUNDS MANAGER","MANAGER","",""
"HALL MANAGER","MANAGER","",""
"HOSPITALITY MANAGER","MANAGER","",""
"HOUSE MANAGER","MANAGER","",""
"HOUSING MANAGER","MANAGER","",""
"HUMAN RESOURCES MANAGER","MANAGER","",""
"INFORMATION TECHNOLOGY MANAGER","MANAGER","",""
"INVENTORY MANAGER","MANAGER","",""
"INVESTMENT MANAGER","MANAGER","",""
"IS MANAGER","MANAGER","",""
"IT INFRASTRUCTURE MANAGER","MANAGER","",""
"KENNEL MANAGER","MANAGER","",""
"KEY ACCOUNT MANAGER COMMERCIAL SERVICES","MANAGER","",""
"KITCHEN MANAGER","MANAGER","",""
"LAB MANAGER","MANAGER","",""
"LAND MANAGER","MANAGER","",""
"LENDING MANAGER","MANAGER","",""
"LIBRARY MANAGER","MANAGER","",""
"LIFEGUARD MANAGER","MANAGER","",""
"LOAN MANAGER","MANAGER","",""
"LODGE MANAGER","MANAGER","",""
"LOGISTICS MANAGER","MANAGER","",""
"LOUNGE MANAGER","MANAGER","",""
"MAINTENANCE MANAGER","MANAGER","",""
"MANAGER AND LLC","MANAGER","",""
"MANAGER COORDINATOR","MANAGER","",""
"MANAGER ENGINEER","MANAGER","",""
"MANAGER LIAISON","MANAGER","",""
"MANAGER OF ACCOUNTING","MANAGER","",""
"MANAGER OF ADMINISTRATION","MANAGER","",""
"MANAGER OF BUSINESS DEVELOPMENT","MANAGER","",""
"MANAGER OF CREDIT SOLUTION","MANAGER","",""
"MANAGER OF ENGIN","MANAGER","",""
"MANAGER OF ENGINEERING","MANAGER","",""
"MANAGER OF F","MANAGER","",""
"MANAGER OF FINANCE","MANAGER","",""
"MANAGER OF FINANCE AND ACCOUNTING","MANAGER","",""
"MANAGER OF FINANCE AND ADMINISTRATION","MANAGER","",""
"MANAGER OF HUMAN RESOURCES","MANAGER","",""
"MANAGER OF INFORMATION TECHNOLOGY","MANAGER","",""
"MANAGER OF IT","MANAGER","",""
"MANAGER OF MEMBER SERVICES","MANAGER","",""
"MANAGER OF PHARMACY","MANAGER","",""
"MANAGER OF REHABILITATION","MANAGER","",""
"MANAGER OF SALES","MANAGER","",""
"MANAGER OR CEO","MANAGER","",""
"MANAGER OUTPATIENT DIAGNOSTIC","MANAGER","",""
"MANAGER OUTPATIENT DIAGNOSTIC M","MANAGER","",""
"MANAGER PHARMACY","MANAGER","",""
"MARKETING MANAGER","MANAGER","",""
"MEDIA MANAGER","MANAGER","",""
"MEET MANAGER","MANAGER","",""
"MEMBER MANAGER","MANAGER","",""
"MEMBER SERVICE MANAGER","MANAGER","",""
"MEMBER SERVICES MANAGER","MANAGER","",""
"MEMBERSHIP MANAGER","MANAGER","",""
"MERCHANDISE MANAGER","MANAGER","",""
"MORTGAGE SALES MANAGER","MANAGER","",""
"MUSEUM MANAGER","MANAGER","",""
"NURSE MANAGER","MANAGER","",""
"NURSE MANAGER OF RN","MANAGER","",""
"NURSING MANAGER","MANAGER","",""
"OFFICER MANAGER","MANAGER","",""
"OPERATING MANAGER","MANAGER","",""
"ORCHESTRA MANAGER","MANAGER","",""
"PANTRY MANAGER","MANAGER","",""
"PARK MANAGER","MANAGER","",""
"PAYROLL MANAGER","MANAGER","",""
"PERSONNEL MANAGER","MANAGER","",""
"PHARMACY MANAGER","MANAGER","",""
"PLAN MANAGER","MANAGER","",""
"PLANT MANAGER","MANAGER","",""
"POOL MANAGER","MANAGER","",""
"PRACTICE MANAGER","MANAGER","",""
"PRESIDENT GENERAL MANAGER","MANAGER","",""
"PRESIDENT MANAGER","MANAGER","",""
"PRODUCT MANAGER","MANAGER","",""
"PROPERTY MANAGER","MANAGER","",""
"PUBLIC AFFAIRS MANAGER","MANAGER","",""
"PUBLIC RELATIONS MANAGER","MANAGER","",""
"PUBLICITY MANAGER","MANAGER","",""
"QUALITY ASSURANCE MANAGER","MANAGER","",""
"QUALITY MANAGER","MANAGER","",""
"RANGE MANAGER","MANAGER","",""
"REG'L MANAGER HEALTH CARE","MANAGER","",""
"REG MANAGER","MANAGER","",""
"REGIONAL CONSTRUCTION MANAGER","MANAGER","regional","regional"
"REGIONAL DEVELOPMENT MANAGER","MANAGER","regional","regional"
"REGIONAL HOUSE MANAGER","MANAGER","regional","regional"
"REGIONAL PROGRAMS MANAGER","MANAGER","regional","regional"
"REGIONAL REGIONAL MANAGER","MANAGER","regional","regional"
"REGIONAL SALES MANAGER","MANAGER","regional","regional"
"REHAB MANAGER","MANAGER","",""
"RELATIONS MANAGER","MANAGER","",""
"RENTAL MANAGER","MANAGER","",""
"RESCUE MANAGER","MANAGER","",""
"RESEARCH MANAGER","MANAGER","",""
"RESIDENCE MANAGER","MANAGER","",""
"RESIDENT CARE MANAGER","MANAGER","",""
"RESIDENT MANAGER","MANAGER","",""
"RESIDENTIAL MANAGER","MANAGER","",""
"RINK MANAGER","MANAGER","",""
"RISK MANAGER","MANAGER","",""
"RN AND CASE MANAGER","MANAGER","",""
"RN CASE MANAGER","MANAGER","",""
"RN MANAGER","MANAGER","",""
"RN NURSE MANAGER","MANAGER","",""
"ROAD MANAGER","MANAGER","",""
"SAFETY MANAGER","MANAGER","",""
"SALES MANAGER","MANAGER","",""
"SANCTUARY MANAGER","MANAGER","",""
"SECRETARY MANAGER","MANAGER","",""
"SENIOR ASSET MANAGER","MANAGER","superior","senior"
"SENIOR ASSISTANT BUSINESS MANAGER","MANAGER","superior","senior"
"SENIOR DEVELOPMENT MANAGER","MANAGER","superior","senior"
"SENIOR FINANCE MANAGER","MANAGER","superior","senior"
"SENIOR MANAGER","MANAGER","superior","senior"
"SENIOR MANAGER OF COMMUNICATIONS","MANAGER","superior","senior"
"SENIOR PRODUCT MANAGER","MANAGER","superior","senior"
"SENIOR PROGRAMS MANAGER","MANAGER","superior","senior"
"SENIOR PROJECTS MANAGER","MANAGER","superior","senior"
"SENIOR SALES MANAGER","MANAGER","superior","senior"
"SENIOR SCIENTIFIC PROGRAMS MANAGER","MANAGER","superior","senior"
"SERVICE MANAGER","MANAGER","",""
"SHELTER MANAGER","MANAGER","",""
"SHOP MANAGER","MANAGER","",""
"SHOW MANAGER","MANAGER","",""
"SITE MANAGER","MANAGER","",""
"SNACK BAR MANAGER","MANAGER","",""
"SOCIAL MEDIA MANAGER","MANAGER","",""
"SOFTWARE DEVELOPMENT MANAGER","MANAGER","",""
"SOFTWARE ENGINEERING MANAGER","MANAGER","",""
"SPECIAL PROJECTS MANAGER","MANAGER","",""
"SPONSORSHIP MANAGER","MANAGER","",""
"STAFF MANAGER","MANAGER","",""
"STAGE MANAGER","MANAGER","",""
"STORE CO-MANAGER","MANAGER","duplex","co"
"STORE MANAGER","MANAGER","",""
"STUDIO MANAGER","MANAGER","",""
"SYSTEMS MANAGER","MANAGER","",""
"TEAM MANAGER","MANAGER","",""
"TECHNOLOGY MANAGER","MANAGER","",""
"THEATER MANAGER","MANAGER","",""
"THRIFT SHOP MANAGER","MANAGER","",""
"THRIFT STORE MANAGER","MANAGER","",""
"TICKET MANAGER","MANAGER","",""
"TOURNAMENT MANAGER","MANAGER","",""
"TRAINING MANAGER","MANAGER","",""
"TREASURER BUSINESS MANAGER","MANAGER","",""
"TREASURER MANAGER","MANAGER","",""
"U DIVISION MANAGER","MANAGER","",""
"UNIFORM MANAGER","MANAGER","",""
"UNIFORMS MANAGER","MANAGER","",""
"UNIT MANAGER","MANAGER","",""
"VILLAGE MANAGER","MANAGER","",""
"VOLUNTEER MANAGER","MANAGER","",""
"WAREHOUSE MANAGER","MANAGER","",""
"WEB MANAGER","MANAGER","",""
"WEBSITE MANAGER","MANAGER","",""
"YOUTH PROGRAMS MANAGER","MANAGER","",""
"ADVANCEMENT COMMITTEE CHAIR","BOARD MEMBER","committee","chair"
"ADVOCACY COMMITTEE CHAIR","BOARD MEMBER","committee","chair"
"AWARDS COMMITTEE CHAIR","BOARD MEMBER","committee","chair"
"BOARD CHAIR OF EXECUTIVE COMMITTEE","BOARD MEMBER","committee","chair"
"BOARD COMMITTEE CHAIR","BOARD MEMBER","committee","chair"
"BUILDING COMMITTEE CHAIR","BOARD MEMBER","committee","chair"
"BYLAWS COMMITTEE CHAIR","BOARD MEMBER","committee","chair"
"CARRIER POLICY COMMITTEE CHAIR","BOARD MEMBER","committee","chair"
"CE COMMITTEE CO-CHAIR","BOARD MEMBER","duplex","co"
"CEO COMMITTEE CHAIR","BOARD MEMBER","committee","chair"
"CHAIR OF AUDIT AND FINANCE COMMITTEE","BOARD MEMBER","committee","chair"
"CHAIR OF AUDIT COMMITTEE","BOARD MEMBER","committee","chair"
"CHAIR OF COMMITTEE","BOARD MEMBER","committee","chair"
"CHAIR OF COMMUNICATIONS COMMITTEE","BOARD MEMBER","committee","chair"
"CHAIR OF EDUCATION COMMITTEE","BOARD MEMBER","committee","chair"
"CHAIR OF GOVERNANCE COMMITTEE","BOARD MEMBER","committee","chair"
"CHAIR OF HOUSE COMMITTEE","BOARD MEMBER","committee","chair"
"CHAIR OF INVESTMENT COMMITTEE","BOARD MEMBER","committee","chair"
"CHAIR OF MEMBERSHIP COMMITTEE","BOARD MEMBER","committee","chair"
"CHAIR OF NOMINATING COMMITTEE","BOARD MEMBER","committee","chair"
"CHAIR OF OUTREACH COMMITTEE","BOARD MEMBER","committee","chair"
"CHAIR OF PROGRAMS COMMITTEE","BOARD MEMBER","committee","chair"
"CHAIR OF REGIONAL COMMITTEE","BOARD MEMBER","regional","regional"
"CHAIR OF SCHOLARSHIPS COMMITTEE","BOARD MEMBER","committee","chair"
"CHAIR OF SUPERVISORY COMMITTEE","BOARD MEMBER","committee","chair"
"CO-CHAIR OF COMMITTEE","BOARD MEMBER","duplex","co"
"CO-CHAIR OF DEVELOPMENT COMMITTEE","BOARD MEMBER","duplex","co"
"CO-CHAIR OF FINANCE COMMITTEE","BOARD MEMBER","duplex","co"
"CO-CHAIR OF FUNDRAISING COMMITTEE","BOARD MEMBER","duplex","co"
"CO-CHAIR OF PROGRAMS COMMITTEE","BOARD MEMBER","duplex","co"
"COMMITTEE CO-CHAIR","BOARD MEMBER","duplex","co"
"COMMITTEE VICE CHAIR","BOARD MEMBER","committee","chair"
"COMMITTEE VICE CHAIR AND ESTATE PLANNING","BOARD MEMBER","committee","chair"
"COMMUNICATIONS COMMITTEE CHAIR","BOARD MEMBER","committee","chair"
"CONFERENCE COMMITTEE CHAIR","BOARD MEMBER","committee","chair"
"CREDIT COMMITTEE CHAIR","BOARD MEMBER","committee","chair"
"DEI COMMITTEE CHAIR","BOARD MEMBER","committee","chair"
"ENTERTAINMENT COMMITTEE CHAIR","BOARD MEMBER","committee","chair"
"ETHICS COMMITTEE CHAIR","BOARD MEMBER","committee","chair"
"EVENTS COMMITTEE CHAIR","BOARD MEMBER","committee","chair"
"EXECUTIVE COMMITTEE AND CHAIR","BOARD MEMBER","superior","executive"
"EXOFFICIO COMMITTEE CHAIR","BOARD MEMBER","committee","chair"
"FINANCE COMMITTEE CO-CHAIR","BOARD MEMBER","duplex","co"
"FUNDRAISING COMMITTEE CHAIR","BOARD MEMBER","committee","chair"
"GOLF COMMITTEE CHAIR","BOARD MEMBER","committee","chair"
"GOV COMMITTEE CHAIR","BOARD MEMBER","committee","chair"
"GOVERNANCE COMMITTEE CO-CHAIR","BOARD MEMBER","duplex","co"
"GOVERNMENT AFFAIRS COMMITTEE CO-CHAIR","BOARD MEMBER","duplex","co"
"GRANT COMMITTEE CHAIR","BOARD MEMBER","committee","chair"
"GRANTS COMMITTEE CHAIR","BOARD MEMBER","committee","chair"
"GROUNDS COMMITTEE CHAIR","BOARD MEMBER","committee","chair"
"HOUSE COMMITTEE CHAIR","BOARD MEMBER","committee","chair"
"HUMAN RESOURCES COMMITTEE CHAIR","BOARD MEMBER","committee","chair"
"INVEST COMMITTEE CHAIR","BOARD MEMBER","committee","chair"
"LEG COMMITTEE CHAIR","BOARD MEMBER","committee","chair"
"LEGIS COMMITTEE CHAIR","BOARD MEMBER","committee","chair"
"LEGISLATIVE COMMITTEE CHAIR","BOARD MEMBER","committee","chair"
"LOAN COMMITTEE CHAIR","BOARD MEMBER","committee","chair"
"MARKETING COMMITTEE CHAIR","BOARD MEMBER","committee","chair"
"MEMBER COMMITTEE CHAIR","BOARD MEMBER","committee","chair"
"MEMBERSHIP COMMITTEE CHAIR","BOARD MEMBER","committee","chair"
"MEMBERSHIP COMMITTEE CO-CHAIR","BOARD MEMBER","duplex","co"
"NOMINATING COMMITTEE CHAIR","BOARD MEMBER","committee","chair"
"NOMINATION COMMITTEE CHAIR","BOARD MEMBER","committee","chair"
"NOMINATIONS COMMITTEE CHAIR","BOARD MEMBER","committee","chair"
"OUTREACH COMMITTEE CHAIR","BOARD MEMBER","committee","chair"
"PERSONNEL COMMITTEE CHAIR","BOARD MEMBER","committee","chair"
"PLANNING COMMITTEE CHAIR","BOARD MEMBER","committee","chair"
"POLICY COMMITTEE CHAIR","BOARD MEMBER","committee","chair"
"PROGRAMMING COMMITTEE CO-CHAIR","BOARD MEMBER","duplex","co"
"PROGRAMS COMMITTEE CO-CHAIR","BOARD MEMBER","duplex","co"
"PUBLIC RELATIONS COMMITTEE CHAIR","BOARD MEMBER","committee","chair"
"PUBLICATIONS COMMITTEE CHAIR","BOARD MEMBER","committee","chair"
"REGIONAL COMMITTEE CHAIR","BOARD MEMBER","regional","regional"
"RESEARCH COMMITTEE CHAIR","BOARD MEMBER","committee","chair"
"RULES COMMITTEE CHAIR","BOARD MEMBER","committee","chair"
"SAFETY COMMITTEE CHAIR","BOARD MEMBER","committee","chair"
"SCHOLARSHIPS COMMITTEE CHAIR","BOARD MEMBER","committee","chair"
"SOCIAL COMMITTEE CHAIR","BOARD MEMBER","committee","chair"
"SPONSORSHIP COMMITTEE CHAIR","BOARD MEMBER","committee","chair"
"STEERING COMMITTEE CHAIR","BOARD MEMBER","committee","chair"
"STRATEGY COMMITTEE CHAIR","BOARD MEMBER","committee","chair"
"STRATEGY PLANNING COMMITTEE CHAIR","BOARD MEMBER","committee","chair"
"SUPERVISORY COMMITTEE AND CHAIR","BOARD MEMBER","committee","chair"
"SUPERVISORY COMMITTEE CHAIR","BOARD MEMBER","committee","chair"
"TECHNOLOGY COMMITTEE CHAIR","BOARD MEMBER","committee","chair"
"TRANSPORTATION COMMITTEE CHAIR","BOARD MEMBER","committee","chair"
"TRUSTEE COMMITTEE CHAIR","BOARD MEMBER","committee","chair"
"VICE CHAIR OF COMMITTEE","BOARD MEMBER","committee","chair"
"VICE CHAIR OF EXECUTIVE COMMITTEE","BOARD MEMBER","committee","chair"
"VOLUNTEER COMMITTEE CHAIR","BOARD MEMBER","committee","chair"
"WEBSITE COMMITTEE CHAIR","BOARD MEMBER","committee","chair"
"WOMEN'S COMMITTEE CHAIR","BOARD MEMBER","committee","chair"
"WOMENS COMMITTEE CHAIR","BOARD MEMBER","committee","chair"
"ADMINISTRATION COMMITTEE MEMBER","BOARD MEMBER","committee","member"
"ADMINISTRATIVE COMMITTEE MEMBER","BOARD MEMBER","committee","member"
"AWARDS COORDINATOR","BOARD MEMBER","",""
"BETA SPONSOR","BOARD MEMBER","",""
"CO","BOARD MEMBER","",""
"COACH","BOARD MEMBER","",""
"COCSA REGIONAL","BOARD MEMBER","regional","regional"
"CONDUCTOR SENTINEL","BOARD MEMBER","",""
"COO AT SSM HEALTH","BOARD MEMBER","",""
"DIVISION CHAIR","BOARD MEMBER","committee","chair"
"DIVISIONAL PRESIDENT","BOARD MEMBER","",""
"EDUCATION VICE PRESIDENT","BOARD MEMBER","",""
"ELECTION","BOARD MEMBER","",""
"ELECTION CHAIR","BOARD MEMBER","committee","chair"
"ELECTION COMMITTEE","BOARD MEMBER","",""
"EMPLOYER TRUSTEE","BOARD MEMBER","",""
"FINANCE ADMINISTRATOR","BOARD MEMBER","",""
"FOOD PANTRY ASSISTANT","BOARD MEMBER","subordinate","assistant"
"GRAD GOV","BOARD MEMBER","",""
"GRAD REPRESENTATIVE","BOARD MEMBER","",""
"GRAND TRUSTEE","BOARD MEMBER","",""
"GROUNDS SUPERINTENDENT","BOARD MEMBER","",""
"IT","BOARD MEMBER","",""
"JOURNAL EDITOR","BOARD MEMBER","",""
"LARGE ASSOCIATION REPRESENTATIVE","BOARD MEMBER","",""
"LEAD ORGANIZER","BOARD MEMBER","",""
"MCHS COO","BOARD MEMBER","",""
"MD AND PRESIDENT","BOARD MEMBER","",""
"MD DENTIST","BOARD MEMBER","",""
"MDS COORDINATOR","BOARD MEMBER","",""
"PRESIDENT DIVISION","BOARD MEMBER","",""
"REGIONAL COMMANDER","BOARD MEMBER","regional","regional"
"SCHEDULING","BOARD MEMBER","",""
"SECRETARY TREASURER","BOARD MEMBER","",""
"SEE SCHEDULE O","BOARD MEMBER","",""
"SERGEANT OF ARMS","BOARD MEMBER","",""
"SUPPLEMENTAL","BOARD MEMBER","",""
"SUPPLIER","BOARD MEMBER","",""
"SUPPLIER REPRESENTATIVE","BOARD MEMBER","",""
"SUPPLY CHAIR","BOARD MEMBER","committee","chair"
"SUPPLY COORDINATOR","BOARD MEMBER","",""
"SUPPLY OFFICER","BOARD MEMBER","",""
"VENDOR REPRESENTATIVE","BOARD MEMBER","",""
"VICE PRESIDENT AND BASEBALL","BOARD MEMBER","",""
"VICE PRESIDENT TICKTOCKERS","BOARD MEMBER","",""
"VISE PRESIDENT","BOARD MEMBER","",""
"WORKING FOREMAN","BOARD MEMBER","",""
"ACA CHAIR","BOARD MEMBER","committee","chair"
"ACADEMICS CHAIR","BOARD MEMBER","committee","chair"
"ACCELERATOR CHAIR","BOARD MEMBER","committee","chair"
"ACTIVE CHAIR","BOARD MEMBER","committee","chair"
"ADMINISTRATIVE","BOARD MEMBER","",""
"ADMINISTRATIVE OFFICER","BOARD MEMBER","",""
"ADMINISTRATIVE SUPPORT","BOARD MEMBER","",""
"ADVERTISING CHAIR","BOARD MEMBER","committee","chair"
"AFFILIATE MEMBER","BOARD MEMBER","",""
"AFFILIATE REPRESENTATIVE","BOARD MEMBER","",""
"AFSCME","BOARD MEMBER","",""
"AGENT","BOARD MEMBER","",""
"ALMONER","BOARD MEMBER","",""
"ALTERNATE COUNCILOR","BOARD MEMBER","duplex","alternate"
"ALTERNATE DELEGATE","BOARD MEMBER","duplex","alternate"
"ALTERNATE TREASURER","BOARD MEMBER","duplex","alternate"
"ALUMNI REPRESENTATIVE","BOARD MEMBER","",""
"AMA DELEGATE","BOARD MEMBER","",""
"AND PRESIDENT","BOARD MEMBER","",""
"AND TREASURER","BOARD MEMBER","",""
"APA REPRESENTATIVE","BOARD MEMBER","",""
"ARCHON","BOARD MEMBER","",""
"ARMY REGIONAL EXECUTIVE COMMITTEE","BOARD MEMBER","regional","regional"
"ASS'TRUSTEE SECRETARY","BOARD MEMBER","",""
"ASSEMBLY CHAIR","BOARD MEMBER","committee","chair"
"ASSISTANT CHI","BOARD MEMBER","subordinate","assistant"
"ASSISTANT COORDINATOR","BOARD MEMBER","subordinate","assistant"
"ASSISTANT HEAD COACH","BOARD MEMBER","subordinate","assistant"
"ASSISTANT LEARNING OFFICER","BOARD MEMBER","subordinate","assistant"
"ASSISTANT RABBAN","BOARD MEMBER","subordinate","assistant"
"ASSO PRESIDENT","BOARD MEMBER","",""
"ASSOCIATE MATRON","BOARD MEMBER","subordinate","associate"
"AUDIT COMMITTEE","BOARD MEMBER","",""
"AUTHORIZED OFFICER","BOARD MEMBER","",""
"BAND CO-VICE PRESIDENT","BOARD MEMBER","duplex","co"
"BARGAINING","BOARD MEMBER","",""
"BARGAINING CHAIR","BOARD MEMBER","committee","chair"
"BARGAINING COMMITTEE","BOARD MEMBER","",""
"BARTENDER","BOARD MEMBER","",""
"BASEBALL VICE PRESIDENT","BOARD MEMBER","",""
"BIARD MEMBER","BOARD MEMBER","",""
"BISHOP","BOARD MEMBER","",""
"BOAD MEMBER","BOARD MEMBER","",""
"BOARD ADVISOR","BOARD MEMBER","",""
"BOARD AND CHAIR","BOARD MEMBER","committee","chair"
"BOARD AND VICE CHAIR","BOARD MEMBER","committee","chair"
"BOARD AND VICE PRESIDENT","BOARD MEMBER","",""
"BOARD CHAIR PRESIDENT","BOARD MEMBER","committee","chair"
"BOARD CO-SECRETARY","BOARD MEMBER","duplex","co"
"BOARD CO-TREASURER","BOARD MEMBER","duplex","co"
"BOARD CO-VICE CHAIR","BOARD MEMBER","duplex","co"
"BOARD CO-VICE PRESIDENT","BOARD MEMBER","duplex","co"
"BOARD COCHAIR","BOARD MEMBER","",""
"BOARD CONSULTANT","BOARD MEMBER","",""
"BOARD MEMBER AND INC","BOARD MEMBER","",""
"BOARD MEMBER AND PHYSICIAN","BOARD MEMBER","",""
"BOARD MEMBER AND TEEN WORLD MINISTRIES","BOARD MEMBER","",""
"BOARD MEMBER CHAIR","BOARD MEMBER","committee","chair"
"BOARD MEMBER PRESIDENT","BOARD MEMBER","",""
"BOARD MEMBER SECRETARY","BOARD MEMBER","",""
"BOARD MEMBERDIRECTOR","BOARD MEMBER","",""
"BOARD MEMBERLEFT","BOARD MEMBER","",""
"BOARD MEMBERPRESIDENT","BOARD MEMBER","",""
"BOARD MEMBERR","BOARD MEMBER","",""
"BOARD MEMBERVICE PRESIDENT","BOARD MEMBER","",""
"BOARD MEMBERVOLUNTEER","BOARD MEMBER","",""
"BOARD MEMBET","BOARD MEMBER","",""
"BOARD MEMEBR","BOARD MEMBER","",""
"BOARD MENBER","BOARD MEMBER","",""
"BOARD MMBER","BOARD MEMBER","",""
"BOARD MMEBER","BOARD MEMBER","",""
"BOARD OBSERVER","BOARD MEMBER","",""
"BOARD OF ADVISOR","BOARD MEMBER","",""
"BOARD OF ADVISORS","BOARD MEMBER","",""
"BOARD OF DELEGATES","BOARD MEMBER","",""
"BOARD OF GOVERNOR","BOARD MEMBER","",""
"BOARD OF GOVERNORS MEMBER","BOARD MEMBER","",""
"BOARD OF MANAGEMENT","BOARD MEMBER","",""
"BOARD OF TRUSTEE MEMBER","BOARD MEMBER","",""
"BOARD OFFICER","BOARD MEMBER","",""
"BOARD REPRESENTATIVE","BOARD MEMBER","",""
"BOG","BOARD MEMBER","",""
"BOOK KEEPER","BOARD MEMBER","",""
"BORAD MEMBER","BOARD MEMBER","",""
"BRANCH PRESIDENT","BOARD MEMBER","",""
"BREWSTER BOARD","BOARD MEMBER","",""
"BUILDINGS","BOARD MEMBER","",""
"BURSAR","BOARD MEMBER","",""
"BUSINESS CONSULTANT","BOARD MEMBER","",""
"BUSINESS RELATIONS","BOARD MEMBER","",""
"BYLAWS","BOARD MEMBER","",""
"CALL STEWARD","BOARD MEMBER","",""
"CARDIOLOGIST","BOARD MEMBER","",""
"CCO","CHEIF _X_ OFFICER","",""
"CEO AND AHC","CEO","",""
"CEO AND PASTOR","CEO","",""
"CEO AND PRESIDENT","CEO","",""
"CEO AND REGIONAL","CEO","regional","regional"
"CEO BOARD PRESIDENT","CEO","",""
"CEO HMS","CEO","",""
"CEO HNMC","CEO","",""
"CEO OF ADMINISTRATION","CEO","",""
"CEO OF ADVANCEMENT","CEO","",""
"CEO OF AFFORDABLE HOUSING","CEO","",""
"CEO OF SLS","CEO","",""
"CEO OF SVCF","CEO","",""
"CEO SECRETARY","CEO","",""
"CERTIFICATIO","BOARD MEMBER","",""
"CERTIFIED NURSE PRACTITIONER","BOARD MEMBER","",""
"CERTIFIED NURSING ASSISTANT","BOARD MEMBER","subordinate","assistant"
"CFO CFO","CHIEF FINANCIAL OFFICER","",""
"CFO OF COMMONBOND","CHIEF FINANCIAL OFFICER","",""
"CFO UPC AND ACO","CHIEF FINANCIAL OFFICER","",""
"CFOTREASURER","CHIEF FINANCIAL OFFICER","",""
"CHAIR'S COUNCIL","BOARD MEMBER","committee","chair"
"CHAIR AND BOARD","BOARD MEMBER","committee","chair"
"CHAIR CEO","CEO","committee","chair"
"CHAIR OF BOARD OF GOVERNORS","BOARD MEMBER","committee","chair"
"CHAIR OF BUDGET AND FINANCE","BOARD MEMBER","committee","chair"
"CHAIR OF MARKETING","BOARD MEMBER","committee","chair"
"CHAIR TREASURER","BOARD MEMBER","committee","chair"
"CHAMBER PRESIDENT","BOARD MEMBER","",""
"CHAMPLAIN","BOARD MEMBER","",""
"CHAPLIAN","BOARD MEMBER","",""
"CHEER COMMIS","BOARD MEMBER","",""
"CHEER COMMISSIONER","BOARD MEMBER","",""
"CHEER COORDINATOR","BOARD MEMBER","",""
"CHEF DE GARE","BOARD MEMBER","",""
"CHOREOGRAPHER","BOARD MEMBER","",""
"CHORUS PRESIDENT","BOARD MEMBER","",""
"CHPT AND PRESIDENT","BOARD MEMBER","",""
"CHPT AND SECRETARY","BOARD MEMBER","",""
"CHPT AND TREASURER","BOARD MEMBER","",""
"CHPT AND VICE PRESIDENT","BOARD MEMBER","",""
"CHRO","BOARD MEMBER","",""
"CHURCH ADMINISTRATOR","BOARD MEMBER","",""
"CHURCH BUSINESS ADMINISTRATION","BOARD MEMBER","",""
"CHURCH CLERK","BOARD MEMBER","",""
"CHURCH DEACON","BOARD MEMBER","",""
"CHURCH ELDER","BOARD MEMBER","",""
"CHURCH LIAISON","BOARD MEMBER","",""
"CHURCH PASTOR","BOARD MEMBER","",""
"CHURCH REPRESENTATIVE","BOARD MEMBER","",""
"CHURCH SECRETARY","BOARD MEMBER","",""
"CIO AND TREASURER","BOARD MEMBER","",""
"CLASS B POS","BOARD MEMBER","",""
"CLASS B TRUSTEE","BOARD MEMBER","",""
"CLASS CHAIR","BOARD MEMBER","committee","chair"
"CLASS COORDINATOR","BOARD MEMBER","",""
"CLIENT SERVICES","BOARD MEMBER","",""
"CLO","BOARD MEMBER","",""
"CNA","BOARD MEMBER","",""
"CO-AND PRESIDENT","BOARD MEMBER","duplex","co"
"CO-CFO","CHIEF FINANCIAL OFFICER","duplex","co"
"CO-CHAIR OF GOVERNMENT AFFAIRS","BOARD MEMBER","duplex","co"
"CO-CHAIR OF MANAGEMENT","BOARD MEMBER","duplex","co"
"CO-CHAIR OF MEMBERSHIP","BOARD MEMBER","duplex","co"
"CO-CORRESPONDING SECRETARY","BOARD MEMBER","duplex","co"
"CO-VICE PRESIDENT VOLUNTEERS","BOARD MEMBER","duplex","co"
"CO-VICE PRESIDENT WAYS AND MEANS","BOARD MEMBER","duplex","co"
"COCHAIR","BOARD MEMBER","",""
"COMMITTEE SECRETARY","BOARD MEMBER","",""
"COMMUNICATIONS COORDINATOR","BOARD MEMBER","",""
"COMMUNITY","BOARD MEMBER","",""
"CONCESSIONS COORDINATOR","BOARD MEMBER","",""
"CONSERVATION","BOARD MEMBER","",""
"CONSTITUTION","BOARD MEMBER","",""
"CONSTRUCTION COORDINATOR","BOARD MEMBER","",""
"CONTRACTOR","BOARD MEMBER","",""
"CONTRACTOR REPRESENTATIVE","BOARD MEMBER","",""
"CONVENTION CHAIR","BOARD MEMBER","committee","chair"
"COO ECR","BOARD MEMBER","",""
"COR SECRETARY","BOARD MEMBER","",""
"CORPORATE MEMBER","BOARD MEMBER","",""
"CORRESPONDENT SECRETARY","BOARD MEMBER","",""
"COTREASURER","BOARD MEMBER","",""
"COUNCIL AND BOARD","BOARD MEMBER","",""
"COUNCIL ATTORNEY","BOARD MEMBER","",""
"COUNCIL BOARD","BOARD MEMBER","",""
"COUNCIL COMMISSIONER","BOARD MEMBER","",""
"COUNCIL OF REPRESENTATIVE","BOARD MEMBER","",""
"COUNCIL SECRETARY","BOARD MEMBER","",""
"COUNCIL TREASURER","BOARD MEMBER","",""
"COUNCIL VICE CHAIR","BOARD MEMBER","committee","chair"
"COUNCIL VICE PRESIDENT","BOARD MEMBER","",""
"COUNTY REPRESENTATIVE","BOARD MEMBER","",""
"COVICE PRESIDENT","BOARD MEMBER","",""
"CPO","BOARD MEMBER","",""
"CREDIT COMMITTEE","BOARD MEMBER","",""
"CREW FOREMAN","BOARD MEMBER","",""
"CSO","BOARD MEMBER","",""
"DANCE INSTRUCTOR","BOARD MEMBER","",""
"DEBBIE BROEMSEN AND ADMINISTRATOR","BOARD MEMBER","",""
"DEI CHAIR","BOARD MEMBER","committee","chair"
"DEPUTY EXECUTIVE","BOARD MEMBER","subordinate","deputy"
"DEPUTY GENERAL COUNSEL","BOARD MEMBER","subordinate","deputy"
"DEPUTY GK","BOARD MEMBER","subordinate","deputy"
"DEPUTY TREASURER","BOARD MEMBER","subordinate","deputy"
"DEVELOPMENT OFFICER","BOARD MEMBER","",""
"DIRECTOR '","BOARD MEMBER","",""
"DIRECTOR """"""""""""""""","BOARD MEMBER","",""
"DIRECTOR AND AHF","BOARD MEMBER","",""
"DIRECTOR AND CCF AND CCEF AND REG HOSPS","BOARD MEMBER","",""
"DIRECTOR AND CCFA","BOARD MEMBER","",""
"DIRECTOR AND COMPLIANCE","BOARD MEMBER","",""
"DIRECTOR AND CONSULTANT","BOARD MEMBER","",""
"DIRECTOR AND DELEGATE AND REGIONAL","BOARD MEMBER","regional","regional"
"DIRECTOR AND GOVENOR","BOARD MEMBER","",""
"DIRECTOR AND IHC","BOARD MEMBER","",""
"DIRECTOR AND IMM","BOARD MEMBER","",""
"DIRECTOR AND REGIONAL PROGRAMS","BOARD MEMBER","regional","regional"
"DIRECTOR AND REGIONAL REGIONAL","BOARD MEMBER","regional","regional"
"DIRECTOR FR","BOARD MEMBER","",""
"DIRECTOR KEY EMPLOYEE","BOARD MEMBER","",""
"DIRECTOR LARGE","BOARD MEMBER","",""
"DIRECTOR LEF","BOARD MEMBER","",""
"DIRECTOR MID","BOARD MEMBER","",""
"DIRECTOR VICE PRESIDENT SECRETARY","BOARD MEMBER","",""
"DIRECTOR VO","BOARD MEMBER","",""
"DIVISION REPRESENTATIVE","BOARD MEMBER","",""
"DRAINAGE","BOARD MEMBER","",""
"DSA RECIPIENT","BOARD MEMBER","",""
"DSP","BOARD MEMBER","",""
"DT","BOARD MEMBER","",""
"DUES SECRETARY","BOARD MEMBER","",""
"DULY AUTHORIZED OFFICER","BOARD MEMBER","",""
"DURECTOR","BOARD MEMBER","",""
"DVM","BOARD MEMBER","",""
"DVP","BOARD MEMBER","",""
"E","BOARD MEMBER","",""
"E BOARD MEMBER","BOARD MEMBER","",""
"E CHAIR MEMBER","BOARD MEMBER","committee","chair"
"EARLY CAREER","BOARD MEMBER","",""
"EB","BOARD MEMBER","",""
"EB MEMBER","BOARD MEMBER","",""
"EBD","BOARD MEMBER","",""
"EBOARD","BOARD MEMBER","",""
"EC CHAIR","BOARD MEMBER","committee","chair"
"EC PRESIDENT","BOARD MEMBER","",""
"EDV LEC CHAIR","BOARD MEMBER","committee","chair"
"EDV LEC STR","BOARD MEMBER","",""
"EDV LEC VCH","BOARD MEMBER","",""
"ELECTED MEMBER","BOARD MEMBER","",""
"ELECTION JUDGE","BOARD MEMBER","",""
"ELECTION TELLER","BOARD MEMBER","",""
"ELEMENTARY V","BOARD MEMBER","",""
"ELEMENTARY VICE PRESIDENT","BOARD MEMBER","",""
"EMERITUS","BOARD MEMBER","",""
"EQUIPMENT MA","BOARD MEMBER","",""
"ESTEEMED LEADING KNIGHT","BOARD MEMBER","",""
"ESTEEMED LOYAL KNIGHT","BOARD MEMBER","",""
"EVENT CHAIR","BOARD MEMBER","committee","chair"
"EVENT CO-CHAIR","BOARD MEMBER","duplex","co"
"EXAMINATION BOARD","BOARD MEMBER","",""
"EXECUTIVE AND COMMITTEE","BOARD MEMBER","superior","executive"
"EXECUTIVE COMMITTEE REPRESENTATIVE","BOARD MEMBER","superior","executive"
"EXECUTIVE COUNCI","BOARD MEMBER","superior","executive"
"EXECUTIVE VICE PRESIDENT GENERAL COUNSEL","BOARD MEMBER","superior","executive"
"EXHALTED RUL","BOARD MEMBER","",""
"EXHALTED RULER","BOARD MEMBER","",""
"EXOFFICIO AND VICE CHAIR","BOARD MEMBER","committee","chair"
"EXOFFICIO CEO","BOARD MEMBER","",""
"EXTERNAL VICE PRESIDENT","BOARD MEMBER","",""
"FACILITIES","BOARD MEMBER","",""
"FELLOW","BOARD MEMBER","",""
"FIELD STAFF","BOARD MEMBER","",""
"FIELD SUPERVISOR","BOARD MEMBER","",""
"FIELDS","BOARD MEMBER","",""
"FINANCE'L REVIEWER","BOARD MEMBER","",""
"FINANCE'L SECRETARY","BOARD MEMBER","",""
"FINANCE AND TREASURER","BOARD MEMBER","",""
"FINANCE COORDINATOR","BOARD MEMBER","",""
"FINANCE SECRETARY TREASURER","BOARD MEMBER","",""
"FIRE CHEIF","BOARD MEMBER","",""
"FLOOR LEADER","BOARD MEMBER","",""
"FOOTBALL COMMISSIONER","BOARD MEMBER","",""
"FRESHMAN REPRESENTATIVE","BOARD MEMBER","",""
"FRMR EXECUTIVE VICE PRESIDENT","BOARD MEMBER","",""
"FRMR SECRETARY","BOARD MEMBER","",""
"GENERAL CO-CHAIR","BOARD MEMBER","duplex","co"
"GENERAL PRESIDENT","BOARD MEMBER","",""
"GLAZIER INSTRUCTOR","BOARD MEMBER","",""
"GOLF CHAIR","BOARD MEMBER","committee","chair"
"GOLF COURSE SUPERINTENDENT","BOARD MEMBER","",""
"GOV COMMITTEE MEMBER","BOARD MEMBER","committee","member"
"GOVERNOR AND REGIONAL","BOARD MEMBER","regional","regional"
"GOVERNOR AND REGIONAL US REGI","BOARD MEMBER","regional","regional"
"GRAND","BOARD MEMBER","",""
"GRAND CHAPLA","BOARD MEMBER","",""
"GRAND CHAPLAIN","BOARD MEMBER","",""
"GRAND COMMANDER","BOARD MEMBER","",""
"GRAND DEPUTY","BOARD MEMBER","subordinate","deputy"
"GRANT COMMITTEE MEMBER","BOARD MEMBER","committee","member"
"GRANTS CHAIR","BOARD MEMBER","committee","chair"
"GREENS SUPERINTENDENT","BOARD MEMBER","",""
"GRIEVANCE CHAIR","BOARD MEMBER","committee","chair"
"GRIEVANCE OFFICER","BOARD MEMBER","",""
"GUIDE","BOARD MEMBER","",""
"H EDUCATOR","BOARD MEMBER","",""
"HEAD GOLF PROFESSIONAL","BOARD MEMBER","",""
"HEAD OF PRODUCT","BOARD MEMBER","",""
"HEAD OF RESEARCH","BOARD MEMBER","",""
"HEAD OF SCHO","BOARD MEMBER","",""
"HEAD TRUSTEE","BOARD MEMBER","",""
"HEALTH BENEF","BOARD MEMBER","",""
"HIGH RHO","BOARD MEMBER","",""
"HIGHEST COMPENSATED","BOARD MEMBER","",""
"HOUSE COMMITTEE","BOARD MEMBER","",""
"HOUSE MANAGEMENT","BOARD MEMBER","",""
"HUMAN RESOURCES CHAIR","BOARD MEMBER","committee","chair"
"HUMAN RESOURCES OFFICER","BOARD MEMBER","",""
"HUMAN SERVICES CHAIR","BOARD MEMBER","committee","chair"
"IAMAW","BOARD MEMBER","",""
"IASB BOARD MEMBER","BOARD MEMBER","",""
"II","BOARD MEMBER","",""
"III","BOARD MEMBER","",""
"IMMEDIATE REGIONAL","BOARD MEMBER","regional","regional"
"IN RESIDENCE","BOARD MEMBER","",""
"INDEPENDENT CONTRACTOR","BOARD MEMBER","",""
"INSPECTOR","BOARD MEMBER","",""
"INSTITUTIONAL","BOARD MEMBER","",""
"INSURANCE REPRESENTATIVE","BOARD MEMBER","",""
"INVMT COMMITTEE MEMBER","BOARD MEMBER","committee","member"
"INVOCATOR","BOARD MEMBER","",""
"INVSTMT OFFICER","BOARD MEMBER","",""
"JOINT PROTECTIVE BOARD","BOARD MEMBER","",""
"JOURNEYMAN LINEMAN","BOARD MEMBER","",""
"JUDICIAL COUNSELOR","BOARD MEMBER","",""
"JUNIOR PRESIDENT","BOARD MEMBER","subordinate","junior"
"JUNIOR STEWARD","BOARD MEMBER","subordinate","junior"
"JUNIOR TREASURER","BOARD MEMBER","subordinate","junior"
"JUNIOR VICE COMMAND","BOARD MEMBER","subordinate","junior"
"JUNIOR VICE COMMANDANT","BOARD MEMBER","subordinate","junior"
"JUNIOR VICE COMMANDE","BOARD MEMBER","subordinate","junior"
"JUNIOR WARDE","BOARD MEMBER","subordinate","junior"
"JUNIOR WORT","BOARD MEMBER","subordinate","junior"
"KNIGHT","BOARD MEMBER","",""
"LABOR REPRESENTATIVE","BOARD MEMBER","",""
"LARGE FIRM REPRESENTATIVE","BOARD MEMBER","",""
"LEAD PASTOR","BOARD MEMBER","",""
"LEAD PHARMACIST","BOARD MEMBER","",""
"LEAD PHYSICIAN","BOARD MEMBER","",""
"LEAD TEACHER","BOARD MEMBER","",""
"LEADING MANAGEMENT","BOARD MEMBER","",""
"LECTUR KNIGHT","BOARD MEMBER","",""
"LEGISLATIVE CHAIR","BOARD MEMBER","committee","chair"
"LEGISLATIVE REPRESENTATIVE","BOARD MEMBER","",""
"LEGISLATIVE VICE PRESIDENT","BOARD MEMBER","",""
"LIMERICK OF REGIONAL","BOARD MEMBER","regional","regional"
"LINE CREW FOREMAN","BOARD MEMBER","",""
"LINE FOREMAN","BOARD MEMBER","",""
"LINEMAN","BOARD MEMBER","",""
"LION TAMER","BOARD MEMBER","",""
"LOAN OFFICER","BOARD MEMBER","",""
"M AND F THERAPIST","BOARD MEMBER","",""
"MADAM PRESIDENT","BOARD MEMBER","",""
"MAINTENANCE OFFICER","BOARD MEMBER","",""
"MANAGEMENT","BOARD MEMBER","",""
"MANAGING DIRECTOR AND REGIONAL","BOARD MEMBER","regional","regional"
"MANAGING TRUSTEE","BOARD MEMBER","",""
"MEDIA AND MARKETING","BOARD MEMBER","",""
"MEDICAL","BOARD MEMBER","",""
"MEDICAL ADVISOR","BOARD MEMBER","",""
"MEDICAL DIRECTOR AND PHYSICIAN","BOARD MEMBER","",""
"MEMBER AND EC","BOARD MEMBER","",""
"MEMBER BOARD GO","BOARD MEMBER","",""
"MEMBER OF BOARD OF GOVERNORS","BOARD MEMBER","",""
"MEMBER OF BOARD OF TRUSTEES","BOARD MEMBER","",""
"MEMBER OF SHIP COMMITTEE","BOARD MEMBER","",""
"MEMBER SERVICES","BOARD MEMBER","",""
"MEMBERSHIPS","BOARD MEMBER","",""
"MERCHANDISE","BOARD MEMBER","",""
"MERCHANDISE CHAIR","BOARD MEMBER","committee","chair"
"MORTGAGE LOAN ORIGINATOR","BOARD MEMBER","",""
"MOUNT CARMEL CFO","BOARD MEMBER","",""
"N AND A","BOARD MEMBER","",""
"N DUNLAP SAVOY OF REGIONAL","BOARD MEMBER","regional","regional"
"NACO-REPRESENTATIVE","BOARD MEMBER","",""
"NAESP REPRESENTATIVE","BOARD MEMBER","",""
"NEWS EDITOR","BOARD MEMBER","",""
"NEWSLETTER","BOARD MEMBER","",""
"NEWSLETTER E","BOARD MEMBER","",""
"NON BOARD MEMBER","BOARD MEMBER","",""
"NUMBER VICE PRESIDENT","BOARD MEMBER","",""
"NUMBER VII","BOARD MEMBER","",""
"NUMBER VIII","BOARD MEMBER","",""
"NURSE SUPERVISOR","BOARD MEMBER","",""
"ORIENTAL GUI","BOARD MEMBER","",""
"OTHER","BOARD MEMBER","",""
"OTHER OFFICER","BOARD MEMBER","",""
"OUTER GUARD","BOARD MEMBER","",""
"OUTREACH CHAIR","BOARD MEMBER","committee","chair"
"OUTREACH CO-CHAIR","BOARD MEMBER","duplex","co"
"OUTREACH COMMITTEE","BOARD MEMBER","",""
"OWNER","BOARD MEMBER","",""
"P","BOARD MEMBER","",""
"PAC CHAIR","BOARD MEMBER","committee","chair"
"PAID BY RELATIONS ORGANIZATIONS","BOARD MEMBER","",""
"PARAMEDIC","BOARD MEMBER","",""
"PARENT BOARD MEMBER","BOARD MEMBER","",""
"PARENT LIAISON","BOARD MEMBER","",""
"PARENT PRESIDENT","BOARD MEMBER","",""
"PAYMASTER","BOARD MEMBER","",""
"PD","BOARD MEMBER","",""
"PEDIATRICIAN","BOARD MEMBER","",""
"PEER REVIEW CHAIR","BOARD MEMBER","committee","chair"
"PEER REVIEWER","BOARD MEMBER","",""
"PERMANENT ADVISORY COMMITTEE","BOARD MEMBER","duplex","advisory"
"PERSONNEL","BOARD MEMBER","",""
"PH CEO","BOARD MEMBER","",""
"PH CFO","BOARD MEMBER","",""
"PHOTOGRAPHER","BOARD MEMBER","",""
"PHYSICIAN RADATION ONCOLOGY","BOARD MEMBER","",""
"PHYSICIAN REPRESENTATIVE","BOARD MEMBER","",""
"PHYSICIAN RETIREE","BOARD MEMBER","",""
"PHYSICIAN REVIEWER","BOARD MEMBER","",""
"PHYSICIAN SCH JUNIOR","BOARD MEMBER","subordinate","junior"
"PHYSICIAN SPECIALTY","BOARD MEMBER","",""
"PHYSICIAN TRUSTEE","BOARD MEMBER","",""
"PHYSICIAN: SPECIALTY","BOARD MEMBER","",""
"PHYSICIANS ASSISTANT","BOARD MEMBER","subordinate","assistant"
"PLAN ADMINISTRATION","BOARD MEMBER","",""
"PLAYER REPRESENTATIVE","BOARD MEMBER","",""
"POLICY CHAIR","BOARD MEMBER","committee","chair"
"PORT CAPTAIN","BOARD MEMBER","",""
"PREISDENT","BOARD MEMBER","",""
"PRESBYTER","BOARD MEMBER","",""
"PRESCEO","BOARD MEMBER","",""
"PRESDIE","BOARD MEMBER","",""
"PRESDIENT","BOARD MEMBER","",""
"PRESEDENT","BOARD MEMBER","",""
"PRESEIDENT","BOARD MEMBER","",""
"PRESENT","BOARD MEMBER","",""
"PRESIDENT AND FOUNDATION","BOARD MEMBER","",""
"PRESIDENT AND PASTOR","BOARD MEMBER","",""
"PRESIDENT APPOINTEE: OUTSIDE ORGANIZATION REPRESENTATIVE","BOARD MEMBER","",""
"PRESIDENT F","BOARD MEMBER","",""
"PRESIDENT MEMBER","BOARD MEMBER","",""
"PRESIDENT NOMINEE","BOARD MEMBER","",""
"PRESIDENT POST ACUTE","BOARD MEMBER","",""
"PRESIDENT REGIONAL","BOARD MEMBER","regional","regional"
"PRESIDENT REPRESENTATIVE","BOARD MEMBER","",""
"PRESIDENT SECRETARY","BOARD MEMBER","",""
"PRESIDENT TRUSTEE","BOARD MEMBER","",""
"PRESS SECRETARY","BOARD MEMBER","",""
"PRO","BOARD MEMBER","",""
"PROGRAMMING VICE PRESIDENT","BOARD MEMBER","",""
"PROGRAMS EMPLOYEE","BOARD MEMBER","",""
"PROGRAMS LEAD","BOARD MEMBER","",""
"PROGRAMS LEADER","BOARD MEMBER","",""
"PROGRAMS MANAGEMENT","BOARD MEMBER","",""
"PROJECTS COORDINATOR","BOARD MEMBER","",""
"PROJECTS OFFICER","BOARD MEMBER","",""
"PROVIDER","BOARD MEMBER","",""
"PRSIDENT","BOARD MEMBER","",""
"PTA PRESIDENT","BOARD MEMBER","",""
"PUBLIC RELATIONS OFFICER","BOARD MEMBER","",""
"PURCHASING","BOARD MEMBER","",""
"QTR MASTER","BOARD MEMBER","",""
"QUARTER MASTER","BOARD MEMBER","",""
"RABBI","BOARD MEMBER","",""
"RD VICE PRESIDENT","BOARD MEMBER","",""
"REAL ESTATE CHAIR","BOARD MEMBER","committee","chair"
"REAR COMMODO","BOARD MEMBER","",""
"RECRUITMENT ADVISOR","BOARD MEMBER","",""
"RECRUITMENT CHAIR","BOARD MEMBER","committee","chair"
"RECTOR","BOARD MEMBER","",""
"REED","BOARD MEMBER","",""
"REF COORDINATOR","BOARD MEMBER","",""
"REFEREE","BOARD MEMBER","",""
"REFEREE ADMINISTRATOR","BOARD MEMBER","",""
"REFEREE ASSISTANT","BOARD MEMBER","subordinate","assistant"
"REG REGIONAL OFFICER","BOARD MEMBER","regional","regional"
"REGIONAL ADMINISTRATOR","BOARD MEMBER","regional","regional"
"REGIONAL ADVISOR","BOARD MEMBER","regional","regional"
"REGIONAL AUDITOR","BOARD MEMBER","regional","regional"
"REGIONAL CMDR","BOARD MEMBER","regional","regional"
"REGIONAL I VICE PRESIDENT","BOARD MEMBER","regional","regional"
"REGIONAL II VICE PRESIDENT","BOARD MEMBER","regional","regional"
"REGIONAL LEADER","BOARD MEMBER","regional","regional"
"REGIONAL STREAM REPRESENTATIVE","BOARD MEMBER","regional","regional"
"REPRESENTATIVE SECRETARY","BOARD MEMBER","",""
"RESIDENT REPRESENTATIVE","BOARD MEMBER","",""
"RESIDENT TRUSTEE","BOARD MEMBER","",""
"RESIGNED","BOARD MEMBER","",""
"RETIREE CHAIR","BOARD MEMBER","committee","chair"
"REV","BOARD MEMBER","",""
"RITUALIST","BOARD MEMBER","",""
"ROOM PARENTS","BOARD MEMBER","",""
"ROTATED OFFICER BOARD IN","BOARD MEMBER","",""
"RULES AND ETHICS","BOARD MEMBER","",""
"S ST AND STE G AND REGIONAL AND OH","BOARD MEMBER","regional","regional"
"SCEPI BOARD MEMBER","BOARD MEMBER","",""
"SCF REPRESENTATIVE","BOARD MEMBER","",""
"SCHEDULER","BOARD MEMBER","",""
"SCHOLARSHIPS CHAIR","BOARD MEMBER","committee","chair"
"SCHOLARSHIPS CO-CHAIR","BOARD MEMBER","duplex","co"
"SCHOLASTICS","BOARD MEMBER","",""
"SCHOLASTICS COORDINATOR","BOARD MEMBER","",""
"SCHOOL ADMINISTRATION","BOARD MEMBER","",""
"SCHOOL ADMINISTRATOR","BOARD MEMBER","",""
"SCHOOL BOARD","BOARD MEMBER","",""
"SCHOOL BOARD CHAIR","BOARD MEMBER","committee","chair"
"SCHOOL BOARD LIAISON","BOARD MEMBER","",""
"SCHOOL BOARD MEMBER","BOARD MEMBER","",""
"SCHOOL BOARD PRESIDENT","BOARD MEMBER","",""
"SCHOOL BOARD REPRESENTATIVE","BOARD MEMBER","",""
"SCHOOL LIAISON","BOARD MEMBER","",""
"SCRETARY","BOARD MEMBER","",""
"SD TRUSTEE SCH O EXPLANATION","BOARD MEMBER","",""
"SECONDARY RE","BOARD MEMBER","",""
"SECRETARY AND BOARD","BOARD MEMBER","",""
"SECRETARY AND REGISTRAR","BOARD MEMBER","",""
"SECRETARY OF FINANCE","BOARD MEMBER","",""
"SECRETARY TRUSTEE","BOARD MEMBER","",""
"SECT","BOARD MEMBER","",""
"SECT AND TREASURER","BOARD MEMBER","",""
"SECTION PRESIDENT","BOARD MEMBER","",""
"SENIOR COUNSELOR","BOARD MEMBER","superior","senior"
"SENIOR FELLOW","BOARD MEMBER","superior","senior"
"SENIOR PARTNER","BOARD MEMBER","superior","senior"
"SENIOR PASTO","BOARD MEMBER","superior","senior"
"SENIOR SCIENTIST","BOARD MEMBER","superior","senior"
"SENIOR STAFF ATTORNEY","BOARD MEMBER","superior","senior"
"SENIOR TREASURER","BOARD MEMBER","superior","senior"
"SENIOR VICE CMDR","BOARD MEMBER","superior","senior"
"SENIOR WARDE","BOARD MEMBER","superior","senior"
"SERVICEMAN","BOARD MEMBER","",""
"SEXTON","BOARD MEMBER","",""
"SGIG","BOARD MEMBER","",""
"SHIFT REPRESENTATIVE","BOARD MEMBER","",""
"SHOP STEWART","BOARD MEMBER","",""
"SKI VICE PRESIDENT","BOARD MEMBER","",""
"SKILLED NURSE","BOARD MEMBER","",""
"SKILLED TRADES BOARD","BOARD MEMBER","",""
"SMITH","BOARD MEMBER","",""
"SOCCER COMMITTEE","BOARD MEMBER","",""
"SOCIAL VICE PRESIDENT","BOARD MEMBER","",""
"SOPHOMORE CLASS REPRESENTATIVE","BOARD MEMBER","",""
"SPEAKER","BOARD MEMBER","",""
"SPEAKER OF HOUSE","BOARD MEMBER","",""
"SPECIAL EVEN","BOARD MEMBER","",""
"SPECIAL REPRESENTATIVE","BOARD MEMBER","",""
"STAFF ASSISTANT","BOARD MEMBER","subordinate","assistant"
"STAFF ATTORNEY","BOARD MEMBER","",""
"STAFF COMMODORE","BOARD MEMBER","",""
"STAFF COUNSEL","BOARD MEMBER","",""
"STAFF LIAISON","BOARD MEMBER","",""
"STAFF MEMBER","BOARD MEMBER","",""
"STANDING COMMITTEE","BOARD MEMBER","",""
"STEERING COMMITTEE MEMBER","BOARD MEMBER","committee","member"
"STEWARD AND TREASURER","BOARD MEMBER","",""
"STEWARD AND TRUSTEE","BOARD MEMBER","",""
"STUDENT MEMBER","BOARD MEMBER","",""
"STUDENT PROGRAMS","BOARD MEMBER","",""
"SUPERVISORY COMMITTEE MEMBER","BOARD MEMBER","committee","member"
"SUPPLEMENTA","BOARD MEMBER","",""
"SYSTEMS CEO","BOARD MEMBER","",""
"SYSTEMS PRESIDENT","BOARD MEMBER","",""
"TAX OFFICER","BOARD MEMBER","",""
"TEAM COORDINATOR","BOARD MEMBER","",""
"TEAM REPRESENTATIVE","BOARD MEMBER","",""
"TECHNOLOGY COORDINATOR","BOARD MEMBER","",""
"TECHNOLOGY LEAD","BOARD MEMBER","",""
"TECHNOLOGY MEMBER","BOARD MEMBER","",""
"TECHNOLOGY O","BOARD MEMBER","",""
"TECHNOLOGY OFFICER","BOARD MEMBER","",""
"TOP FINANCE OFFICER","BOARD MEMBER","",""
"TOP MANAGEMENT OFFICER","BOARD MEMBER","",""
"TRAGEDIAN","BOARD MEMBER","",""
"TRAIL BOSS","BOARD MEMBER","",""
"TRAIL COORDINATOR","BOARD MEMBER","",""
"TRAINEE REPRESENTATIVE","BOARD MEMBER","",""
"TRAINER","BOARD MEMBER","",""
"TRAINING","BOARD MEMBER","",""
"TRAINING COORDINATOR","BOARD MEMBER","",""
"TRANSPORTATION COORDINATOR","BOARD MEMBER","",""
"TRASURER","BOARD MEMBER","",""
"TRAVEL","BOARD MEMBER","",""
"TRAVEL COACH","BOARD MEMBER","",""
"TRAVEL COMMISSIONER","BOARD MEMBER","",""
"TRAVEL COORDINATOR","BOARD MEMBER","",""
"TRAVEL PRESIDENT","BOARD MEMBER","",""
"TRAVEL REGISTRAR","BOARD MEMBER","",""
"TRAVEL TREASURER","BOARD MEMBER","",""
"TRAVEL VICE PRESIDENT","BOARD MEMBER","",""
"TREASURER """"""""""""""""","BOARD MEMBER","",""
"TREASURER AND REGIONAL","BOARD MEMBER","regional","regional"
"TREASURER BOARD MEMBER","BOARD MEMBER","",""
"TREASURER SECRETARY","BOARD MEMBER","",""
"TRI CHAIR","BOARD MEMBER","committee","chair"
"TRUSTEE AND CSH","BOARD MEMBER","",""
"TRUSTEE CLASS","BOARD MEMBER","",""
"TRUSTEE OF BOARD","BOARD MEMBER","",""
"TRUSTREE","BOARD MEMBER","",""
"UAL LEC CHAIR","BOARD MEMBER","committee","chair"
"UNION REPRESENTATIVE","BOARD MEMBER","",""
"UNIT CHAIR","BOARD MEMBER","committee","chair"
"US REPRESENTATIVE","BOARD MEMBER","",""
"V AND P","BOARD MEMBER","",""
"VETERINARIAN","BOARD MEMBER","",""
"VIC PRESIDENT","BOARD MEMBER","",""
"VICE CDR","BOARD MEMBER","",""
"VICE CHAIR FR","BOARD MEMBER","committee","chair"
"VICE CHAIR OF MARKETING","BOARD MEMBER","committee","chair"
"VICE CHAIR OF MEMBERSHIP","BOARD MEMBER","committee","chair"
"VICE CHAIR OF RESOURCES DEVELOPMENT","BOARD MEMBER","committee","chair"
"VICE CHAIR OF STRATEGY PLANNING","BOARD MEMBER","committee","chair"
"VICE CHAIR OF TRUSTEE","BOARD MEMBER","committee","chair"
"VICE CHAIR OF TRUSTEES","BOARD MEMBER","committee","chair"
"VICE CHAIR OF TV","BOARD MEMBER","committee","chair"
"VICE CHAIR P","BOARD MEMBER","committee","chair"
"VICE CHAIR PARTIAL","BOARD MEMBER","committee","chair"
"VICE CHAIR PRESIDENT","BOARD MEMBER","committee","chair"
"VICE CHAIR PROGRAMS","BOARD MEMBER","committee","chair"
"VICE CHAIR REGIONAL","BOARD MEMBER","regional","regional"
"VICE CHAIR TREASURER","BOARD MEMBER","committee","chair"
"VICE CHAIR TRUSTEE","BOARD MEMBER","committee","chair"
"VICE CHANCELLOR","BOARD MEMBER","",""
"VICE CHARI","BOARD MEMBER","",""
"VICE CMDR","BOARD MEMBER","",""
"VICE COMMAN","BOARD MEMBER","",""
"VICE GRAND","BOARD MEMBER","",""
"VICE MODERATOR","BOARD MEMBER","",""
"VICE PRESIDENT ACADEMICS EXECUTIVE","BOARD MEMBER","",""
"VICE PRESIDENT AND BOARD","BOARD MEMBER","",""
"VICE PRESIDENT CLINICAL SERVICES","BOARD MEMBER","",""
"VICE PRESIDENT ENGINEERI","BOARD MEMBER","",""
"VICE PRESIDENT ENRICHMEN","BOARD MEMBER","",""
"VICE PRESIDENT FUNDRAISI","BOARD MEMBER","",""
"VICE PRESIDENT HEALTH AND WELLNESS","BOARD MEMBER","",""
"VICE PRESIDENT MEMBE","BOARD MEMBER","",""
"VICE PRESIDENT MEMBER","BOARD MEMBER","",""
"VICE PRESIDENT MEMBERS","BOARD MEMBER","",""
"VICE PRESIDENT OCCUPANCY AND TAX CREDIT","BOARD MEMBER","",""
"VICE PRESIDENT OUTREACH","BOARD MEMBER","",""
"VICE PRESIDENT P","BOARD MEMBER","",""
"VICE PRESIDENT PHILANTHROPY AND CSO","BOARD MEMBER","",""
"VICE PRESIDENT PROPERTY","BOARD MEMBER","",""
"VICE PRESIDENT RECRUITMENT","BOARD MEMBER","",""
"VICE PRESIDENT SECRETARY","BOARD MEMBER","",""
"VICE PRESIDENT STUDENT ENRICHMENT","BOARD MEMBER","",""
"VICE PRESIDENT TREASURER","BOARD MEMBER","",""
"VICE REGIONAL CHAIR","BOARD MEMBER","regional","regional"
"VICE REGIONAL SUPERVISOR","BOARD MEMBER","regional","regional"
"VICECOMMANDER","BOARD MEMBER","",""
"VIDE PRESIDENT","BOARD MEMBER","",""
"VIDEOGRAPHER","BOARD MEMBER","",""
"VIE PRESIDENT","BOARD MEMBER","",""
"VOCAL","BOARD MEMBER","",""
"VOCATIONAL SERVICE CHAIR","BOARD MEMBER","committee","chair"
"VOLUNTEER COMMITTEE","BOARD MEMBER","",""
"VOLUNTEER REPRESENTATIVE","BOARD MEMBER","",""
"VOLUNTEERS","BOARD MEMBER","",""
"WAYS AND MEA","BOARD MEMBER","",""
"WEB ADMINISTRATION","BOARD MEMBER","",""
"WEB MASTER","BOARD MEMBER","",""
"WORKER","BOARD MEMBER","",""
"WORTHY","BOARD MEMBER","",""
"WORTHY CONDUCTOR","BOARD MEMBER","",""
"WORTHY PRESIDENT","BOARD MEMBER","",""
"WRESTLING COMMITTEE","BOARD MEMBER","",""
"YF AND R CHAIR","BOARD MEMBER","committee","chair"
"YMCA","BOARD MEMBER","",""
"YOGA SHARER","BOARD MEMBER","",""
"YOGA SHARER ASSISTANT","BOARD MEMBER","subordinate","assistant"
"YORK ACADEMICS","BOARD MEMBER","",""
"YOUTH REPRESENTATIVE","BOARD MEMBER","",""
"AAC ATHLETE REPRESENTATIVE","BOARD MEMBER","",""
"AAPAE REPRESENTATIVE","BOARD MEMBER","",""
"ACADEMICS REPRESENTATIVE","BOARD MEMBER","",""
"ACCT REPRESENTATIVE","BOARD MEMBER","",""
"ACPTA REPRESENTATIVE","BOARD MEMBER","",""
"ADMINISTRATION REPRESENTATIVE","BOARD MEMBER","",""
"ADVISOR REPRESENTATIVE","BOARD MEMBER","",""
"ADVOCACY REPRESENTATIVE","BOARD MEMBER","",""
"AFFILIATED REPRESENTATIVE","BOARD MEMBER","",""
"AGE REPRESENTATIVE","BOARD MEMBER","",""
"AGENCY REPRESENTATIVE","BOARD MEMBER","",""
"ALLIED REPRESENTATIVE","BOARD MEMBER","",""
"APA ASSEMBLY REPRESENTATIVE","BOARD MEMBER","",""
"APA COUNCIL REPRESENTATIVE","BOARD MEMBER","",""
"AR DEPUTY OF AGRICULTURE REPRESENTATIVE","BOARD MEMBER","subordinate","deputy"
"ARTISTIC REPRESENTATIVE","BOARD MEMBER","",""
"ASSEMBLY REPRESENTATIVE","BOARD MEMBER","",""
"ASSEMBLY REPRESENTATIVE TO COUNCIL","BOARD MEMBER","",""
"ASSISTANT BUILDING REPRESENTATIVE","BOARD MEMBER","subordinate","assistant"
"ASSISTANT BUSINESS REPRESENTATIVE","BOARD MEMBER","subordinate","assistant"
"ASSISTANT LEGIS REPRESENTATIVE","BOARD MEMBER","subordinate","assistant"
"ASSISTANT LEGISLATIVE REPRESENTATIVE","BOARD MEMBER","subordinate","assistant"
"ASSISTANT REPRESENTATIVE","BOARD MEMBER","subordinate","assistant"
"ASSISTANT SHIFT REPRESENTATIVE","BOARD MEMBER","subordinate","assistant"
"ASSISTANT SRP REPRESENTATIVE","BOARD MEMBER","subordinate","assistant"
"ASSOCIATE MEMBER REPRESENTATIVE","BOARD MEMBER","subordinate","associate"
"ASSOCIATE REPRESENTATIVE","BOARD MEMBER","subordinate","associate"
"ASSOCIATION REPRESENTATIVE","BOARD MEMBER","",""
"ATHLETIC REPRESENTATIVE","BOARD MEMBER","",""
"AUTHORIZED REPRESENTATIVE","BOARD MEMBER","",""
"AUXILIARY REPRESENTATIVE","BOARD MEMBER","",""
"B SHIFT REPRESENTATIVE","BOARD MEMBER","",""
"BAND PARENT REPRESENTATIVE","BOARD MEMBER","",""
"BARGAINING REPRESENTATIVE","BOARD MEMBER","",""
"BASEBALL REPRESENTATIVE","BOARD MEMBER","",""
"BATTALION REPRESENTATIVE","BOARD MEMBER","",""
"BC REPRESENTATIVE","BOARD MEMBER","",""
"BCR REPRESENTATIVE","BOARD MEMBER","",""
"BIOLOGICAL SCIENCES REPRESENTATIVE","BOARD MEMBER","",""
"BLDG REPRESENTATIVE","BOARD MEMBER","",""
"BOARD CHPT AND REPRESENTATIVE","BOARD MEMBER","",""
"BOARD CHPT REPRESENTATIVE","BOARD MEMBER","",""
"BOARD OF REPRESENTATIVE","BOARD MEMBER","",""
"BOC REPRESENTATIVE","BOARD MEMBER","",""
"BOE REPRESENTATIVE","BOARD MEMBER","",""
"BRANCH REPRESENTATIVE","BOARD MEMBER","",""
"BT REPRESENTATIVE","BOARD MEMBER","",""
"BUILDING OWNER REPRESENTATIVE","BOARD MEMBER","",""
"BUILDING REPRESENTATIVE CLERICAL","BOARD MEMBER","",""
"BUSINESS DEVELOPMENT REPRESENTATIVE","BOARD MEMBER","",""
"BUSINESS REPRESENTATIVE P","BOARD MEMBER","",""
"CANDIDATE REPRESENTATIVE","BOARD MEMBER","",""
"CAPTAINS REPRESENTATIVE","BOARD MEMBER","",""
"CATHEDRAL REPRESENTATIVE","BOARD MEMBER","",""
"CCF REPRESENTATIVE","BOARD MEMBER","",""
"CHAIR SHIFT REPRESENTATIVE","BOARD MEMBER","committee","chair"
"CHAMBER REPRESENTATIVE","BOARD MEMBER","",""
"CHAPTERS REPRESENTATIVE","BOARD MEMBER","",""
"CHIEFS REPRESENTATIVE","BOARD MEMBER","",""
"CHOIR REPRESENTATIVE TO BOARD","BOARD MEMBER","",""
"CHORAL PARENT REPRESENTATIVE","BOARD MEMBER","",""
"CHORUS REPRESENTATIVE","BOARD MEMBER","",""
"CLASS REPRESENTATIVE TH","BOARD MEMBER","",""
"CLC REPRESENTATIVE","BOARD MEMBER","",""
"CLERGY REPRESENTATIVE","BOARD MEMBER","",""
"CLERICAL REPRESENTATIVE","BOARD MEMBER","",""
"CLIENT REPRESENTATIVE","BOARD MEMBER","",""
"CLINICAL REPRESENTATIVE","BOARD MEMBER","",""
"CO-BUILDING REPRESENTATIVE","BOARD MEMBER","duplex","co"
"COACH REPRESENTATIVE","BOARD MEMBER","",""
"COACHES REPRESENTATIVE","BOARD MEMBER","",""
"COLLEGE REPRESENTATIVE","BOARD MEMBER","",""
"COLOR GUARD REPRESENTATIVE","BOARD MEMBER","",""
"COMMERCIAL REPRESENTATIVE","BOARD MEMBER","",""
"COMMISSION REPRESENTATIVE","BOARD MEMBER","",""
"COMMITTEE REPRESENTATIVE","BOARD MEMBER","",""
"COMMUNICATIONS REPRESENTATIVE","BOARD MEMBER","",""
"COMMUNITY REPRESENTATIVE","BOARD MEMBER","",""
"COMPANY REPRESENTATIVE","BOARD MEMBER","",""
"CONFERENCE REPRESENTATIVE","BOARD MEMBER","",""
"CONST GRP REPRESENTATIVE","BOARD MEMBER","",""
"CONSTIUENCY GROUP REPRESENTATIVE","BOARD MEMBER","",""
"CONSULTANT REPRESENTATIVE","BOARD MEMBER","",""
"CORPORATE MEMBER REPRESENTATIVE","BOARD MEMBER","",""
"CORPORATE REPRESENTATIVE","BOARD MEMBER","",""
"CR MEMBER REPRESENTATIVE","BOARD MEMBER","",""
"CSO REPRESENTATIVE","BOARD MEMBER","",""
"DEPUTY REPRESENTATIVE","BOARD MEMBER","subordinate","deputy"
"DIRECTOR REPRESENTATIVE","BOARD MEMBER","",""
"DIV REPRESENTATIVE","BOARD MEMBER","",""
"DIVERSITY REPRESENTATIVE","BOARD MEMBER","",""
"DPO REPRESENTATIVE","BOARD MEMBER","",""
"DRI REPRESENTATIVE","BOARD MEMBER","",""
"E BOARD REPRESENTATIVE","BOARD MEMBER","",""
"E REGIONAL REPRESENTATIVE","BOARD MEMBER","regional","regional"
"EARLY CAREER REPRESENTATIVE","BOARD MEMBER","",""
"ECP REPRESENTATIVE","BOARD MEMBER","",""
"EDITOR MEMBER REPRESENTATIVE","BOARD MEMBER","",""
"EDUCATION REPRESENTATIVE","BOARD MEMBER","",""
"EE REPRESENTATIVE","BOARD MEMBER","",""
"ELECTED REPRESENTATIVE","BOARD MEMBER","",""
"ELEMENTARY REPRESENTATIVE","BOARD MEMBER","",""
"EMPLOYEE REPRESENTATIVE","BOARD MEMBER","",""
"EMPLOYER REPRESENTATIVE","BOARD MEMBER","",""
"ENROLLMENT REPRESENTATIVE","BOARD MEMBER","",""
"ENSEMBLE REPRESENTATIVE TO BOARD","BOARD MEMBER","",""
"EUROPEAN AND AFRICAN AND LEBANON REPRESENTATIVE","BOARD MEMBER","",""
"EXECUTIVE REPRESENTATIVE","BOARD MEMBER","superior","executive"
"FAIR BOARD REPRESENTATIVE","BOARD MEMBER","",""
"FAMILY REPRESENTATIVE","BOARD MEMBER","",""
"FAMILY SERVICE REPRESENTATIVE","BOARD MEMBER","",""
"FIELD SALES REPRESENTATIVE","BOARD MEMBER","",""
"FINANCE REPRESENTATIVE","BOARD MEMBER","",""
"FISCAL BUILDING REPRESENTATIVE","BOARD MEMBER","",""
"FORMAL A REPRESENTATIVE","BOARD MEMBER","",""
"FOUNDATION REPRESENTATIVE","BOARD MEMBER","",""
"FRESHMAN CLASS REPRESENTATIVE","BOARD MEMBER","",""
"GENERAL REPRESENTATIVE","BOARD MEMBER","",""
"GIRLS REPRESENTATIVE","BOARD MEMBER","",""
"GLOBAL REPRESENTATIVE","BOARD MEMBER","",""
"GOLD STAR REPRESENTATIVE","BOARD MEMBER","",""
"GRADE REPRESENTATIVE","BOARD MEMBER","",""
"GRADUATE STUDENT REPRESENTATIVE","BOARD MEMBER","",""
"GRAND REPRESENTATIVE","BOARD MEMBER","",""
"GRIEVANCE REPRESENTATIVE","BOARD MEMBER","",""
"GROUP BOARD REPRESENTATIVE","BOARD MEMBER","",""
"GROUP REPRESENTATIVE","BOARD MEMBER","",""
"GUARD REPRESENTATIVE","BOARD MEMBER","",""
"HEAD BLDG REPRESENTATIVE","BOARD MEMBER","",""
"HEAD BUILDING REPRESENTATIVE","BOARD MEMBER","",""
"HEALTH BENEFIT REPRESENTATIVE","BOARD MEMBER","",""
"HEALTH BENEFITS REPRESENTATIVE","BOARD MEMBER","",""
"HEALTH PLAN REPRESENTATIVE","BOARD MEMBER","",""
"HEALTH REPRESENTATIVE","BOARD MEMBER","",""
"HIGH SCHOOL REPRESENTATIVE","BOARD MEMBER","",""
"HOUSE REPRESENTATIVE","BOARD MEMBER","",""
"HUMAN RESOURCES REPRESENTATIVE","BOARD MEMBER","",""
"INDUSTRIAL REPRESENTATIVE","BOARD MEMBER","",""
"INDUSTRY REPRESENTATIVE","BOARD MEMBER","",""
"INTL REPRESENTATIVE","BOARD MEMBER","",""
"JUNIOR ATHLETE REPRESENTATIVE","BOARD MEMBER","subordinate","junior"
"JUNIOR CLASS REPRESENTATIVE","BOARD MEMBER","subordinate","junior"
"JUNIOR HIGH REPRESENTATIVE","BOARD MEMBER","subordinate","junior"
"JUNIOR REPRESENTATIVE","BOARD MEMBER","subordinate","junior"
"JV REPRESENTATIVE","BOARD MEMBER","",""
"LAB REPRESENTATIVE","BOARD MEMBER","",""
"LABOR MANAGEMENT REPRESENTATIVE","BOARD MEMBER","",""
"LARGE AFFILIATE REPRESENTATIVE","BOARD MEMBER","",""
"LEAD REPRESENTATIVE","BOARD MEMBER","",""
"LEAGUE REPRESENTATIVE","BOARD MEMBER","",""
"LEG REPRESENTATIVE","BOARD MEMBER","",""
"LEGAL REPRESENTATIVE","BOARD MEMBER","",""
"LEGIS REPRESENTATIVE","BOARD MEMBER","",""
"LIBRARY REPRESENTATIVE","BOARD MEMBER","",""
"LIC REPRESENTATIVE","BOARD MEMBER","",""
"LOW INCOME REPRESENTATIVE","BOARD MEMBER","",""
"MAINTENANCE REPRESENTATIVE","BOARD MEMBER","",""
"MANAGEMENT REPRESENTATIVE","BOARD MEMBER","",""
"MARKETING REPRESENTATIVE","BOARD MEMBER","",""
"MASTERS REPRESENTATIVE","BOARD MEMBER","",""
"MBA REPRESENTATIVE","BOARD MEMBER","",""
"MC REPRESENTATIVE","BOARD MEMBER","",""
"MEDICAL STAFF REPRESENTATIVE","BOARD MEMBER","",""
"MEDICAL STUDENT REPRESENTATIVE","BOARD MEMBER","",""
"MEDIUM ASSOCIATION REPRESENTATIVE","BOARD MEMBER","",""
"MEMBER BOARD REPRESENTATIVE","BOARD MEMBER","",""
"MEMBER REPRESENTATIVE","BOARD MEMBER","",""
"MEMBER SERVICE REPRESENTATIVE","BOARD MEMBER","",""
"MEMBERBOARD OF REPRESENTATIVE","BOARD MEMBER","",""
"MEMBERSHIP REPRESENTATIVE","BOARD MEMBER","",""
"MHC REPRESENTATIVE","BOARD MEMBER","",""
"MIDDLE SCHOOL REPRESENTATIVE","BOARD MEMBER","",""
"MIDDLE TN REPRESENTATIVE","BOARD MEMBER","",""
"ML BOARD REPRESENTATIVE","BOARD MEMBER","",""
"MPMA DIVISION REPRESENTATIVE","BOARD MEMBER","",""
"MUNICIPALITY REPRESENTATIVE","BOARD MEMBER","",""
"MUSICIAN REPRESENTATIVE","BOARD MEMBER","",""
"MUTUAL BENEFITS REPRESENTATIVE","BOARD MEMBER","",""
"NAHB REPRESENTATIVE","BOARD MEMBER","",""
"NAT'L REPRESENTATIVE REGIONAL","BOARD MEMBER","regional","regional"
"NCTM REPRESENTATIVE","BOARD MEMBER","",""
"NECA REPRESENTATIVE","BOARD MEMBER","",""
"NEIGHBORHOOD REPRESENTATIVE","BOARD MEMBER","",""
"NINTH GRADE REPRESENTATIVE","BOARD MEMBER","",""
"NLB REPRESENTATIVE","BOARD MEMBER","",""
"NLC REPRESENTATIVE","BOARD MEMBER","",""
"NWF REPRESENTATIVE","BOARD MEMBER","",""
"OFFICER REPRESENTATIVE","BOARD MEMBER","",""
"ORCHESTRA PARENT REPRESENTATIVE","BOARD MEMBER","",""
"ORCHESTRA REPRESENTATIVE","BOARD MEMBER","",""
"OWCP REPRESENTATIVE","BOARD MEMBER","",""
"OWNER REPRESENTATIVE","BOARD MEMBER","",""
"PANTRY REPRESENTATIVE","BOARD MEMBER","",""
"PATIENT REPRESENTATIVE","BOARD MEMBER","",""
"PATROL REPRESENTATIVE","BOARD MEMBER","",""
"PC REPRESENTATIVE ALT","BOARD MEMBER","duplex","alternate"
"PDC REPRESENTATIVE","BOARD MEMBER","",""
"PERMANENT REPRESENTATIVE","BOARD MEMBER","",""
"PERSONAL REPRESENTATIVE","BOARD MEMBER","",""
"PHASE REPRESENTATIVE","BOARD MEMBER","",""
"PHYSICAL SCIENCES REPRESENTATIVE","BOARD MEMBER","",""
"PIHL REPRESENTATIVE","BOARD MEMBER","",""
"PLANT REPRESENTATIVE","BOARD MEMBER","",""
"PLATOON REPRESENTATIVE","BOARD MEMBER","",""
"PLAYERS REPRESENTATIVE","BOARD MEMBER","",""
"POLITICAL REPRESENTATIVE","BOARD MEMBER","",""
"PROGRAMS REPRESENTATIVE","BOARD MEMBER","",""
"PROMOTION AND EDUCATION REPRESENTATIVE","BOARD MEMBER","",""
"PTA CAUCUS REPRESENTATIVE","BOARD MEMBER","",""
"PTA COUNCIL REPRESENTATIVE","BOARD MEMBER","",""
"PTA REPRESENTATIVE","BOARD MEMBER","",""
"PTAC REPRESENTATIVE","BOARD MEMBER","",""
"PTO REPRESENTATIVE","BOARD MEMBER","",""
"PUBLIC REPRESENTATIVE","BOARD MEMBER","",""
"PWO REPRESENTATIVE","BOARD MEMBER","",""
"REG REPRESENTATIVE","BOARD MEMBER","",""
"REGIONAL A REPRESENTATIVE","BOARD MEMBER","regional","regional"
"REGIONAL ALUMNI REPRESENTATIVE","BOARD MEMBER","regional","regional"
"REGIONAL B REPRESENTATIVE","BOARD MEMBER","regional","regional"
"REGIONAL CHAIR REPRESENTATIVE","BOARD MEMBER","regional","regional"
"REGIONAL CHAMBER REPRESENTATIVE","BOARD MEMBER","regional","regional"
"REGIONAL COUNCIL REPRESENTATIVE","BOARD MEMBER","regional","regional"
"REGIONAL DIRECTOR REPRESENTATIVE","BOARD MEMBER","regional","regional"
"REGIONAL E REPRESENTATIVE","BOARD MEMBER","regional","regional"
"REGIONAL I REPRESENTATIVE","BOARD MEMBER","regional","regional"
"REGIONAL II REPRESENTATIVE","BOARD MEMBER","regional","regional"
"REGIONAL III REPRESENTATIVE","BOARD MEMBER","regional","regional"
"REGIONAL IV REPRESENTATIVE","BOARD MEMBER","regional","regional"
"REGIONAL REGIONAL REPRESENTATIVE","BOARD MEMBER","regional","regional"
"REGIONAL REPRESENTATIVE AND REGIONAL","BOARD MEMBER","regional","regional"
"REGIONAL REPRESENTATIVE REGIONAL","BOARD MEMBER","regional","regional"
"REGIONAL SERVICE REPRESENTATIVE","BOARD MEMBER","regional","regional"
"REGIONAL TN REPRESENTATIVE","BOARD MEMBER","regional","regional"
"REGIONAL VI REPRESENTATIVE","BOARD MEMBER","regional","regional"
"REGIONAL WA REPRESENTATIVE","BOARD MEMBER","regional","regional"
"REGIONAL WASTEWATER REPRESENTATIVE","BOARD MEMBER","regional","regional"
"REGIONAL WATER REPRESENTATIVE","BOARD MEMBER","regional","regional"
"RELIEF REPRESENTATIVE","BOARD MEMBER","",""
"REPRESENTATIVE AND REGIONAL","BOARD MEMBER","regional","regional"
"REPRESENTATIVE CONSORTIUM BOARD MEMBE","BOARD MEMBER","",""
"REPRESENTATIVE COORDINATOR","BOARD MEMBER","",""
"REPRESENTATIVE COUNCIL","BOARD MEMBER","",""
"REPRESENTATIVE HS","BOARD MEMBER","",""
"REPRESENTATIVE MIDDLE","BOARD MEMBER","",""
"REPRESENTATIVE MS","BOARD MEMBER","",""
"REPRESENTATIVE OF POOR","BOARD MEMBER","",""
"REPRESENTATIVE REGIONAL TN","BOARD MEMBER","regional","regional"
"REPRESENTATIVE TREASURER","BOARD MEMBER","",""
"REPRESENTATIVE UNITED STATES FIRE INSURANCE COMMITTEE","BOARD MEMBER","",""
"RETIREE REPRESENTATIVE","BOARD MEMBER","",""
"RETIREES REPRESENTATIVE","BOARD MEMBER","",""
"RGN REPRESENTATIVE","BOARD MEMBER","",""
"RIDER REPRESENTATIVE","BOARD MEMBER","",""
"RV REPRESENTATIVE","BOARD MEMBER","",""
"SAC REPRESENTATIVE","BOARD MEMBER","",""
"SAFETY REPRESENTATIVE","BOARD MEMBER","",""
"SALES REPRESENTATIVE","BOARD MEMBER","",""
"SCHOOL REPRESENTATIVE","BOARD MEMBER","",""
"SECONDARY REPRESENTATIVE","BOARD MEMBER","",""
"SECRETARY REGIONAL REPRESENTATIVE","BOARD MEMBER","regional","regional"
"SECTION REPRESENTATIVE","BOARD MEMBER","",""
"SECTOR REPRESENTATIVE","BOARD MEMBER","",""
"SENIOR ATHLETE REPRESENTATIVE","BOARD MEMBER","superior","senior"
"SENIOR BUSINESS REPRESENTATIVE","BOARD MEMBER","superior","senior"
"SENIOR CLASS REPRESENTATIVE","BOARD MEMBER","superior","senior"
"SENIOR REPRESENTATIVE","BOARD MEMBER","superior","senior"
"SEPTA REPRESENTATIVE","BOARD MEMBER","",""
"SERGEANT REPRESENTATIVE","BOARD MEMBER","",""
"SF REPRESENTATIVE","BOARD MEMBER","",""
"SITE REPRESENTATIVE","BOARD MEMBER","",""
"SMALL ASSOCIATION REPRESENTATIVE","BOARD MEMBER","",""
"SOFTBALL REPRESENTATIVE","BOARD MEMBER","",""
"STREET REPRESENTATIVE","BOARD MEMBER","",""
"SUBSPECIALTY REPRESENTATIVE","BOARD MEMBER","",""
"SUSTAINER REPRESENTATIVE","BOARD MEMBER","",""
"SWIM TEAM REPRESENTATIVE","BOARD MEMBER","",""
"TECHNOLOGY REPRESENTATIVE","BOARD MEMBER","",""
"TENANT REPRESENTATIVE","BOARD MEMBER","",""
"TOUR REPRESENTATIVE","BOARD MEMBER","",""
"TOWN REPRESENTATIVE","BOARD MEMBER","",""
"TRAP REPRESENTATIVE","BOARD MEMBER","",""
"TRIBE REPRESENTATIVE REGIONAL","BOARD MEMBER","regional","regional"
"U REPRESENTATIVE","BOARD MEMBER","",""
"UMPIRE REPRESENTATIVE","BOARD MEMBER","",""
"UNIT REPRESENTATIVE","BOARD MEMBER","",""
"UNIVERSITY REPRESENTATIVE","BOARD MEMBER","",""
"USA KS REPRESENTATIVE","BOARD MEMBER","",""
"USA REPRESENTATIVE","BOARD MEMBER","",""
"VARSITY REPRESENTATIVE","BOARD MEMBER","",""
"VICE PRESIDENT AND E BOARD AND UNION REPRESENTATIVE","BOARD MEMBER","",""
"YF REPRESENTATIVE","BOARD MEMBER","",""
"YOUNG FARMER REPRESENTATIVE","BOARD MEMBER","",""
